{"build_time":"2026-06-01T16:38:09.412146Z","n_rows":11143,"brier_score":0.000552,"log_loss":0.023202,"positive_rate":0.0,"calibration_by_band":[{"band":"low","count":11143,"avg_pred":0.022921,"realized_rate":0.0}]}