{"build_time":"2026-06-05T14:36:18.588090Z","n_rows":12875,"brier_score":0.000552,"log_loss":0.023217,"positive_rate":0.0,"calibration_by_band":[{"band":"low","count":12875,"avg_pred":0.022936,"realized_rate":0.0}]}