{"build_time":"2026-05-31T22:20:44.636079Z","n_rows":10715,"brier_score":0.000551,"log_loss":0.023186,"positive_rate":0.0,"calibration_by_band":[{"band":"low","count":10715,"avg_pred":0.022905,"realized_rate":0.0}]}