{"build_time":"2026-06-13T01:36:21.943257Z","n_rows":15945,"brier_score":0.000548,"log_loss":0.02316,"positive_rate":0.0,"calibration_by_band":[{"band":"low","count":15945,"avg_pred":0.022882,"realized_rate":0.0}]}