{"build_time":"2026-06-12T16:49:02.131187Z","n_rows":15503,"brier_score":0.000548,"log_loss":0.023174,"positive_rate":0.0,"calibration_by_band":[{"band":"low","count":15503,"avg_pred":0.022895,"realized_rate":0.0}]}