{"build_time":"2026-06-07T05:58:04.226554Z","n_rows":13749,"brier_score":0.000552,"log_loss":0.023227,"positive_rate":0.0,"calibration_by_band":[{"band":"low","count":13749,"avg_pred":0.022946,"realized_rate":0.0}]}