{"build_time":"2026-06-18T17:02:28.727798Z","n_rows":17719,"brier_score":0.000545,"log_loss":0.023117,"positive_rate":0.0,"calibration_by_band":[{"band":"low","count":17719,"avg_pred":0.02284,"realized_rate":0.0}]}