{"build_time":"2026-06-24T15:14:16.642681Z","n_rows":18614,"brier_score":0.000543,"log_loss":0.023085,"positive_rate":0.0,"calibration_by_band":[{"band":"low","count":18614,"avg_pred":0.022809,"realized_rate":0.0}]}