{"build_time":"2026-06-25T16:46:31.945044Z","n_rows":19061,"brier_score":0.000542,"log_loss":0.023071,"positive_rate":0.0,"calibration_by_band":[{"band":"low","count":19061,"avg_pred":0.022796,"realized_rate":0.0}]}