{"build_time":"2026-06-16T20:07:54.770451Z","n_rows":16831,"brier_score":0.000546,"log_loss":0.023134,"positive_rate":0.0,"calibration_by_band":[{"band":"low","count":16831,"avg_pred":0.022856,"realized_rate":0.0}]}