{"build_time":"2026-06-17T17:39:23.777017Z","n_rows":17275,"brier_score":0.000545,"log_loss":0.023125,"positive_rate":0.0,"calibration_by_band":[{"band":"low","count":17275,"avg_pred":0.022848,"realized_rate":0.0}]}