{"build_time":"2026-06-26T16:13:40.177287Z","n_rows":19508,"brier_score":0.000541,"log_loss":0.023052,"positive_rate":0.0,"calibration_by_band":[{"band":"low","count":19508,"avg_pred":0.022777,"realized_rate":0.0}]}