{"build_time":"2026-05-30T21:13:21.332556Z","n_rows":10287,"brier_score":0.000551,"log_loss":0.023168,"positive_rate":0.0,"calibration_by_band":[{"band":"low","count":10287,"avg_pred":0.022888,"realized_rate":0.0}]}