{"build_time":"2026-06-03T17:51:49.761839Z","n_rows":12003,"brier_score":0.000552,"log_loss":0.023211,"positive_rate":0.0,"calibration_by_band":[{"band":"low","count":12003,"avg_pred":0.02293,"realized_rate":0.0}]}