{"build_time":"2026-07-02T04:13:12.905882Z","n_rows":21750,"brier_score":0.000539,"log_loss":0.023022,"positive_rate":0.0,"calibration_by_band":[{"band":"low","count":21750,"avg_pred":0.022748,"realized_rate":0.0}]}