{"build_time":"2026-06-27T15:43:15.749148Z","n_rows":19956,"brier_score":0.00054,"log_loss":0.023037,"positive_rate":0.0,"calibration_by_band":[{"band":"low","count":19956,"avg_pred":0.022762,"realized_rate":0.0}]}