{"build_time":"2026-06-09T16:05:59.476560Z","n_rows":14186,"brier_score":0.000551,"log_loss":0.023214,"positive_rate":0.0,"calibration_by_band":[{"band":"low","count":14186,"avg_pred":0.022933,"realized_rate":0.0}]}