{"build_time":"2026-07-02T00:14:49.208125Z","n_rows":21305,"brier_score":0.00054,"log_loss":0.023027,"positive_rate":0.0,"calibration_by_band":[{"band":"low","count":21305,"avg_pred":0.022752,"realized_rate":0.0}]}