{"build_time":"2026-06-23T18:30:46.665950Z","n_rows":18168,"brier_score":0.000544,"log_loss":0.023101,"positive_rate":0.0,"calibration_by_band":[{"band":"low","count":18168,"avg_pred":0.022824,"realized_rate":0.0}]}