{"build_time":"2026-06-15T00:53:39.560584Z","n_rows":16388,"brier_score":0.000547,"log_loss":0.023147,"positive_rate":0.0,"calibration_by_band":[{"band":"low","count":16388,"avg_pred":0.022869,"realized_rate":0.0}]}