{"build_time":"2026-06-10T23:07:50.578161Z","n_rows":14624,"brier_score":0.00055,"log_loss":0.023204,"positive_rate":0.0,"calibration_by_band":[{"band":"low","count":14624,"avg_pred":0.022924,"realized_rate":0.0}]}