{"build_time":"2026-06-06T22:30:39.989363Z","n_rows":13312,"brier_score":0.000552,"log_loss":0.023224,"positive_rate":0.0,"calibration_by_band":[{"band":"low","count":13312,"avg_pred":0.022943,"realized_rate":0.0}]}