{"build_time":"2026-06-29T04:46:27.084893Z","n_rows":20405,"brier_score":0.000539,"log_loss":0.023018,"positive_rate":0.0,"calibration_by_band":[{"band":"low","count":20405,"avg_pred":0.022743,"realized_rate":0.0}]}