{"build_time":"2026-06-04T16:23:18.666436Z","n_rows":12439,"brier_score":0.000552,"log_loss":0.02322,"positive_rate":0.0,"calibration_by_band":[{"band":"low","count":12439,"avg_pred":0.022939,"realized_rate":0.0}]}