{"build_time":"2026-06-11T06:26:40.138020Z","n_rows":15063,"brier_score":0.000549,"log_loss":0.023192,"positive_rate":0.0,"calibration_by_band":[{"band":"low","count":15063,"avg_pred":0.022912,"realized_rate":0.0}]}