{"build_time":"2026-06-02T19:03:45.644476Z","n_rows":11572,"brier_score":0.000552,"log_loss":0.023204,"positive_rate":0.0,"calibration_by_band":[{"band":"low","count":11572,"avg_pred":0.022924,"realized_rate":0.0}]}