as_of_date,etf_ticker,position_ticker,security_name,cusip,security_type,shares,price,market_value,weight_pct,source,source_url,option_root,option_expiry,option_strike,option_put_call,option_side
2026-04-21,AAOX,AXSBDW0D09MAR,CFD APPLIED OPTOELECTRONICS INC,,SWAP,3410045.0,150.57,513450475.65,166.3,tradr_axs,https://axsetf.filepoint.live/assets/data/BBH_AXS_ETF_PVAL_WEB.20260421.csv,,,,,
2026-04-21,AAOX,USD,CASHUSD,CASHUSD,CASH,229234170.56,,229234170.56,74.24,tradr_axs,https://axsetf.filepoint.live/assets/data/BBH_AXS_ETF_PVAL_WEB.20260421.csv,,,,,
2026-04-21,AAOX,AXSBDW0D09CLS,CFD APPLIED OPTOELECTRONICS INC,,SWAP,691135.0,150.57,104064196.95,33.7,tradr_axs,https://axsetf.filepoint.live/assets/data/BBH_AXS_ETF_PVAL_WEB.20260421.csv,,,,,
2026-04-21,AAOX,,NET OTHER ASSETS,,OTHER,-6151828.25,,-6151828.25,-1.99,tradr_axs,https://axsetf.filepoint.live/assets/data/BBH_AXS_ETF_PVAL_WEB.20260421.csv,,,,,
2026-04-21,AAOX,AXSBDW0D09CLS,CFD APPLIED OPTOELECTRONICS INC,,SWAP,-105287875.68,100.0,-105287875.68,-34.1,tradr_axs,https://axsetf.filepoint.live/assets/data/BBH_AXS_ETF_PVAL_WEB.20260421.csv,,,,,
2026-04-21,AAOX,AXSBDW0D09MAR,CFD APPLIED OPTOELECTRONICS INC,,SWAP,-426551753.62,100.0,-426551753.62,-138.15,tradr_axs,https://axsetf.filepoint.live/assets/data/BBH_AXS_ETF_PVAL_WEB.20260421.csv,,,,,
2026-10-05,AAPB,,US Dollars,,CASH,17411761.748949,1.0,17411761.748949,100.0,granite_shares,https://graniteshares.com/media/fjab4vii/aapb_holdings_file_20261004.xls,,,,,
2026-10-05,AAPB,AAPL,AAPL,AAPL,OTHER,104194.0,333.69,34768495.86,1.9968390000000003,granite_shares,https://graniteshares.com/media/fjab4vii/aapb_holdings_file_20261004.xls,,,,,
2026-10-05,AAPU,,AAPL SWAP ASSET LEG,AAPLGSL,SWAP,428594.0,333.69,143017531.86,88.9937672532,direxion,https://www.direxion.com/holdings/AAPU.csv,,,,,
2026-10-05,AAPU,,AAPL SWAP ASSET LEG,AAPLBCL,SWAP,189880.0,333.69,63361057.2,39.4269087436,direxion,https://www.direxion.com/holdings/AAPU.csv,,,,,
2026-10-05,AAPU,,DREYFUS TRSRY SECURITIES CASH MGMT,X9USDDTP3,CASH,42644277.86,1.0,42644277.86,26.5357322924,direxion,https://www.direxion.com/holdings/AAPU.csv,,,,,
2026-10-05,AAPU,AAPL,APPLE INC,037833100,COMMON_STOCK,117988.0,333.69,39371415.72,24.4991684687,direxion,https://www.direxion.com/holdings/AAPU.csv,,,,,
2026-10-05,AAPU,,DREYFUS GOVT CASH MAN INS,X9USDDGCM,MONEY_MARKET,36022621.43,1.0,36022621.43,22.4153552764,direxion,https://www.direxion.com/holdings/AAPU.csv,,,,,
2026-10-05,AAPU,,AAPL SWAP ASSET LEG,AAPLCTL,SWAP,105346.0,333.69,35152906.74,21.8741685723,direxion,https://www.direxion.com/holdings/AAPU.csv,,,,,
2026-10-05,AAPU,,AAPL SWAP ASSET LEG,AAPLMLL,SWAP,75932.0,333.69,25337749.08,15.7666106737,direxion,https://www.direxion.com/holdings/AAPU.csv,,,,,
2026-10-05,AAPU,,GOLDMAN FINL SQ TRSRY INST 506,X9USDGSFC,OTHER,19841457.8,1.0,19841457.8,12.3465008412,direxion,https://www.direxion.com/holdings/AAPU.csv,,,,,
2026-10-05,AAPU,,GOLDMAN SACHS FIN GOV 465 INSTITUT,X9USDGLDS,OTHER,18816731.48,1.0,18816731.48,11.7088569493,direxion,https://www.direxion.com/holdings/AAPU.csv,,,,,
2026-10-05,AAPU,,AAPL SWAP ASSET LEG,AAPLBPL,SWAP,37451.0,333.69,12497024.19,7.7763701251,direxion,https://www.direxion.com/holdings/AAPU.csv,,,,,
2026-10-05,AAPU,,AAPL SWAP ASSET LEG,AAPLUBL,SWAP,8000.0,333.69,2669520.0,1.6611295026,direxion,https://www.direxion.com/holdings/AAPU.csv,,,,,
2026-10-02,AAPX,,RECV AAPX TRS AAPL EQ,,SWAP,35759.0,,11932420.71,220.41,rex_shares,https://www.rexshares.com/AAPX/,,,,,
2026-10-02,AAPX,,RECV AAPX TRS AAPL EQ,,SWAP,16586.0,,5534582.34,102.23,rex_shares,https://www.rexshares.com/AAPX/,,,,,
2026-10-02,AAPX,,CASH AND CASH EQUIVALENTS,,CASH,4331317.0,,4331316.82,80.01,rex_shares,https://www.rexshares.com/AAPX/,,,,,
2026-10-02,AAPX,,PAYB AAPX TRS AAPL EQ,,SWAP,-5412196.0,,-5412195.63,-99.97,rex_shares,https://www.rexshares.com/AAPX/,,,,,
2026-10-02,AAPX,,PAYB AAPX TRS AAPL EQ,,SWAP,-10972384.0,,-10972383.55,-202.68,rex_shares,https://www.rexshares.com/AAPX/,,,,,
2026-05-01,ABNY,912797RF6,United States Treasury Bill 07/09/2026,912797RF6,TREASURY,5389000.0,99.309521,5351790.09,24.41,yieldmax,https://yieldmaxetfs.com/?fund_csv_ticker=ABNY,,,,,
2026-05-01,ABNY,912797RG4,United States Treasury Bill 08/06/2026,912797RG4,TREASURY,4263000.0,99.035389,4221878.63,19.26,yieldmax,https://yieldmaxetfs.com/?fund_csv_ticker=ABNY,,,,,
2026-05-01,ABNY,912797RS8,United States Treasury Bill 09/03/2026,912797RS8,TREASURY,3469000.0,98.758681,3425938.64,15.63,yieldmax,https://yieldmaxetfs.com/?fund_csv_ticker=ABNY,,,,,
2026-05-01,ABNY,912797TR8,United States Treasury Bill 05/12/2026,912797TR8,TREASURY,3035000.0,99.890894,3031688.63,13.83,yieldmax,https://yieldmaxetfs.com/?fund_csv_ticker=ABNY,,,,,
2026-05-01,ABNY,912797QX8,United States Treasury Bill 06/11/2026,912797QX8,TREASURY,2464000.0,99.590569,2453911.62,11.19,yieldmax,https://yieldmaxetfs.com/?fund_csv_ticker=ABNY,,,,,
2026-05-01,ABNY,2ABNB 260618C00130010,ABNB 06/18/2026 130.01 C,2ABNB 260618C00130010,OPTION_CALL,1566.0,15.2592,2389590.72,10.9,yieldmax,https://yieldmaxetfs.com/?fund_csv_ticker=ABNY,,,,,
2026-05-01,ABNY,FGXXX,First American Government Obligations Fund 12/01/2031,31846V336,COMMON_STOCK,1079881.0,100.0,1079880.52,4.93,yieldmax,https://yieldmaxetfs.com/?fund_csv_ticker=ABNY,,,,,
2026-05-01,ABNY,Cash&Other,Cash & Other,Cash&Other,CASH,681628.0,1.0,681627.74,3.11,yieldmax,https://yieldmaxetfs.com/?fund_csv_ticker=ABNY,,,,,
2026-05-01,ABNY,ABNB  260501C00149000,ABNB US 05/01/26 C149,ABNB  260501C00149000,OPTION_CALL,990.0,0.08,7920.0,0.04,yieldmax,https://yieldmaxetfs.com/?fund_csv_ticker=ABNY,,,,,
2026-05-01,ABNY,ABNB  260501C00148000,ABNB US 05/01/26 C148,ABNB  260501C00148000,OPTION_CALL,576.0,0.13,7488.0,0.03,yieldmax,https://yieldmaxetfs.com/?fund_csv_ticker=ABNY,,,,,
2026-05-01,ABNY,ABNB  260501C00144000,ABNB US 05/01/26 C144,ABNB  260501C00144000,OPTION_CALL,-576.0,0.53,-30528.0,-0.14,yieldmax,https://yieldmaxetfs.com/?fund_csv_ticker=ABNY,,,,,
2026-05-01,ABNY,ABNB  260501C00145000,ABNB US 05/01/26 C145,ABNB  260501C00145000,OPTION_CALL,-990.0,0.34,-33660.0,-0.15,yieldmax,https://yieldmaxetfs.com/?fund_csv_ticker=ABNY,,,,,
2026-05-01,ABNY,2ABNB 260618P00130010,ABNB 06/18/2026 130.01 P,2ABNB 260618P00130010,OPTION_PUT,-1566.0,4.2381,-663686.46,-3.03,yieldmax,https://yieldmaxetfs.com/?fund_csv_ticker=ABNY,,,,,
2026-10-02,AFRU,00827B106-TRS-09/21/27-L,AFFIRM HLDGS INC SWAP CLEARSTREET,,SWAP,69695.0,,4932315.15,200.2,rex_shares,https://www.rexshares.com/AFRU/,,,,,
2026-10-02,AFRU,FGXXX,FIRST AMERICAN GOVERNMENT OBLI FIRST AM GOV OBLIG X,31846V336,COMMON_STOCK,109483.0,,109482.99,4.44,rex_shares,https://www.rexshares.com/AFRU/,,,,,
2026-10-02,AFRU,Cash&Other,Cash & Other,,CASH,-2579621.0,,-2579621.46,-104.71,rex_shares,https://www.rexshares.com/AFRU/,,,,,
2026-10-05,AHD,,US Dollars,,CASH,3873411.721948901,1.0,,,granite_shares,https://graniteshares.com/media/fblg4meu/ahd_holdings_file_20261002.xls,,,,,
2026-10-05,AHD,,Nomura6 AHD,134171677,OTHER,750000.0,,,,granite_shares,https://graniteshares.com/media/fblg4meu/ahd_holdings_file_20261002.xls,,,,,
2026-10-05,AHD,,Nomura7 AHD,134171678,OTHER,750000.0,,,,granite_shares,https://graniteshares.com/media/fblg4meu/ahd_holdings_file_20261002.xls,,,,,
2026-10-05,AHD,,Nomura8 AHD,134171679,OTHER,750000.0,,,,granite_shares,https://graniteshares.com/media/fblg4meu/ahd_holdings_file_20261002.xls,,,,,
2026-10-05,AHD,,Nomura9 AHD,134171680,OTHER,750000.0,,,,granite_shares,https://graniteshares.com/media/fblg4meu/ahd_holdings_file_20261002.xls,,,,,
2026-10-05,AHD,,Nomura10 AHD,134171681,OTHER,750000.0,,,,granite_shares,https://graniteshares.com/media/fblg4meu/ahd_holdings_file_20261002.xls,,,,,
2026-05-12,AIYY,912797RF6,United States Treasury Bill 07/09/2026,912797RF6,TREASURY,21198000.0,99.421607,21075392.25,78.86,yieldmax,https://yieldmaxetfs.com/?fund_csv_ticker=AIYY,,,,,
2026-05-12,AIYY,2AI   260717C00009010,AI 07/17/2026 9.01 C,2AI   260717C00009010,OPTION_CALL,28300.0,1.6126,4563658.0,17.08,yieldmax,https://yieldmaxetfs.com/?fund_csv_ticker=AIYY,,,,,
2026-05-12,AIYY,912797RS8,United States Treasury Bill 09/03/2026,912797RS8,TREASURY,2000000.0,98.866333,1977326.66,7.4,yieldmax,https://yieldmaxetfs.com/?fund_csv_ticker=AIYY,,,,,
2026-05-12,AIYY,Cash&Other,Cash & Other,Cash&Other,CASH,1183707.0,1.0,1183706.89,4.43,yieldmax,https://yieldmaxetfs.com/?fund_csv_ticker=AIYY,,,,,
2026-05-12,AIYY,912797RG4,United States Treasury Bill 08/06/2026,912797RG4,TREASURY,651000.0,99.138806,645393.63,2.42,yieldmax,https://yieldmaxetfs.com/?fund_csv_ticker=AIYY,,,,,
2026-05-12,AIYY,FGXXX,First American Government Obligations Fund 12/01/2031,31846V336,COMMON_STOCK,625681.0,100.0,625680.84,2.34,yieldmax,https://yieldmaxetfs.com/?fund_csv_ticker=AIYY,,,,,
2026-05-12,AIYY,AI    260515C00011000,AI US 05/15/26 C11,AI    260515C00011000,OPTION_CALL,16450.0,0.04,65800.0,0.25,yieldmax,https://yieldmaxetfs.com/?fund_csv_ticker=AIYY,,,,,
2026-05-12,AIYY,AI    260515C00010500,AI US 05/15/26 C10.5,AI    260515C00010500,OPTION_CALL,6500.0,0.08,52000.0,0.19,yieldmax,https://yieldmaxetfs.com/?fund_csv_ticker=AIYY,,,,,
2026-05-12,AIYY,AI    260515C00011500,AI US 05/15/26 C11.5,AI    260515C00011500,OPTION_CALL,5350.0,0.025,13375.0,0.05,yieldmax,https://yieldmaxetfs.com/?fund_csv_ticker=AIYY,,,,,
2026-05-12,AIYY,AI    260515C00010000,AI US 05/15/26 C10,AI    260515C00010000,OPTION_CALL,-28300.0,0.155,-438650.0,-1.64,yieldmax,https://yieldmaxetfs.com/?fund_csv_ticker=AIYY,,,,,
2026-05-12,AIYY,2AI   260717P00009010,AI 07/17/2026 9.01 P,2AI   260717P00009010,OPTION_PUT,-28300.0,1.0776,-3049608.0,-11.41,yieldmax,https://yieldmaxetfs.com/?fund_csv_ticker=AIYY,,,,,
2026-10-05,AMA,038222105-TRS-03/31/33-L-AMA,"Applied Materials, Inc.-swap-nmra-l",038222105-TRS-03/31/33-L-AMA,SWAP,29662.0,,,41.56,defiance,https://www.defianceetfs.com/ama-full-holdings/,,,,,
2026-10-05,AMA,912797UZ8,United States Treasury Bill 11/19/2026,912797UZ8,TREASURY,16100000.0,,,41.56,defiance,https://www.defianceetfs.com/ama-full-holdings/,,,,,
2026-10-05,AMA,038222105-TRS-01/31/33-L-AMA,"Applied Materials, Inc.-swap-nbcb-l",038222105-TRS-01/31/33-L-AMA,SWAP,28724.0,,,40.24,defiance,https://www.defianceetfs.com/ama-full-holdings/,,,,,
2026-10-05,AMA,038222105-TRS-05/01/33-L-AMA,"Applied Materials, Inc.-swap-mrex-l",038222105-TRS-05/01/33-L-AMA,SWAP,28643.0,,,40.13,defiance,https://www.defianceetfs.com/ama-full-holdings/,,,,,
2026-10-05,AMA,038222105-TRS-07/11/28-L-AMA,"Applied Materials, Inc.-swap-clst-l",038222105-TRS-07/11/28-L-AMA,SWAP,28270.0,,,39.61,defiance,https://www.defianceetfs.com/ama-full-holdings/,,,,,
2026-10-05,AMA,038222105-TRS-12/01/28-L-AMA,"Applied Materials, Inc.-swap-cant-l",038222105-TRS-12/01/28-L-AMA,SWAP,27373.0,,,38.35,defiance,https://www.defianceetfs.com/ama-full-holdings/,,,,,
2026-10-05,AMA,FGXXX,First American Government Obligations Fund 12/01/2031,31846V336,COMMON_STOCK,3976637.0,,,10.32,defiance,https://www.defianceetfs.com/ama-full-holdings/,,,,,
2026-10-05,AMA,Cash&Other,Cash & Other,Cash&Other,CASH,-58515742.0,,,-151.81,defiance,https://www.defianceetfs.com/ama-full-holdings/,,,,,
2026-10-05,AMDL,,US Dollars,,CASH,1523479617.956055,1.0,1523479617.956055,100.0,granite_shares,https://graniteshares.com/media/n5deruvi/amdl_holdings_file_20261004.xls,,,,,
2026-10-05,AMDL,AMD,AMD,AMD,OTHER,4813889.0,633.9100000000001,3051572375.9900002,2.003028,granite_shares,https://graniteshares.com/media/n5deruvi/amdl_holdings_file_20261004.xls,,,,,
2026-05-01,AMDY,Cash&Other,Cash & Other,Cash&Other,CASH,98432429.0,1.0,98432428.53,41.44,yieldmax,https://yieldmaxetfs.com/?fund_csv_ticker=AMDY,,,,,
2026-05-01,AMDY,912797RS8,United States Treasury Bill 09/03/2026,912797RS8,TREASURY,36810000.0,98.758681,36353070.48,15.3,yieldmax,https://yieldmaxetfs.com/?fund_csv_ticker=AMDY,,,,,
2026-05-01,AMDY,912797RF6,United States Treasury Bill 07/09/2026,912797RF6,TREASURY,33263000.0,99.309521,33033325.97,13.91,yieldmax,https://yieldmaxetfs.com/?fund_csv_ticker=AMDY,,,,,
2026-05-01,AMDY,912797TR8,United States Treasury Bill 05/12/2026,912797TR8,TREASURY,24192000.0,99.890894,24165605.08,10.17,yieldmax,https://yieldmaxetfs.com/?fund_csv_ticker=AMDY,,,,,
2026-05-01,AMDY,912797RG4,United States Treasury Bill 08/06/2026,912797RG4,TREASURY,19617000.0,99.035389,19427772.26,8.18,yieldmax,https://yieldmaxetfs.com/?fund_csv_ticker=AMDY,,,,,
2026-05-01,AMDY,AMD   260515C00350000,AMD US 05/15/26 C350,AMD   260515C00350000,OPTION_CALL,6710.0,24.275,16288525.0,6.86,yieldmax,https://yieldmaxetfs.com/?fund_csv_ticker=AMDY,,,,,
2026-05-01,AMDY,912797QX8,United States Treasury Bill 06/11/2026,912797QX8,TREASURY,15614000.0,99.590569,15550071.44,6.55,yieldmax,https://yieldmaxetfs.com/?fund_csv_ticker=AMDY,,,,,
2026-05-01,AMDY,FGXXX,First American Government Obligations Fund 12/01/2031,31846V336,COMMON_STOCK,9814637.0,100.0,9814637.28,4.13,yieldmax,https://yieldmaxetfs.com/?fund_csv_ticker=AMDY,,,,,
2026-05-01,AMDY,AMD   260501C00370000,AMD US 05/01/26 C370,AMD   260501C00370000,OPTION_CALL,3435.0,0.73,250755.0,0.11,yieldmax,https://yieldmaxetfs.com/?fund_csv_ticker=AMDY,,,,,
2026-05-01,AMDY,AMD   260508C00372500,ADVANCED CLL OPT 05/26 372.500,AMD   260508C00372500,OPTION_CALL,125.0,11.05,138125.0,0.06,yieldmax,https://yieldmaxetfs.com/?fund_csv_ticker=AMDY,,,,,
2026-05-01,AMDY,AMD   260501C00365000,AMD US 05/01/26 C365,AMD   260501C00365000,OPTION_CALL,1000.0,1.36,136000.0,0.06,yieldmax,https://yieldmaxetfs.com/?fund_csv_ticker=AMDY,,,,,
2026-05-01,AMDY,AMD   260501C00372500,AMD US 05/01/26 C372.5,AMD   260501C00372500,OPTION_CALL,2150.0,0.525,112875.0,0.05,yieldmax,https://yieldmaxetfs.com/?fund_csv_ticker=AMDY,,,,,
2026-05-01,AMDY,AMD   260508C00360000,ADVANCED CLL OPT 05/26 360,AMD   260508C00360000,OPTION_CALL,-125.0,15.525,-194062.5,-0.08,yieldmax,https://yieldmaxetfs.com/?fund_csv_ticker=AMDY,,,,,
2026-05-01,AMDY,AMD   260501C00350000,AMD US 05/01/26 C350,AMD   260501C00350000,OPTION_CALL,-1000.0,7.275,-727500.0,-0.31,yieldmax,https://yieldmaxetfs.com/?fund_csv_ticker=AMDY,,,,,
2026-05-01,AMDY,AMD   260501C00357500,AMD US 05/01/26 C357.5,AMD   260501C00357500,OPTION_CALL,-2150.0,3.4,-731000.0,-0.31,yieldmax,https://yieldmaxetfs.com/?fund_csv_ticker=AMDY,,,,,
2026-05-01,AMDY,AMD   260501C00355000,AMD US 05/01/26 C355,AMD   260501C00355000,OPTION_CALL,-3435.0,4.45,-1528575.0,-0.64,yieldmax,https://yieldmaxetfs.com/?fund_csv_ticker=AMDY,,,,,
2026-05-01,AMDY,2AMD  260515P00350010,AMD 05/15/2026 350.01 P,2AMD  260515P00350010,OPTION_PUT,-6710.0,23.332355,-15656010.21,-6.59,yieldmax,https://yieldmaxetfs.com/?fund_csv_ticker=AMDY,,,,,
2026-10-05,AMKL,031652100-TRS-01/31/33-L-AMKL,"Amkor Technology, Inc.-swap-nbcb-l",031652100-TRS-01/31/33-L-AMKL,SWAP,48123.0,,,35.24,defiance,https://www.defianceetfs.com/amkl-full-holdings/,,,,,
2026-10-05,AMKL,031652100-TRS-03/31/33-L-AMKL,"Amkor Technology, Inc.-swap-nmra-l",031652100-TRS-03/31/33-L-AMKL,SWAP,46665.0,,,34.18,defiance,https://www.defianceetfs.com/amkl-full-holdings/,,,,,
2026-10-05,AMKL,031652100-TRS-05/05/33-L-AMKL,"Amkor Technology, Inc.-swap-mrex-l",031652100-TRS-05/05/33-L-AMKL,SWAP,46518.0,,,34.07,defiance,https://www.defianceetfs.com/amkl-full-holdings/,,,,,
2026-10-05,AMKL,031652100-TRS-06/13/33-L-AMKL,"Amkor Technology, Inc.-swap-jnst-l",031652100-TRS-06/13/33-L-AMKL,SWAP,45648.0,,,33.43,defiance,https://www.defianceetfs.com/amkl-full-holdings/,,,,,
2026-10-05,AMKL,031652100-TRS-07/18/28-L-AMKL,"Amkor Technology, Inc.-swap-clst-l",031652100-TRS-07/18/28-L-AMKL,SWAP,45168.0,,,33.08,defiance,https://www.defianceetfs.com/amkl-full-holdings/,,,,,
2026-10-05,AMKL,031652100-TRS-12/01/28-L-AMKL,"Amkor Technology, Inc.-swap-cant-l",031652100-TRS-12/01/28-L-AMKL,SWAP,40826.0,,,29.9,defiance,https://www.defianceetfs.com/amkl-full-holdings/,,,,,
2026-10-05,AMKL,912797UZ8,United States Treasury Bill 11/19/2026,912797UZ8,TREASURY,2100000.0,,,27.32,defiance,https://www.defianceetfs.com/amkl-full-holdings/,,,,,
2026-10-05,AMKL,FGXXX,First American Government Obligations Fund 12/01/2031,31846V336,COMMON_STOCK,255724.0,,,3.34,defiance,https://www.defianceetfs.com/amkl-full-holdings/,,,,,
2026-10-05,AMKL,Cash&Other,Cash & Other,Cash&Other,CASH,-9992515.0,,,-130.64,defiance,https://www.defianceetfs.com/amkl-full-holdings/,,,,,
2026-10-05,AMPU,03214Q108-TRS-05/06/33-L-AMPU,"Amprius Technologies, Inc.-swap-mrex-l",03214Q108-TRS-05/06/33-L-AMPU,SWAP,137001.0,,,35.63,defiance,https://www.defianceetfs.com/ampu-full-holdings/,,,,,
2026-10-05,AMPU,03214Q108-TRS-06/13/33-L-AMPU,"Amprius Technologies, Inc.-swap-jnst-l",03214Q108-TRS-06/13/33-L-AMPU,SWAP,133386.0,,,34.69,defiance,https://www.defianceetfs.com/ampu-full-holdings/,,,,,
2026-10-05,AMPU,03214Q108-TRS-07/18/28-L-AMPU,"Amprius Technologies, Inc.-swap-clst-l",03214Q108-TRS-07/18/28-L-AMPU,SWAP,127300.0,,,33.1,defiance,https://www.defianceetfs.com/ampu-full-holdings/,,,,,
2026-10-05,AMPU,03214Q108-TRS-03/31/33-L-AMPU,"Amprius Technologies, Inc.-swap-nmra-l",03214Q108-TRS-03/31/33-L-AMPU,SWAP,126907.0,,,33.0,defiance,https://www.defianceetfs.com/ampu-full-holdings/,,,,,
2026-10-05,AMPU,03214Q108-TRS-12/01/28-L-AMPU,"Amprius Technologies, Inc.-swap-cant-l",03214Q108-TRS-12/01/28-L-AMPU,SWAP,125163.0,,,32.55,defiance,https://www.defianceetfs.com/ampu-full-holdings/,,,,,
2026-10-05,AMPU,03214Q108-TRS-01/31/33-L-AMPU,"Amprius Technologies, Inc.-swap-nbcb-l",03214Q108-TRS-01/31/33-L-AMPU,SWAP,118977.0,,,30.94,defiance,https://www.defianceetfs.com/ampu-full-holdings/,,,,,
2026-10-05,AMPU,FGXXX,First American Government Obligations Fund 12/01/2031,31846V336,COMMON_STOCK,399706.0,,,10.75,defiance,https://www.defianceetfs.com/ampu-full-holdings/,,,,,
2026-10-05,AMPU,Cash&Other,Cash & Other,Cash&Other,CASH,-4120140.0,,,-110.8,defiance,https://www.defianceetfs.com/ampu-full-holdings/,,,,,
2026-10-05,AMYY,,US Dollars,,CASH,6161986.330418715,1.0,6161986.330418715,61.289958869684305,granite_shares,https://graniteshares.com/media/kicmde4u/amyy_holdings_file_20261002.xls,,,,,
2026-10-05,AMYY,912797UL9,US TBill 10/22/2026,912797UL9,TREASURY,2000000.0,0.99819965,1996399.3,19.8571084749797,granite_shares,https://graniteshares.com/media/kicmde4u/amyy_holdings_file_20261002.xls,,,,,
2026-10-05,AMYY,912797VV6,US TBill 02/04/2027,912797VV6,TREASURY,2000000.0,0.98630211,1972604.22,19.62043163145906,granite_shares,https://graniteshares.com/media/kicmde4u/amyy_holdings_file_20261002.xls,,,,,
2026-10-05,AMYY,AMDL261009P00076090,2AMDL 10/09/2026 P76.09,2AMDL 10/09/2026 P76.09,OPTION_PUT,520.0,0.92,47840.0,0.4758387109447639,granite_shares,https://graniteshares.com/media/kicmde4u/amyy_holdings_file_20261002.xls,2AMDL,2026-10-09,76.09,P,long
2026-10-05,AMYY,AMDL261007P00071170,2AMDL 10/07/2026 P71.17,2AMDL 10/07/2026 P71.17,OPTION_PUT,640.0,0.126451,8092.8640000000005,0.080495358980169,granite_shares,https://graniteshares.com/media/kicmde4u/amyy_holdings_file_20261002.xls,2AMDL,2026-10-07,71.17,P,long
2026-10-05,AMYY,AMDL261005P00070350,2AMDL 10/05/2026 P70.35,2AMDL 10/05/2026 P70.35,OPTION_PUT,150.0,0.013775,206.625,0.002055187576274286,granite_shares,https://graniteshares.com/media/kicmde4u/amyy_holdings_file_20261002.xls,2AMDL,2026-10-05,70.35,P,long
2026-10-05,AMYY,AMDL261005P00074260,2AMDL 10/05/2026 P74.26,2AMDL 10/05/2026 P74.26,OPTION_PUT,-150.0,0.09814900000000001,-1472.2350000000001,-0.014643528524409791,granite_shares,https://graniteshares.com/media/kicmde4u/amyy_holdings_file_20261002.xls,2AMDL,2026-10-05,74.26,P,short
2026-10-05,AMYY,AMDL261007P00075130,2AMDL 10/07/2026 P75.13,2AMDL 10/07/2026 P75.13,OPTION_PUT,-640.0,0.434848,-27830.272,-0.2768127247851621,granite_shares,https://graniteshares.com/media/kicmde4u/amyy_holdings_file_20261002.xls,2AMDL,2026-10-07,75.13,P,short
2026-10-05,AMYY,AMDL261009P00080310,2AMDL 10/09/2026 P80.31,2AMDL 10/09/2026 P80.31,OPTION_PUT,-520.0,2.0,-104000.0,-1.034431980314704,granite_shares,https://graniteshares.com/media/kicmde4u/amyy_holdings_file_20261002.xls,2AMDL,2026-10-09,80.31,P,short
2026-04-21,AMZO,AXS2000019MAR,CFD AMAZON.COM INC,,SWAP,656554.5,100.0,656554.5,191.03,tradr_axs,https://axsetf.filepoint.live/assets/data/BBH_AXS_ETF_PVAL_WEB.20260421.csv,,,,,
2026-04-21,AMZO,USD,CASHUSD,CASHUSD,CASH,379462.12,,379462.12,110.41,tradr_axs,https://axsetf.filepoint.live/assets/data/BBH_AXS_ETF_PVAL_WEB.20260421.csv,,,,,
2026-04-21,AMZO,,NET OTHER ASSETS,,OTHER,-5067.7,,-5067.7,-1.47,tradr_axs,https://axsetf.filepoint.live/assets/data/BBH_AXS_ETF_PVAL_WEB.20260421.csv,,,,,
2026-04-21,AMZO,AXS2000019MAR,CFD AMAZON.COM INC,,SWAP,-2750.0,249.91,-687252.5,-199.96,tradr_axs,https://axsetf.filepoint.live/assets/data/BBH_AXS_ETF_PVAL_WEB.20260421.csv,,,,,
2026-10-05,AMZU,,AMZN SWAP ASSET LEG,AMZNCTL,SWAP,1294018.0,251.52,325471407.36,94.0624786621,direxion,https://www.direxion.com/holdings/AMZU.csv,,,,,
2026-10-05,AMZU,,AMZN SWAP ASSET LEG,AMZNBCL,SWAP,800000.0,251.52,201216000.0,58.1521918008,direxion,https://www.direxion.com/holdings/AMZU.csv,,,,,
2026-10-05,AMZU,,GOLDMAN FINL SQ TRSRY INST 506,X9USDGSFC,OTHER,116845975.6,1.0,116845975.6,33.7689328097,direxion,https://www.direxion.com/holdings/AMZU.csv,,,,,
2026-10-05,AMZU,,DREYFUS GOVT CASH MAN INS,X9USDDGCM,MONEY_MARKET,79379992.45,1.0,79379992.45,22.9411207165,direxion,https://www.direxion.com/holdings/AMZU.csv,,,,,
2026-10-05,AMZU,,AMZN SWAP ASSET LEG,AMZNGSL,SWAP,300000.0,251.52,75456000.0,21.8070719253,direxion,https://www.direxion.com/holdings/AMZU.csv,,,,,
2026-10-05,AMZU,AMZN,AMAZON.COM INC,023135106,COMMON_STOCK,253236.0,251.52,63693918.72,18.4077855536,direxion,https://www.direxion.com/holdings/AMZU.csv,,,,,
2026-10-05,AMZU,,GOLDMAN SACHS FIN GOV 465 INSTITUT,X9USDGLDS,OTHER,62725349.57,1.0,62725349.57,18.1278653734,direxion,https://www.direxion.com/holdings/AMZU.csv,,,,,
2026-10-05,AMZU,,DREYFUS TRSRY SECURITIES CASH MGMT,X9USDDTP3,CASH,26264360.97,1.0,26264360.97,7.59050054,direxion,https://www.direxion.com/holdings/AMZU.csv,,,,,
2026-10-05,AMZU,,AMZN SWAP ASSET LEG,AMZNMLL,SWAP,104118.0,251.52,26187759.36,7.5683623824,direxion,https://www.direxion.com/holdings/AMZU.csv,,,,,
2026-05-01,AMZY,912797RF6,United States Treasury Bill 07/09/2026,912797RF6,TREASURY,58929000.0,99.309521,58522107.63,23.19,yieldmax,https://yieldmaxetfs.com/?fund_csv_ticker=AMZY,,,,,
2026-05-01,AMZY,912797RG4,United States Treasury Bill 08/06/2026,912797RG4,TREASURY,55703000.0,99.035389,55165682.73,21.86,yieldmax,https://yieldmaxetfs.com/?fund_csv_ticker=AMZY,,,,,
2026-05-01,AMZY,912797RS8,United States Treasury Bill 09/03/2026,912797RS8,TREASURY,54163000.0,98.758681,53490664.39,21.2,yieldmax,https://yieldmaxetfs.com/?fund_csv_ticker=AMZY,,,,,
2026-05-01,AMZY,AMZN  260515C00210000,AMZN US 05/15/26 C210,AMZN  260515C00210000,OPTION_CALL,9475.0,55.95,53012625.0,21.01,yieldmax,https://yieldmaxetfs.com/?fund_csv_ticker=AMZY,,,,,
2026-05-01,AMZY,912797QX8,United States Treasury Bill 06/11/2026,912797QX8,TREASURY,17248000.0,99.590569,17177381.34,6.81,yieldmax,https://yieldmaxetfs.com/?fund_csv_ticker=AMZY,,,,,
2026-05-01,AMZY,912797TR8,United States Treasury Bill 05/12/2026,912797TR8,TREASURY,11156000.0,99.890894,11143828.13,4.42,yieldmax,https://yieldmaxetfs.com/?fund_csv_ticker=AMZY,,,,,
2026-05-01,AMZY,FGXXX,First American Government Obligations Fund 12/01/2031,31846V336,COMMON_STOCK,8684919.0,100.0,8684918.53,3.44,yieldmax,https://yieldmaxetfs.com/?fund_csv_ticker=AMZY,,,,,
2026-05-01,AMZY,AMZN  260501C00272500,AMZN US 05/01/26 C272.5,AMZN  260501C00272500,OPTION_CALL,6475.0,0.41,265475.0,0.11,yieldmax,https://yieldmaxetfs.com/?fund_csv_ticker=AMZY,,,,,
2026-05-01,AMZY,AMZN  260501C00270000,AMZN US 05/01/26 C270,AMZN  260501C00270000,OPTION_CALL,500.0,0.775,38750.0,0.02,yieldmax,https://yieldmaxetfs.com/?fund_csv_ticker=AMZY,,,,,
2026-05-01,AMZY,AMZN  260501C00277500,AMZN US 05/01/26 C277.5,AMZN  260501C00277500,OPTION_CALL,2500.0,0.135,33750.0,0.01,yieldmax,https://yieldmaxetfs.com/?fund_csv_ticker=AMZY,,,,,
2026-05-01,AMZY,2AMZN 260515P00210010,AMZN 05/15/2026 210.01 P,2AMZN 260515P00210010,OPTION_PUT,-9475.0,0.0965,-91433.75,-0.04,yieldmax,https://yieldmaxetfs.com/?fund_csv_ticker=AMZY,,,,,
2026-05-01,AMZY,AMZN  260501C00260000,AMZN US 05/01/26 C260,AMZN  260501C00260000,OPTION_CALL,-500.0,5.9,-295000.0,-0.12,yieldmax,https://yieldmaxetfs.com/?fund_csv_ticker=AMZY,,,,,
2026-05-01,AMZY,AMZN  260501C00267500,AMZN US 05/01/26 C267.5,AMZN  260501C00267500,OPTION_CALL,-4090.0,1.44,-588960.0,-0.23,yieldmax,https://yieldmaxetfs.com/?fund_csv_ticker=AMZY,,,,,
2026-05-01,AMZY,AMZN  260501C00262500,AMZN US 05/01/26 C262.5,AMZN  260501C00262500,OPTION_CALL,-4885.0,4.025,-1966212.5,-0.78,yieldmax,https://yieldmaxetfs.com/?fund_csv_ticker=AMZY,,,,,
2026-05-01,AMZY,Cash&Other,Cash & Other,Cash&Other,CASH,-2242360.0,1.0,-2242359.75,-0.89,yieldmax,https://yieldmaxetfs.com/?fund_csv_ticker=AMZY,,,,,
2026-10-05,AMZZ,,US Dollars,,CASH,45723480.193875,1.0,45723480.193875,100.0,granite_shares,https://graniteshares.com/media/l21bq1ll/amzz_holdings_file_20261004.xls,,,,,
2026-10-05,AMZZ,AMZN,AMZN,AMZN,OTHER,363364.0,251.52,91393313.28,1.998826,granite_shares,https://graniteshares.com/media/l21bq1ll/amzz_holdings_file_20261004.xls,,,,,
2026-10-05,ANEL,912797UZ8,United States Treasury Bill 11/19/2026,912797UZ8,TREASURY,7300000.0,,,42.71,defiance,https://www.defianceetfs.com/anel-full-holdings/,,,,,
2026-10-05,ANEL,040413205-TRS-09/08/28-L-ANEL,Arista Networks Inc Swap Cantor,040413205-TRS-09/08/28-L-ANEL,SWAP,30292.0,,,36.93,defiance,https://www.defianceetfs.com/anel-full-holdings/,,,,,
2026-10-05,ANEL,040413205-TRS-09/15/28-L-ANEL,Arista Networks Inc Swap Marex,040413205-TRS-09/15/28-L-ANEL,SWAP,29492.0,,,35.95,defiance,https://www.defianceetfs.com/anel-full-holdings/,,,,,
2026-10-05,ANEL,040413205-TRS-01/31/33-L-ANEL,"Arista Networks, Inc.-swap-nbcb-l",040413205-TRS-01/31/33-L-ANEL,SWAP,29421.0,,,35.86,defiance,https://www.defianceetfs.com/anel-full-holdings/,,,,,
2026-10-05,ANEL,040413205-TRS-03/31/33-L-ANEL,"Arista Networks, Inc.-swap-nmra-l",040413205-TRS-03/31/33-L-ANEL,SWAP,29087.0,,,35.46,defiance,https://www.defianceetfs.com/anel-full-holdings/,,,,,
2026-10-05,ANEL,040413205-TRS-01/11/28-L-ANEL,Arista Networks Swap Cs,040413205-TRS-01/11/28-L-ANEL,SWAP,28274.0,,,34.47,defiance,https://www.defianceetfs.com/anel-full-holdings/,,,,,
2026-10-05,ANEL,040413205-TRS-01/29/27-L-ANEL,Arista Networks Swap Bmo-l,040413205-TRS-01/29/27-L-ANEL,SWAP,17407.0,,,21.22,defiance,https://www.defianceetfs.com/anel-full-holdings/,,,,,
2026-10-05,ANEL,FGXXX,First American Government Obligations Fund 12/01/2031,31846V336,COMMON_STOCK,1312039.0,,,7.71,defiance,https://www.defianceetfs.com/anel-full-holdings/,,,,,
2026-10-05,ANEL,Cash&Other,Cash & Other,Cash&Other,CASH,-25573750.0,,,-150.35,defiance,https://www.defianceetfs.com/anel-full-holdings/,,,,,
2026-10-05,ANV,,US Dollars,,CASH,7556930.1804648815,1.0,,,granite_shares,https://graniteshares.com/media/whuf3jpf/anv_holdings_file_20261002.xls,,,,,
2026-10-05,ANV,,Nomura1 ANV,134171700,OTHER,1498500.0,,,,granite_shares,https://graniteshares.com/media/whuf3jpf/anv_holdings_file_20261002.xls,,,,,
2026-10-05,ANV,,Nomura2 ANV,134171701,OTHER,1498500.0,,,,granite_shares,https://graniteshares.com/media/whuf3jpf/anv_holdings_file_20261002.xls,,,,,
2026-10-05,ANV,,Nomura3 ANV,134171702,OTHER,1498500.0,,,,granite_shares,https://graniteshares.com/media/whuf3jpf/anv_holdings_file_20261002.xls,,,,,
2026-10-05,ANV,,Nomura4 ANV,134171703,OTHER,1498500.0,,,,granite_shares,https://graniteshares.com/media/whuf3jpf/anv_holdings_file_20261002.xls,,,,,
2026-10-05,ANV,,Nomura10 ANV,118509584,OTHER,1498500.0,,,,granite_shares,https://graniteshares.com/media/whuf3jpf/anv_holdings_file_20261002.xls,,,,,
2026-10-02,APHU,032095101-TRS-02/23/28-L,AMPHENOL CORP SWAP CLEAR STREET,,SWAP,58133.0,,5055245.68,200.07,rex_shares,https://www.rexshares.com/APHU/,,,,,
2026-10-02,APHU,FGXXX,FIRST AMERICAN GOVERNMENT OBLI FIRST AM GOV OBLIG X,31846V336,COMMON_STOCK,245424.0,,245423.87,9.71,rex_shares,https://www.rexshares.com/APHU/,,,,,
2026-10-02,APHU,Cash&Other,Cash & Other,,CASH,-2774754.0,,-2774753.58,-109.81,rex_shares,https://www.rexshares.com/APHU/,,,,,
2026-04-21,APLX,AXSBMCNFN8MAR,CFD APPLIED DIGITAL CORP,,SWAP,4987629.0,31.32,156212540.28,199.79,tradr_axs,https://axsetf.filepoint.live/assets/data/BBH_AXS_ETF_PVAL_WEB.20260421.csv,,,,,
2026-04-21,APLX,USD,CASHUSD,CASHUSD,CASH,47827143.15,,47827143.15,61.17,tradr_axs,https://axsetf.filepoint.live/assets/data/BBH_AXS_ETF_PVAL_WEB.20260421.csv,,,,,
2026-04-21,APLX,AXSBMCNFN8CLS,CFD APPLIED DIGITAL CORP,,SWAP,5352.0,31.32,167624.64,0.21,tradr_axs,https://axsetf.filepoint.live/assets/data/BBH_AXS_ETF_PVAL_WEB.20260421.csv,,,,,
2026-04-21,APLX,AXSBMCNFN8CLS,CFD APPLIED DIGITAL CORP,,SWAP,-74526.6,100.0,-74526.6,-0.1,tradr_axs,https://axsetf.filepoint.live/assets/data/BBH_AXS_ETF_PVAL_WEB.20260421.csv,,,,,
2026-04-21,APLX,,NET OTHER ASSETS,,OTHER,-12919239.0,,-12919239.0,-16.52,tradr_axs,https://axsetf.filepoint.live/assets/data/BBH_AXS_ETF_PVAL_WEB.20260421.csv,,,,,
2026-04-21,APLX,AXSBMCNFN8MAR,CFD APPLIED DIGITAL CORP,,SWAP,-113023256.71,100.0,-113023256.71,-144.55,tradr_axs,https://axsetf.filepoint.live/assets/data/BBH_AXS_ETF_PVAL_WEB.20260421.csv,,,,,
2026-05-01,APLY,912797TR8,United States Treasury Bill 05/12/2026,912797TR8,TREASURY,29199000.0,99.890894,29167142.14,26.68,yieldmax,https://yieldmaxetfs.com/?fund_csv_ticker=APLY,,,,,
2026-05-01,APLY,912797RG4,United States Treasury Bill 08/06/2026,912797RG4,TREASURY,21602000.0,99.035389,21393624.73,19.57,yieldmax,https://yieldmaxetfs.com/?fund_csv_ticker=APLY,,,,,
2026-05-01,APLY,912797RS8,United States Treasury Bill 09/03/2026,912797RS8,TREASURY,21480000.0,98.758681,21213364.68,19.4,yieldmax,https://yieldmaxetfs.com/?fund_csv_ticker=APLY,,,,,
2026-05-01,APLY,912797RF6,United States Treasury Bill 07/09/2026,912797RF6,TREASURY,21005000.0,99.309521,20859964.89,19.08,yieldmax,https://yieldmaxetfs.com/?fund_csv_ticker=APLY,,,,,
2026-05-01,APLY,912797QX8,United States Treasury Bill 06/11/2026,912797QX8,TREASURY,14545000.0,99.590569,14485448.26,13.25,yieldmax,https://yieldmaxetfs.com/?fund_csv_ticker=APLY,,,,,
2026-05-01,APLY,AAPL  260618C00275000,AAPL US 06/18/26 C275,AAPL  260618C00275000,OPTION_CALL,4030.0,9.625,3878875.0,3.55,yieldmax,https://yieldmaxetfs.com/?fund_csv_ticker=APLY,,,,,
2026-05-01,APLY,FGXXX,First American Government Obligations Fund 12/01/2031,31846V336,COMMON_STOCK,2334468.0,100.0,2334467.63,2.14,yieldmax,https://yieldmaxetfs.com/?fund_csv_ticker=APLY,,,,,
2026-05-01,APLY,Cash&Other,Cash & Other,Cash&Other,CASH,1561747.0,1.0,1561746.99,1.43,yieldmax,https://yieldmaxetfs.com/?fund_csv_ticker=APLY,,,,,
2026-05-01,APLY,AAPL  260501C00282500,AAPL US 05/01/26 C282.5,AAPL  260501C00282500,OPTION_CALL,4030.0,1.52,612560.0,0.56,yieldmax,https://yieldmaxetfs.com/?fund_csv_ticker=APLY,,,,,
2026-05-01,APLY,AAPL  260501C00277500,AAPL US 05/01/26 C277.5,AAPL  260501C00277500,OPTION_CALL,-1400.0,2.8,-392000.0,-0.36,yieldmax,https://yieldmaxetfs.com/?fund_csv_ticker=APLY,,,,,
2026-05-01,APLY,AAPL  260501C00275000,AAPL US 05/01/26 C275,AAPL  260501C00275000,OPTION_CALL,-2630.0,3.625,-953375.0,-0.87,yieldmax,https://yieldmaxetfs.com/?fund_csv_ticker=APLY,,,,,
2026-05-01,APLY,2AAPL 260618P00275010,AAPL 06/18/2026 275.01 P,2AAPL 260618P00275010,OPTION_PUT,-4030.0,12.0136,-4841480.8,-4.43,yieldmax,https://yieldmaxetfs.com/?fund_csv_ticker=APLY,,,,,
2026-04-21,APLZ,AXSBMCNFN8MAR,CFD APPLIED DIGITAL CORP,,SWAP,8053263.83,100.0,8053263.83,195.88,tradr_axs,https://axsetf.filepoint.live/assets/data/BBH_AXS_ETF_PVAL_WEB.20260421.csv,,,,,
2026-04-21,APLZ,USD,CASHUSD,CASHUSD,CASH,3556163.25,,3556163.25,86.5,tradr_axs,https://axsetf.filepoint.live/assets/data/BBH_AXS_ETF_PVAL_WEB.20260421.csv,,,,,
2026-04-21,APLZ,,NET OTHER ASSETS,,OTHER,444447.16,,444447.16,10.81,tradr_axs,https://axsetf.filepoint.live/assets/data/BBH_AXS_ETF_PVAL_WEB.20260421.csv,,,,,
2026-04-21,APLZ,AXSBMCNFN8CLS,CFD APPLIED DIGITAL CORP,,SWAP,280127.28,100.0,280127.28,6.81,tradr_axs,https://axsetf.filepoint.live/assets/data/BBH_AXS_ETF_PVAL_WEB.20260421.csv,,,,,
2026-04-21,APLZ,AXSBMCNFN8CLS,CFD APPLIED DIGITAL CORP,,SWAP,-6777.0,31.32,-212255.64,-5.16,tradr_axs,https://axsetf.filepoint.live/assets/data/BBH_AXS_ETF_PVAL_WEB.20260421.csv,,,,,
2026-04-21,APLZ,AXSBMCNFN8MAR,CFD APPLIED DIGITAL CORP,,SWAP,-255760.0,31.32,-8010403.2,-194.84,tradr_axs,https://axsetf.filepoint.live/assets/data/BBH_AXS_ETF_PVAL_WEB.20260421.csv,,,,,
2026-04-21,APPX,AXSBMV3LG4CLS,CFD APPLOVIN CORP-CLASS A,,SWAP,405843.0,473.18,192036790.74,115.5,tradr_axs,https://axsetf.filepoint.live/assets/data/BBH_AXS_ETF_PVAL_WEB.20260421.csv,,,,,
2026-04-21,APPX,USD,CASHUSD,CASHUSD,CASH,123520866.28,,123520866.28,74.29,tradr_axs,https://axsetf.filepoint.live/assets/data/BBH_AXS_ETF_PVAL_WEB.20260421.csv,,,,,
2026-04-21,APPX,AXSBMV3LG4TDS,CFD APPLOVIN CORP-CLASS A,,SWAP,147115.0,473.18,69611875.7,41.87,tradr_axs,https://axsetf.filepoint.live/assets/data/BBH_AXS_ETF_PVAL_WEB.20260421.csv,,,,,
2026-04-21,APPX,AXSBMV3LG4CF,CFD APPLOVIN CORP-CLASS A,,SWAP,113708.0,473.18,53804351.44,32.36,tradr_axs,https://axsetf.filepoint.live/assets/data/BBH_AXS_ETF_PVAL_WEB.20260421.csv,,,,,
2026-04-21,APPX,AXSBMV3LG4MAR,CFD APPLOVIN CORP-CLASS A,,SWAP,36114.0,473.18,17088422.52,10.28,tradr_axs,https://axsetf.filepoint.live/assets/data/BBH_AXS_ETF_PVAL_WEB.20260421.csv,,,,,
2026-04-21,APPX,AXSBMV3LG4MAR,CFD APPLOVIN CORP-CLASS A,,SWAP,-14211549.99,100.0,-14211549.99,-8.55,tradr_axs,https://axsetf.filepoint.live/assets/data/BBH_AXS_ETF_PVAL_WEB.20260421.csv,,,,,
2026-04-21,APPX,,NET OTHER ASSETS,,OTHER,-15159794.43,,-15159794.43,-9.12,tradr_axs,https://axsetf.filepoint.live/assets/data/BBH_AXS_ETF_PVAL_WEB.20260421.csv,,,,,
2026-04-21,APPX,AXSBMV3LG4CF,CFD APPLOVIN CORP-CLASS A,,SWAP,-43698058.42,100.0,-43698058.42,-26.28,tradr_axs,https://axsetf.filepoint.live/assets/data/BBH_AXS_ETF_PVAL_WEB.20260421.csv,,,,,
2026-04-21,APPX,AXSBMV3LG4TDS,CFD APPLOVIN CORP-CLASS A,,SWAP,-55281438.78,100.0,-55281438.78,-33.25,tradr_axs,https://axsetf.filepoint.live/assets/data/BBH_AXS_ETF_PVAL_WEB.20260421.csv,,,,,
2026-04-21,APPX,AXSBMV3LG4CLS,CFD APPLOVIN CORP-CLASS A,,SWAP,-161440521.71,100.0,-161440521.71,-97.09,tradr_axs,https://axsetf.filepoint.live/assets/data/BBH_AXS_ETF_PVAL_WEB.20260421.csv,,,,,
2026-04-21,ARCX,USD,CASHUSD,CASHUSD,CASH,22528209.9,,22528209.9,219.26,tradr_axs,https://axsetf.filepoint.live/assets/data/BBH_AXS_ETF_PVAL_WEB.20260421.csv,,,,,
2026-04-21,ARCX,AXSBMHVDS8CLS,CFD ARCHER AVIATION INC-A,,SWAP,3235835.0,5.94,19220859.9,187.07,tradr_axs,https://axsetf.filepoint.live/assets/data/BBH_AXS_ETF_PVAL_WEB.20260421.csv,,,,,
2026-04-21,ARCX,AXSBMHVDS8MAR,CFD ARCHER AVIATION INC-A,,SWAP,223700.0,5.94,1328778.0,12.93,tradr_axs,https://axsetf.filepoint.live/assets/data/BBH_AXS_ETF_PVAL_WEB.20260421.csv,,,,,
2026-04-21,ARCX,AXSBMHVDS8MAR,CFD ARCHER AVIATION INC-A,,SWAP,-1652011.24,100.0,-1652011.24,-16.08,tradr_axs,https://axsetf.filepoint.live/assets/data/BBH_AXS_ETF_PVAL_WEB.20260421.csv,,,,,
2026-04-21,ARCX,,NET OTHER ASSETS,,OTHER,-9978404.2,,-9978404.2,-97.12,tradr_axs,https://axsetf.filepoint.live/assets/data/BBH_AXS_ETF_PVAL_WEB.20260421.csv,,,,,
2026-04-21,ARCX,AXSBMHVDS8CLS,CFD ARCHER AVIATION INC-A,,SWAP,-21172612.64,100.0,-21172612.64,-206.06,tradr_axs,https://axsetf.filepoint.live/assets/data/BBH_AXS_ETF_PVAL_WEB.20260421.csv,,,,,
2026-10-05,ASTN,Cash&Other,Cash & Other,Cash&Other,CASH,449374.0,,,238.25,defiance,https://www.defianceetfs.com/astn-full-holdings/,,,,,
2026-10-05,ASTN,FGXXX,First American Government Obligations Fund 12/01/2031,31846V336,COMMON_STOCK,115558.0,,,61.27,defiance,https://www.defianceetfs.com/astn-full-holdings/,,,,,
2026-10-05,ASTN,00217D100-TRS-02/06/29-S-ASTN,Ast Spacemobile Swap Marex-s,00217D100-TRS-02/06/29-S-ASTN,SWAP,-800.0,,,-24.79,defiance,https://www.defianceetfs.com/astn-full-holdings/,,,,,
2026-10-05,ASTN,00217D100-TRS-03/31/33-S-ASTN,"Ast Spacemobile, Inc.-swap-nmra-s",00217D100-TRS-03/31/33-S-ASTN,SWAP,-1000.0,,,-30.99,defiance,https://www.defianceetfs.com/astn-full-holdings/,,,,,
2026-10-05,ASTN,00217D100-TRS-03/07/28-S-ASTN,Ast Spacemobile Swap Cs-s,00217D100-TRS-03/07/28-S-ASTN,SWAP,-1366.0,,,-42.33,defiance,https://www.defianceetfs.com/astn-full-holdings/,,,,,
2026-10-05,ASTN,00217D100-TRS-05/31/33-S-ASTN,"Ast Spacemobile, Inc.-swap-jnst-s",00217D100-TRS-05/31/33-S-ASTN,SWAP,-1449.0,,,-44.9,defiance,https://www.defianceetfs.com/astn-full-holdings/,,,,,
2026-10-05,ASTN,00217D100-TRS-09/08/28-S-ASTN,Ast Spacemobile Swap Cf-s,00217D100-TRS-09/08/28-S-ASTN,SWAP,-1835.0,,,-56.87,defiance,https://www.defianceetfs.com/astn-full-holdings/,,,,,
2026-04-21,ASTX,USD,CASHUSD,CASHUSD,CASH,418126276.22,,418126276.22,153.29,tradr_axs,https://axsetf.filepoint.live/assets/data/BBH_AXS_ETF_PVAL_WEB.20260421.csv,,,,,
2026-04-21,ASTX,AXSBNLZ3X8CLS,CFD AST SPACEMOBILE INC,,SWAP,4175841.0,80.01,334109038.41,122.48,tradr_axs,https://axsetf.filepoint.live/assets/data/BBH_AXS_ETF_PVAL_WEB.20260421.csv,,,,,
2026-04-21,ASTX,AXSBNLZ3X8MAR,CFD AST SPACEMOBILE INC,,SWAP,2640754.0,80.01,211286727.54,77.46,tradr_axs,https://axsetf.filepoint.live/assets/data/BBH_AXS_ETF_PVAL_WEB.20260421.csv,,,,,
2026-04-21,ASTX,,NET OTHER ASSETS,,OTHER,-109804491.29,,-109804491.29,-40.25,tradr_axs,https://axsetf.filepoint.live/assets/data/BBH_AXS_ETF_PVAL_WEB.20260421.csv,,,,,
2026-04-21,ASTX,AXSBNLZ3X8MAR,CFD AST SPACEMOBILE INC,,SWAP,-210773875.33,100.0,-210773875.33,-77.27,tradr_axs,https://axsetf.filepoint.live/assets/data/BBH_AXS_ETF_PVAL_WEB.20260421.csv,,,,,
2026-04-21,ASTX,AXSBNLZ3X8CLS,CFD AST SPACEMOBILE INC,,SWAP,-370167782.07,100.0,-370167782.07,-135.7,tradr_axs,https://axsetf.filepoint.live/assets/data/BBH_AXS_ETF_PVAL_WEB.20260421.csv,,,,,
2026-10-05,ASTY,00217D100-TRS-06/13/33-L-ASTY,"Ast Spacemobile, Inc.-swap-jnst-l",00217D100-TRS-06/13/33-L-ASTY,SWAP,51597.0,,,36.85,defiance,https://www.defianceetfs.com/asty-full-holdings/,,,,,
2026-10-05,ASTY,00217D100-TRS-01/31/33-L-ASTY,"Ast Spacemobile, Inc.-swap-nbcb-l",00217D100-TRS-01/31/33-L-ASTY,SWAP,50257.0,,,35.89,defiance,https://www.defianceetfs.com/asty-full-holdings/,,,,,
2026-10-05,ASTY,00217D100-TRS-03/31/33-L-ASTY,"Ast Spacemobile, Inc.-swap-nmra-l",00217D100-TRS-03/31/33-L-ASTY,SWAP,48428.0,,,34.59,defiance,https://www.defianceetfs.com/asty-full-holdings/,,,,,
2026-10-05,ASTY,00217D100-TRS-05/21/33-L-ASTY,"Ast Spacemobile, Inc.-swap-mrex-l",00217D100-TRS-05/21/33-L-ASTY,SWAP,47241.0,,,33.74,defiance,https://www.defianceetfs.com/asty-full-holdings/,,,,,
2026-10-05,ASTY,00217D100-TRS-12/01/28-L-ASTY,"Ast Spacemobile, Inc.-swap-cant-l",00217D100-TRS-12/01/28-L-ASTY,SWAP,44190.0,,,31.56,defiance,https://www.defianceetfs.com/asty-full-holdings/,,,,,
2026-10-05,ASTY,912797UZ8,United States Treasury Bill 11/19/2026,912797UZ8,TREASURY,2400000.0,,,29.18,defiance,https://www.defianceetfs.com/asty-full-holdings/,,,,,
2026-10-05,ASTY,00217D100-TRS-07/18/28-L-ASTY,"Ast Spacemobile, Inc.-swap-clst-l",00217D100-TRS-07/18/28-L-ASTY,SWAP,38206.0,,,27.29,defiance,https://www.defianceetfs.com/asty-full-holdings/,,,,,
2026-10-05,ASTY,FGXXX,First American Government Obligations Fund 12/01/2031,31846V336,COMMON_STOCK,523632.0,,,6.4,defiance,https://www.defianceetfs.com/asty-full-holdings/,,,,,
2026-10-05,ASTY,Cash&Other,Cash & Other,Cash&Other,CASH,-11095968.0,,,-135.58,defiance,https://www.defianceetfs.com/asty-full-holdings/,,,,,
2026-10-05,ATC,,US Dollars,,CASH,1029135.4565790961,1.0,,,granite_shares,https://graniteshares.com/media/d5iimywy/atc_holdings_file_20261002.xls,,,,,
2026-10-05,ATC,,Nomura1 ATC,118907229,OTHER,200000.0,,,,granite_shares,https://graniteshares.com/media/d5iimywy/atc_holdings_file_20261002.xls,,,,,
2026-10-05,ATC,,Nomura2 ATC,118907230,OTHER,200000.0,,,,granite_shares,https://graniteshares.com/media/d5iimywy/atc_holdings_file_20261002.xls,,,,,
2026-10-05,ATC,,Nomura3 ATC,118907231,OTHER,200000.0,,,,granite_shares,https://graniteshares.com/media/d5iimywy/atc_holdings_file_20261002.xls,,,,,
2026-10-05,ATC,,Nomura4 ATC,118907232,OTHER,200000.0,,,,granite_shares,https://graniteshares.com/media/d5iimywy/atc_holdings_file_20261002.xls,,,,,
2026-10-05,ATC,,Nomura5 ATC,118907233,OTHER,200000.0,,,,granite_shares,https://graniteshares.com/media/d5iimywy/atc_holdings_file_20261002.xls,,,,,
2026-10-05,AVGU,,US Dollars,,CASH,40019532.656288,1.0,40019532.656288,100.0,granite_shares,https://graniteshares.com/media/bjphlqs5/avgu_holdings_file_20261004.xls,,,,,
2026-10-05,AVGU,AVGO,AVGO,AVGO,OTHER,225855.0,355.14,80210144.7,2.004274,granite_shares,https://graniteshares.com/media/bjphlqs5/avgu_holdings_file_20261004.xls,,,,,
2026-10-05,AVGX,912797UZ8,United States Treasury Bill 11/19/2026,912797UZ8,TREASURY,168000000.0,,,75.03,defiance,https://www.defianceetfs.com/avgx-full-holdings/,,,,,
2026-10-05,AVGX,11135F101-TRS-10/03/28-L-AVGX,Broadcom Inc Swap Ms,11135F101-TRS-10/03/28-L-AVGX,SWAP,230200.0,,,36.69,defiance,https://www.defianceetfs.com/avgx-full-holdings/,,,,,
2026-10-05,AVGX,11135F101-TRS-03/31/33-L-AVGX,Broadcom Inc Com - Swap - Nm - L,11135F101-TRS-03/31/33-L-AVGX,SWAP,200695.0,,,31.99,defiance,https://www.defianceetfs.com/avgx-full-holdings/,,,,,
2026-10-05,AVGX,11135F101-TRS-01/31/33-L-AVGX,Broadcom Inc Swap Nbc-l,11135F101-TRS-01/31/33-L-AVGX,SWAP,195837.0,,,31.21,defiance,https://www.defianceetfs.com/avgx-full-holdings/,,,,,
2026-10-05,AVGX,11135F101-TRS-09/16/28-L-AVGX,Broadcom Inc Com Swap Marex - L,11135F101-TRS-09/16/28-L-AVGX,SWAP,192111.0,,,30.62,defiance,https://www.defianceetfs.com/avgx-full-holdings/,,,,,
2026-10-05,AVGX,11135F101 TRS 12142027,Broadcom Inc Com Swap Cs - L,11135F101 TRS 12142027,SWAP,187272.0,,,29.85,defiance,https://www.defianceetfs.com/avgx-full-holdings/,,,,,
2026-10-05,AVGX,11135F101 TRS 09082028,Broadcom Inc Com Swap Can - L,11135F101 TRS 09082028,SWAP,169651.0,,,27.04,defiance,https://www.defianceetfs.com/avgx-full-holdings/,,,,,
2026-10-05,AVGX,11135F101-TRS-04/30/27-L-AVGX,Broadcom Inc Swap Bmo,11135F101-TRS-04/30/27-L-AVGX,SWAP,78436.0,,,12.5,defiance,https://www.defianceetfs.com/avgx-full-holdings/,,,,,
2026-10-05,AVGX,FGXXX,First American Government Obligations Fund 12/01/2031,31846V336,COMMON_STOCK,14770631.0,,,6.63,defiance,https://www.defianceetfs.com/avgx-full-holdings/,,,,,
2026-10-05,AVGX,Cash&Other,Cash & Other,Cash&Other,CASH,-404639012.0,,,-181.6,defiance,https://www.defianceetfs.com/avgx-full-holdings/,,,,,
2026-10-05,AVXX,912797UZ8,United States Treasury Bill 11/19/2026,912797UZ8,TREASURY,6700000.0,,,59.59,defiance,https://www.defianceetfs.com/avxx-full-holdings/,,,,,
2026-10-05,AVXX,008073108-TRS-01/31/33-L-AVXX,"Aerovironment, Inc.-swap-nbcb-l",008073108-TRS-01/31/33-L-AVXX,SWAP,34027.0,,,42.83,defiance,https://www.defianceetfs.com/avxx-full-holdings/,,,,,
2026-10-05,AVXX,008073108-TRS-03/31/33-L-AVXX,Aerovironment Swap Nomura-l,008073108-TRS-03/31/33-L-AVXX,SWAP,31194.0,,,39.26,defiance,https://www.defianceetfs.com/avxx-full-holdings/,,,,,
2026-10-05,AVXX,008073108-TRS-10/30/28-L-AVXX,Aerovironment Inc Swap Marex,008073108-TRS-10/30/28-L-AVXX,SWAP,27750.0,,,34.93,defiance,https://www.defianceetfs.com/avxx-full-holdings/,,,,,
2026-10-05,AVXX,008073108-TRS-12/07/27-L-AVXX,Aerovironment Inc Swap Cs,008073108-TRS-12/07/27-L-AVXX,SWAP,22738.0,,,28.62,defiance,https://www.defianceetfs.com/avxx-full-holdings/,,,,,
2026-10-05,AVXX,008073108-TRS-11/01/28-L-AVXX,Aerovironment Inc Com Swap Can,008073108-TRS-11/01/28-L-AVXX,SWAP,21825.0,,,27.47,defiance,https://www.defianceetfs.com/avxx-full-holdings/,,,,,
2026-10-05,AVXX,008073108-TRS-03/17/33-L-AVXX,Aerovironment Inc Swap Jnst-l,008073108-TRS-03/17/33-L-AVXX,SWAP,21292.0,,,26.8,defiance,https://www.defianceetfs.com/avxx-full-holdings/,,,,,
2026-10-05,AVXX,FGXXX,First American Government Obligations Fund 12/01/2031,31846V336,COMMON_STOCK,343714.0,,,3.07,defiance,https://www.defianceetfs.com/avxx-full-holdings/,,,,,
2026-10-05,AVXX,Cash&Other,Cash & Other,Cash&Other,CASH,-18197033.0,,,-162.65,defiance,https://www.defianceetfs.com/avxx-full-holdings/,,,,,
2026-10-05,AZYY,912797VV6,US TBill 02/04/2027,912797VV6,TREASURY,900000.0,0.9863021100000001,887671.8990000001,38.69731069831685,granite_shares,https://graniteshares.com/media/nzoomauz/azyy_holdings_file_20261002.xls,,,,,
2026-10-05,AZYY,912797UL9,US TBill 10/22/2026,912797UL9,TREASURY,800000.0,0.99819965,798559.72,34.812540118498106,granite_shares,https://graniteshares.com/media/nzoomauz/azyy_holdings_file_20261002.xls,,,,,
2026-10-05,AZYY,,US Dollars,,CASH,617581.6605876272,1.0,617581.6605876272,26.92295365918964,granite_shares,https://graniteshares.com/media/nzoomauz/azyy_holdings_file_20261002.xls,,,,,
2026-10-05,AZYY,AMZZ261007P00028770,2AMZZ 10/07/2026 P28.77,2AMZZ 10/07/2026 P28.77,OPTION_PUT,610.0,0.019016,1159.976,0.050568179217072164,granite_shares,https://graniteshares.com/media/nzoomauz/azyy_holdings_file_20261002.xls,2AMZZ,2026-10-07,28.77,P,long
2026-10-05,AZYY,AMZZ261009P00029140,2AMZZ 10/09/2026 P29.14,2AMZZ 10/09/2026 P29.14,OPTION_PUT,140.0,0.06,840.0,0.03661909431086558,granite_shares,https://graniteshares.com/media/nzoomauz/azyy_holdings_file_20261002.xls,2AMZZ,2026-10-09,29.14,P,long
2026-10-05,AZYY,AMZZ261009P00030760,2AMZZ 10/09/2026 P30.76,2AMZZ 10/09/2026 P30.76,OPTION_PUT,-140.0,0.27,-3780.0000000000005,-0.16478592439889514,granite_shares,https://graniteshares.com/media/nzoomauz/azyy_holdings_file_20261002.xls,2AMZZ,2026-10-09,30.76,P,short
2026-10-05,AZYY,AMZZ261007P00030370,2AMZZ 10/07/2026 P30.37,2AMZZ 10/07/2026 P30.37,OPTION_PUT,-610.0,0.13357400000000003,-8148.014000000001,-0.3552058251336347,granite_shares,https://graniteshares.com/media/nzoomauz/azyy_holdings_file_20261002.xls,2AMZZ,2026-10-07,30.37,P,short
2026-05-01,BABO,912797RG4,United States Treasury Bill 08/06/2026,912797RG4,TREASURY,10184000.0,99.035389,10085764.02,56.28,yieldmax,https://yieldmaxetfs.com/?fund_csv_ticker=BABO,,,,,
2026-05-01,BABO,912797RS8,United States Treasury Bill 09/03/2026,912797RS8,TREASURY,4452000.0,98.758681,4396736.48,24.53,yieldmax,https://yieldmaxetfs.com/?fund_csv_ticker=BABO,,,,,
2026-05-01,BABO,912797RF6,United States Treasury Bill 07/09/2026,912797RF6,TREASURY,3768000.0,99.309521,3741982.75,20.88,yieldmax,https://yieldmaxetfs.com/?fund_csv_ticker=BABO,,,,,
2026-05-01,BABO,FGXXX,First American Government Obligations Fund 12/01/2031,31846V336,COMMON_STOCK,1265614.0,100.0,1265613.72,7.06,yieldmax,https://yieldmaxetfs.com/?fund_csv_ticker=BABO,,,,,
2026-05-01,BABO,Cash&Other,Cash & Other,Cash&Other,CASH,258463.0,1.0,258463.26,1.44,yieldmax,https://yieldmaxetfs.com/?fund_csv_ticker=BABO,,,,,
2026-05-01,BABO,BABA  260515C00145000,BABA US 05/15/26 C145,BABA  260515C00145000,OPTION_CALL,1370.0,1.65,226050.0,1.26,yieldmax,https://yieldmaxetfs.com/?fund_csv_ticker=BABO,,,,,
2026-05-01,BABO,BABA  260508C00136000,ALIBABA  CLL OPT 05/26 136,BABA  260508C00136000,OPTION_CALL,300.0,1.505,45150.0,0.25,yieldmax,https://yieldmaxetfs.com/?fund_csv_ticker=BABO,,,,,
2026-05-01,BABO,BABA  260501C00137000,BABA US 05/01/26 C137,BABA  260501C00137000,OPTION_CALL,400.0,0.065,2600.0,0.01,yieldmax,https://yieldmaxetfs.com/?fund_csv_ticker=BABO,,,,,
2026-05-01,BABO,BABA  260501C00138000,BABA US 05/01/26 C138,BABA  260501C00138000,OPTION_CALL,320.0,0.035,1120.0,0.01,yieldmax,https://yieldmaxetfs.com/?fund_csv_ticker=BABO,,,,,
2026-05-01,BABO,BABA  260501C00139000,BABA US 05/01/26 C139,BABA  260501C00139000,OPTION_CALL,350.0,0.035,1225.0,0.01,yieldmax,https://yieldmaxetfs.com/?fund_csv_ticker=BABO,,,,,
2026-05-01,BABO,BABA  260501C00135000,BABA US 05/01/26 C135,BABA  260501C00135000,OPTION_CALL,-350.0,0.225,-7875.0,-0.04,yieldmax,https://yieldmaxetfs.com/?fund_csv_ticker=BABO,,,,,
2026-05-01,BABO,BABA  260501C00134000,BABA US 05/01/26 C134,BABA  260501C00134000,OPTION_CALL,-320.0,0.375,-12000.0,-0.07,yieldmax,https://yieldmaxetfs.com/?fund_csv_ticker=BABO,,,,,
2026-05-01,BABO,BABA  260501C00133000,BABA US 05/01/26 C133,BABA  260501C00133000,OPTION_CALL,-400.0,0.635,-25400.0,-0.14,yieldmax,https://yieldmaxetfs.com/?fund_csv_ticker=BABO,,,,,
2026-05-01,BABO,BABA  260508C00132000,ALIBABA  CLL OPT 05/26 132,BABA  260508C00132000,OPTION_CALL,-300.0,3.035,-91050.0,-0.51,yieldmax,https://yieldmaxetfs.com/?fund_csv_ticker=BABO,,,,,
2026-05-01,BABO,2BABA 260515P00145010,BABA 05/15/2026 145.01 P,2BABA 260515P00145010,OPTION_PUT,-1370.0,14.4673,-1982020.1,-11.06,yieldmax,https://yieldmaxetfs.com/?fund_csv_ticker=BABO,,,,,
2026-10-05,BABU,,BABA SWAP ASSET LEG,BABAMLL,SWAP,74558.0,105.85,7891964.3,116.8718318355,direxion,https://www.direxion.com/holdings/BABU.csv,,,,,
2026-10-05,BABU,,GOLDMAN FINL SQ TRSRY INST 506,X9USDGSFC,OTHER,4865856.84,1.0,4865856.84,72.0583090246,direxion,https://www.direxion.com/holdings/BABU.csv,,,,,
2026-10-05,BABU,,BABA SWAP ASSET LEG,BABACTL,SWAP,26045.0,105.85,2756863.25,40.8262944306,direxion,https://www.direxion.com/holdings/BABU.csv,,,,,
2026-10-05,BABU,,BABA SWAP ASSET LEG,BABABCL,SWAP,12695.0,105.85,1343765.75,19.8997814474,direxion,https://www.direxion.com/holdings/BABU.csv,,,,,
2026-10-05,BABU,BABA,ALIBABA GROUP HOLDING-SP ADR,01609W102,ADR,12532.0,105.85,1326512.2,19.6442742102,direxion,https://www.direxion.com/holdings/BABU.csv,,,,,
2026-10-05,BABU,,DREYFUS GOVT CASH MAN INS,X9USDDGCM,MONEY_MARKET,802209.12,1.0,802209.12,11.8798876687,direxion,https://www.direxion.com/holdings/BABU.csv,,,,,
2026-10-05,BABU,,GOLDMAN SACHS FIN GOV 465 INSTITUT,X9USDGLDS,OTHER,371115.0,1.0,371115.0,5.4958294568,direxion,https://www.direxion.com/holdings/BABU.csv,,,,,
2026-10-05,BABU,,BABA SWAP ASSET LEG,BABAGSL,SWAP,1759.0,105.85,186190.15,2.7572836208,direxion,https://www.direxion.com/holdings/BABU.csv,,,,,
2026-10-05,BABU,,DREYFUS TRSRY SECURITIES CASH MGMT,X9USDDTP3,CASH,75869.67,1.0,75869.67,1.1235513716,direxion,https://www.direxion.com/holdings/BABU.csv,,,,,
2026-10-05,BABX,,US Dollars,,CASH,106705684.897899,1.0,106705684.897899,100.0,granite_shares,https://graniteshares.com/media/ftqjf3lh/babx_holdings_file_20261004.xls,,,,,
2026-10-05,BABX,BABA,BABA,BABA,OTHER,2016453.0,105.85000000000001,213441550.05,2.000282,granite_shares,https://graniteshares.com/media/ftqjf3lh/babx_holdings_file_20261004.xls,,,,,
2026-10-05,BBUL,,US Dollars,,CASH,1615114.702933,1.0,1615114.702933,100.0,granite_shares,https://graniteshares.com/media/tenmetkk/bbul_holdings_file_20261004.xls,,,,,
2026-10-05,BBUL,BB,BB,BB,OTHER,347160.0,9.3,3228588.0,1.9989830000000002,granite_shares,https://graniteshares.com/media/tenmetkk/bbul_holdings_file_20261004.xls,,,,,
2026-10-05,BBYY,,US Dollars,,CASH,214214.91376936872,1.0,214214.91376936872,35.49279797731949,granite_shares,https://graniteshares.com/media/vgjbzwmn/bbyy_holdings_file_20261002.xls,,,,,
2026-10-05,BBYY,912797UL9,US TBill 10/22/2026,912797UL9,TREASURY,200000.0,0.99819965,199639.93,33.077900968767295,granite_shares,https://graniteshares.com/media/vgjbzwmn/bbyy_holdings_file_20261002.xls,,,,,
2026-10-05,BBYY,912797VV6,US TBill 02/04/2027,912797VV6,TREASURY,200000.0,0.9863021000000001,197260.42,32.68364518970451,granite_shares,https://graniteshares.com/media/vgjbzwmn/bbyy_holdings_file_20261002.xls,,,,,
2026-10-05,BBYY,BABX261007P00014640,2BABX 10/07/2026 P14.64,2BABX 10/07/2026 P14.64,OPTION_PUT,190.0,0.11060999999999999,2101.5899999999997,0.34820782544329515,granite_shares,https://graniteshares.com/media/vgjbzwmn/bbyy_holdings_file_20261002.xls,2BABX,2026-10-07,14.64,P,long
2026-10-05,BBYY,BABX261009P00014140,2BABX 10/09/2026 P14.14,2BABX 10/09/2026 P14.14,OPTION_PUT,210.0,0.06,1260.0,0.20876662910394123,granite_shares,https://graniteshares.com/media/vgjbzwmn/bbyy_holdings_file_20261002.xls,2BABX,2026-10-09,14.14,P,long
2026-10-05,BBYY,BABX261009P00014920,2BABX 10/09/2026 P14.92,2BABX 10/09/2026 P14.92,OPTION_PUT,-210.0,0.2,-4200.0,-0.6958887636798041,granite_shares,https://graniteshares.com/media/vgjbzwmn/bbyy_holdings_file_20261002.xls,2BABX,2026-10-09,14.92,P,short
2026-10-05,BBYY,BABX261007P00015450,2BABX 10/07/2026 P15.45,2BABX 10/07/2026 P15.45,OPTION_PUT,-190.0,0.35432199999999997,-6732.1179999999995,-1.1154298266587037,granite_shares,https://graniteshares.com/media/vgjbzwmn/bbyy_holdings_file_20261002.xls,2BABX,2026-10-07,15.45,P,short
2026-04-21,BEX,AXSBDD1BB8CLS,CFD BLOOM ENERGY CORP- A,,SWAP,516470.0,220.91,114093387.7,200.0,tradr_axs,https://axsetf.filepoint.live/assets/data/BBH_AXS_ETF_PVAL_WEB.20260421.csv,,,,,
2026-04-21,BEX,USD,CASHUSD,CASHUSD,CASH,8937740.85,,8937740.85,15.67,tradr_axs,https://axsetf.filepoint.live/assets/data/BBH_AXS_ETF_PVAL_WEB.20260421.csv,,,,,
2026-04-21,BEX,,NET OTHER ASSETS,,OTHER,-12138465.47,,-12138465.47,-21.28,tradr_axs,https://axsetf.filepoint.live/assets/data/BBH_AXS_ETF_PVAL_WEB.20260421.csv,,,,,
2026-04-21,BEX,AXSBDD1BB8CLS,CFD BLOOM ENERGY CORP- A,,SWAP,-53845955.63,100.0,-53845955.63,-94.39,tradr_axs,https://axsetf.filepoint.live/assets/data/BBH_AXS_ETF_PVAL_WEB.20260421.csv,,,,,
2026-04-21,BEZ,AXSBDD1BB8MAR,CFD BLOOM ENERGY CORP- A,,SWAP,17965999.56,100.0,17965999.56,180.97,tradr_axs,https://axsetf.filepoint.live/assets/data/BBH_AXS_ETF_PVAL_WEB.20260421.csv,,,,,
2026-04-21,BEZ,USD,CASHUSD,CASHUSD,CASH,12569276.71,,12569276.71,126.61,tradr_axs,https://axsetf.filepoint.live/assets/data/BBH_AXS_ETF_PVAL_WEB.20260421.csv,,,,,
2026-04-21,BEZ,AXSBDD1BB8CLS,CFD BLOOM ENERGY CORP- A,,SWAP,547703.81,100.0,547703.81,5.52,tradr_axs,https://axsetf.filepoint.live/assets/data/BBH_AXS_ETF_PVAL_WEB.20260421.csv,,,,,
2026-04-21,BEZ,AXSBDD1BB8CLS,CFD BLOOM ENERGY CORP- A,,SWAP,-3411.0,220.91,-753524.01,-7.59,tradr_axs,https://axsetf.filepoint.live/assets/data/BBH_AXS_ETF_PVAL_WEB.20260421.csv,,,,,
2026-04-21,BEZ,,NET OTHER ASSETS,,OTHER,-1300172.23,,-1300172.23,-13.1,tradr_axs,https://axsetf.filepoint.live/assets/data/BBH_AXS_ETF_PVAL_WEB.20260421.csv,,,,,
2026-04-21,BEZ,AXSBDD1BB8MAR,CFD BLOOM ENERGY CORP- A,,SWAP,-86468.0,220.91,-19101645.88,-192.41,tradr_axs,https://axsetf.filepoint.live/assets/data/BBH_AXS_ETF_PVAL_WEB.20260421.csv,,,,,
2026-10-05,BIOY,,US Dollars,,CASH,737961.3072975889,1.0,737961.3072975889,60.832765377202,granite_shares,https://graniteshares.com/media/akupkbef/bioy_holdings_file_20261002.xls,,,,,
2026-10-05,BIOY,912797UL9,US TBill 10/22/2026,912797UL9,TREASURY,400000.0,0.99819965,399279.86,32.914053627241465,granite_shares,https://graniteshares.com/media/akupkbef/bioy_holdings_file_20261002.xls,,,,,
2026-10-05,BIOY,912797VV6,US TBill 02/04/2027,912797VV6,TREASURY,100000.0,0.9863021000000001,98630.21,8.130437686504118,granite_shares,https://graniteshares.com/media/akupkbef/bioy_holdings_file_20261002.xls,,,,,
2026-10-05,BIOY,LABU261005P00234000,2LABU 10/05/2026 P234.00,2LABU 10/05/2026 P234.00,OPTION_PUT,30.0,2.52355,7570.650000000001,0.6240755045673368,granite_shares,https://graniteshares.com/media/akupkbef/bioy_holdings_file_20261002.xls,2LABU,2026-10-05,234.0,P,long
2026-10-05,BIOY,LABU261007P00239210,2LABU 10/07/2026 P239.21,2LABU 10/07/2026 P239.21,OPTION_PUT,10.0,5.99003,5990.03,0.49377939736000004,granite_shares,https://graniteshares.com/media/akupkbef/bioy_holdings_file_20261002.xls,2LABU,2026-10-07,239.21,P,long
2026-10-05,BIOY,LABU261009P00223850,2LABU 10/09/2026 P223.85,2LABU 10/09/2026 P223.85,OPTION_PUT,10.0,3.31,3310.0,0.2728550283156512,granite_shares,https://graniteshares.com/media/akupkbef/bioy_holdings_file_20261002.xls,2LABU,2026-10-09,223.85,P,long
2026-10-05,BIOY,LABU261009P00236280,2LABU 10/09/2026 P236.28,2LABU 10/09/2026 P236.28,OPTION_PUT,-10.0,6.72,-6720.0,-0.5539534109610804,granite_shares,https://graniteshares.com/media/akupkbef/bioy_holdings_file_20261002.xls,2LABU,2026-10-09,236.28,P,short
2026-10-05,BIOY,LABU261007P00252500,2LABU 10/07/2026 P252.50,2LABU 10/07/2026 P252.50,OPTION_PUT,-10.0,12.124600000000001,-12124.6,-0.9994737390682613,granite_shares,https://graniteshares.com/media/akupkbef/bioy_holdings_file_20261002.xls,2LABU,2026-10-07,252.5,P,short
2026-10-05,BIOY,LABU261005P00247000,2LABU 10/05/2026 P247.00,2LABU 10/05/2026 P247.00,OPTION_PUT,-30.0,6.9330169999999995,-20799.051,-1.714539471161231,granite_shares,https://graniteshares.com/media/akupkbef/bioy_holdings_file_20261002.xls,2LABU,2026-10-05,247.0,P,short
2026-10-02,BMNU,09175A206-TRS-04/26/28-L,BITMINE IMMERSION TECHNOLOGIES SWAP CS,,SWAP,16736846.0,,439676944.42,91.73,rex_shares,https://www.rexshares.com/BMNU/,,,,,
2026-10-02,BMNU,09175A206-TRS-12/01/28-L,BITMINE IMMERSION TECHNOLOGIES SWAP CANTOR,,SWAP,8296228.0,,217941909.56,45.47,rex_shares,https://www.rexshares.com/BMNU/,,,,,
2026-10-02,BMNU,09175A206-TRS-08/24/29-L,"BITMINE IMMERSION TECHNOLOGIES, INC.-SWAP-RIPL-L",,SWAP,4575042.0,,120186353.34,25.07,rex_shares,https://www.rexshares.com/BMNU/,,,,,
2026-10-02,BMNU,09175A206-TRS-10/30/26-L,BITMINE IMMERSION TECHNOLOGIES SWAP MAREX,,SWAP,4089223.0,,107423888.21,22.41,rex_shares,https://www.rexshares.com/BMNU/,,,,,
2026-10-02,BMNU,09175A206-TRS-04/30/27-L,BITMINE IMMERSION TECH SWAP CLEAR NATIXIS,,SWAP,2701262.0,,70962152.74,14.8,rex_shares,https://www.rexshares.com/BMNU/,,,,,
2026-10-02,BMNU,FGXXX,FIRST AMERICAN GOVERNMENT OBLI FIRST AM GOV OBLIG X,31846V336,COMMON_STOCK,44508763.0,,44508762.61,9.29,rex_shares,https://www.rexshares.com/BMNU/,,,,,
2026-10-02,BMNU,09175A206-TRS-03/02/27-L,BITMINE IMMERSION TECNOLOGIES SWAP JS,,SWAP,61770.0,,1622697.9,0.34,rex_shares,https://www.rexshares.com/BMNU/,,,,,
2026-10-02,BMNU,Cash&Other,Cash & Other,,CASH,-523309371.0,,-523309370.85,-109.18,rex_shares,https://www.rexshares.com/BMNU/,,,,,
2026-10-05,BMNZ,Cash&Other,Cash & Other,Cash&Other,CASH,25733614.0,,,246.74,defiance,https://www.defianceetfs.com/bmnz-full-holdings/,,,,,
2026-10-05,BMNZ,912797UZ8,United States Treasury Bill 11/19/2026,912797UZ8,TREASURY,5500000.0,,,52.48,defiance,https://www.defianceetfs.com/bmnz-full-holdings/,,,,,
2026-10-05,BMNZ,FGXXX,First American Government Obligations Fund 12/01/2031,31846V336,COMMON_STOCK,67316.0,,,0.65,defiance,https://www.defianceetfs.com/bmnz-full-holdings/,,,,,
2026-10-05,BMNZ,09175A206-TRS-01/11/28-S-BMNZ,Bitmine Immersion Tecnologies Swap Cs,09175A206-TRS-01/11/28-S-BMNZ,SWAP,-147933.0,,,-37.26,defiance,https://www.defianceetfs.com/bmnz-full-holdings/,,,,,
2026-10-05,BMNZ,09175A206-TRS-11/01/28-S-BMNZ,Bitmine Immersion Tecnologies Swap Cantor-s,09175A206-TRS-11/01/28-S-BMNZ,SWAP,-151062.0,,,-38.05,defiance,https://www.defianceetfs.com/bmnz-full-holdings/,,,,,
2026-10-05,BMNZ,09175A206-TRS-03/31/33-S-BMNZ,"Bitmine Immersion Technologies, Inc.-swap-nmra-s",09175A206-TRS-03/31/33-S-BMNZ,SWAP,-153032.0,,,-38.55,defiance,https://www.defianceetfs.com/bmnz-full-holdings/,,,,,
2026-10-05,BMNZ,09175A206-TRS-03/17/33-S-BMNZ,Bitmine Immersion Tech Swap Jnst-s,09175A206-TRS-03/17/33-S-BMNZ,SWAP,-167818.0,,,-42.27,defiance,https://www.defianceetfs.com/bmnz-full-holdings/,,,,,
2026-10-05,BMNZ,09175A206-TRS-11/13/28-S-BMNZ,Bitmine Immersion Tecnologies Swap Marex,09175A206-TRS-11/13/28-S-BMNZ,SWAP,-173828.0,,,-43.78,defiance,https://www.defianceetfs.com/bmnz-full-holdings/,,,,,
2026-10-05,BOEU,,BA SWAP ASSET LEG,BAGSL,SWAP,111515.0,193.56,21584843.4,87.2089390592,direxion,https://www.direxion.com/holdings/BOEU.csv,,,,,
2026-10-05,BOEU,,BA SWAP ASSET LEG,BABCL,SWAP,83082.0,193.56,16081351.92,64.9732598746,direxion,https://www.direxion.com/holdings/BOEU.csv,,,,,
2026-10-05,BOEU,,DREYFUS TRSRY SECURITIES CASH MGMT,X9USDDTP3,CASH,10905174.91,1.0,10905174.91,44.0600247374,direxion,https://www.direxion.com/holdings/BOEU.csv,,,,,
2026-10-05,BOEU,,BA SWAP ASSET LEG,BACTL,SWAP,36305.0,193.56,7027195.8,28.391880308,direxion,https://www.direxion.com/holdings/BOEU.csv,,,,,
2026-10-05,BOEU,,GOLDMAN SACHS FIN GOV 465 INSTITUT,X9USDGLDS,OTHER,5900847.33,1.0,5900847.33,23.841110434,direxion,https://www.direxion.com/holdings/BOEU.csv,,,,,
2026-10-05,BOEU,BA,BOEING CO/THE,097023105,COMMON_STOCK,24833.0,193.56,4806675.48,19.420343305,direxion,https://www.direxion.com/holdings/BOEU.csv,,,,,
2026-10-05,BOEU,,DREYFUS GOVT CASH MAN INS,X9USDDGCM,MONEY_MARKET,4101119.57,1.0,4101119.57,16.56969569,direxion,https://www.direxion.com/holdings/BOEU.csv,,,,,
2026-10-05,BOEU,,GOLDMAN FINL SQ TRSRY INST 506,X9USDGSFC,OTHER,3245397.07,1.0,3245397.07,13.1123321145,direxion,https://www.direxion.com/holdings/BOEU.csv,,,,,
2026-10-05,BRKU,,BRK/B SWAP ASSET LEG,BRKBGSL,SWAP,130778.0,502.65,65735561.7,167.4105303961,direxion,https://www.direxion.com/holdings/BRKU.csv,,,,,
2026-10-05,BRKU,,DREYFUS TRSRY SECURITIES CASH MGMT,X9USDDTP3,CASH,23052570.64,1.0,23052570.64,58.7086042628,direxion,https://www.direxion.com/holdings/BRKU.csv,,,,,
2026-10-05,BRKU,,DREYFUS GOVT CASH MAN INS,X9USDDGCM,MONEY_MARKET,8161238.14,1.0,8161238.14,20.7844455934,direxion,https://www.direxion.com/holdings/BRKU.csv,,,,,
2026-10-05,BRKU,BRK/B,BERKSHIRE HATHAWAY INC-CL B,084670702,OTHER,10916.0,502.65,5486927.4,13.9737062029,direxion,https://www.direxion.com/holdings/BRKU.csv,,,,,
2026-10-05,BRKU,,BRK/B SWAP ASSET LEG,BRKBMLL,SWAP,7840.0,502.65,3940776.0,10.0360806734,direxion,https://www.direxion.com/holdings/BRKU.csv,,,,,
2026-10-05,BRKU,,BRK/B SWAP ASSET LEG,BRKBBCL,SWAP,5062.0,502.65,2544414.3,6.4799286185,direxion,https://www.direxion.com/holdings/BRKU.csv,,,,,
2026-10-05,BRKU,,GOLDMAN FINL SQ TRSRY INST 506,X9USDGSFC,OTHER,1624959.4,1.0,1624959.4,4.1383279916,direxion,https://www.direxion.com/holdings/BRKU.csv,,,,,
2026-10-05,BRKU,,BRK/B SWAP ASSET LEG,BRKBCTL,SWAP,1639.0,502.65,823843.35,2.0981041102,direxion,https://www.direxion.com/holdings/BRKU.csv,,,,,
2026-10-05,BRKU,,GOLDMAN SACHS FIN GOV 465 INSTITUT,X9USDGLDS,OTHER,772324.7,1.0,772324.7,1.9669001728,direxion,https://www.direxion.com/holdings/BRKU.csv,,,,,
2026-10-02,BTCL,46438F101-TRS-01/19/27-L,ISHARES BITCOIN TRUST ETF SWAP CANTOR,,SWAP,804186.0,,38383797.78,101.56,rex_shares,https://www.rexshares.com/BTCL/,,,,,
2026-10-02,BTCL,46438F101-TRS-08/02/28-L,ISHARES BITCOIN TRUST SWAP,,SWAP,781529.0,,37302379.17,98.7,rex_shares,https://www.rexshares.com/BTCL/,,,,,
2026-10-02,BTCL,FXFXX,First American Treasury Obligations Fund 01/01/2040,31846V328,TREASURY,3809173.0,,3809173.42,10.08,rex_shares,https://www.rexshares.com/BTCL/,,,,,
2026-10-02,BTCL,Cash&Other,Cash & Other,,CASH,-41701283.0,,-41701282.86,-110.34,rex_shares,https://www.rexshares.com/BTCL/,,,,,
2026-10-02,BTCZ,Cash&Other,Cash & Other,,CASH,43509861.0,,43509861.24,290.05,rex_shares,https://www.rexshares.com/BTCZ/,,,,,
2026-10-02,BTCZ,FXFXX,First American Treasury Obligations Fund 01/01/2040,31846V328,TREASURY,1477284.0,,1477283.9,9.85,rex_shares,https://www.rexshares.com/BTCZ/,,,,,
2026-10-02,BTCZ,46438F101-TRS-08/02/28-S,ISHARES BITCOIN TRUST SWAP,,SWAP,-628262.0,,-29986945.26,-199.9,rex_shares,https://www.rexshares.com/BTCZ/,,,,,
2026-10-05,BTDL,,US Dollars,,CASH,4021945.548801,1.0,4021945.548801,100.0,granite_shares,https://graniteshares.com/media/ngmd2gxf/btdl_holdings_file_20261004.xls,,,,,
2026-10-05,BTDL,BTDR,BTDR,BTDR,OTHER,730318.0,11.02,8048104.36,2.0010470000000002,granite_shares,https://graniteshares.com/media/ngmd2gxf/btdl_holdings_file_20261004.xls,,,,,
2026-04-24,BTFL,486917107-TRS-09/08/28-L-BTFL,Keel Infrastructure Corp Com Shs Swap Cant-l,486917107-TRS-09/08/28-L-BTFL,SWAP,370589.0,,,52.86,defiance,https://www.defianceetfs.com/btfl-full-holdings/,,,,,
2026-04-24,BTFL,486917107-TRS-01/31/33-L-BTFL,Keel Infrastructure Corp Com Shs Swap Nbc-l,486917107-TRS-01/31/33-L-BTFL,SWAP,350000.0,,,49.93,defiance,https://www.defianceetfs.com/btfl-full-holdings/,,,,,
2026-04-24,BTFL,486917107-TRS-02/08/28-L-BTFL,Keel Infrastructure Corp Com Shs Swap Cs-l,486917107-TRS-02/08/28-L-BTFL,SWAP,342663.0,,,48.88,defiance,https://www.defianceetfs.com/btfl-full-holdings/,,,,,
2026-04-24,BTFL,486917107-TRS-12/30/28-L-BTFL,Keel Infrastructure Corp Com Shs Swap Mrex-l,486917107-TRS-12/30/28-L-BTFL,SWAP,337000.0,,,48.07,defiance,https://www.defianceetfs.com/btfl-full-holdings/,,,,,
2026-04-24,BTFL,912797SV0,United States Treasury Bill 05/21/2026,912797SV0,TREASURY,240000.0,,,10.38,defiance,https://www.defianceetfs.com/btfl-full-holdings/,,,,,
2026-04-24,BTFL,FGXXX,First American Government Obligations Fund 12/01/2031,31846V336,COMMON_STOCK,57103.0,,,2.48,defiance,https://www.defianceetfs.com/btfl-full-holdings/,,,,,
2026-04-24,BTFL,Cash&Other,Cash & Other,Cash&Other,CASH,-2598939.0,,,-112.69,defiance,https://www.defianceetfs.com/btfl-full-holdings/,,,,,
2026-06-09,BULX,,US Dollars,,CASH,1005943.733825,1.0,1005943.733825,100.0,granite_shares,https://www.graniteshares.com/media/110lbjui/bulx_holdings_file_20260608.xls,,,,,
2026-06-09,BULX,BULL,BULL,BULL,OTHER,0.0,,0.0,0.0,granite_shares,https://www.graniteshares.com/media/110lbjui/bulx_holdings_file_20260608.xls,,,,,
2026-10-02,CCUP,172573107-TRS-08/11/27-L,CIRCLE INTERNET GROUP SWAP CLEARSTREET,,SWAP,787801.0,,64008831.25,200.0,rex_shares,https://www.rexshares.com/CCUP/,,,,,
2026-10-02,CCUP,FGXXX,FIRST AMERICAN GOVERNMENT OBLI FIRST AM GOV OBLIG X,31846V336,COMMON_STOCK,705189.0,,705189.06,2.2,rex_shares,https://www.rexshares.com/CCUP/,,,,,
2026-10-02,CCUP,Cash&Other,Cash & Other,,CASH,-32722098.0,,-32722097.81,-102.24,rex_shares,https://www.rexshares.com/CCUP/,,,,,
2026-04-21,CEGX,AXSBMH4FS1CLS,CFD CONSTELLATION ENERGY,,SWAP,64089.0,277.7,17797515.3,200.0,tradr_axs,https://axsetf.filepoint.live/assets/data/BBH_AXS_ETF_PVAL_WEB.20260421.csv,,,,,
2026-04-21,CEGX,USD,CASHUSD,CASHUSD,CASH,10918336.74,,10918336.74,122.69,tradr_axs,https://axsetf.filepoint.live/assets/data/BBH_AXS_ETF_PVAL_WEB.20260421.csv,,,,,
2026-04-21,CEGX,,NET OTHER ASSETS,,OTHER,-1422111.86,,-1422111.86,-15.98,tradr_axs,https://axsetf.filepoint.live/assets/data/BBH_AXS_ETF_PVAL_WEB.20260421.csv,,,,,
2026-04-21,CEGX,AXSBMH4FS1CLS,CFD CONSTELLATION ENERGY,,SWAP,-18394925.45,100.0,-18394925.45,-206.71,tradr_axs,https://axsetf.filepoint.live/assets/data/BBH_AXS_ETF_PVAL_WEB.20260421.csv,,,,,
2026-10-02,CIFU,17253J106-TRS-12/07/27-L,CIPHER MINING INC SWAP CS,,SWAP,1030815.0,,16194103.65,110.75,rex_shares,https://www.rexshares.com/CIFU/,,,,,
2026-10-02,CIFU,17253J106-TRS-3/04/27-L,CIPHER MINING INC SWAP MAREX,,SWAP,831205.0,,13058230.55,89.31,rex_shares,https://www.rexshares.com/CIFU/,,,,,
2026-10-02,CIFU,FGXXX,FIRST AMERICAN GOVERNMENT OBLI FIRST AM GOV OBLIG X,31846V336,COMMON_STOCK,815605.0,,815604.88,5.58,rex_shares,https://www.rexshares.com/CIFU/,,,,,
2026-10-02,CIFU,Cash&Other,Cash & Other,,CASH,-15457422.0,,-15457421.72,-105.71,rex_shares,https://www.rexshares.com/CIFU/,,,,,
2026-04-21,CLSX,AXSBJDRX78MAR,CFD CLEANSPARK INC,,SWAP,3962571.0,11.51,45609192.21,198.81,tradr_axs,https://axsetf.filepoint.live/assets/data/BBH_AXS_ETF_PVAL_WEB.20260421.csv,,,,,
2026-04-21,CLSX,USD,CASHUSD,CASHUSD,CASH,8646152.54,,8646152.54,37.69,tradr_axs,https://axsetf.filepoint.live/assets/data/BBH_AXS_ETF_PVAL_WEB.20260421.csv,,,,,
2026-04-21,CLSX,,NET OTHER ASSETS,,OTHER,2934183.63,,2934183.63,12.79,tradr_axs,https://axsetf.filepoint.live/assets/data/BBH_AXS_ETF_PVAL_WEB.20260421.csv,,,,,
2026-04-21,CLSX,AXSBJDRX78CLS,CFD CLEANSPARK INC,,SWAP,23735.0,11.51,273189.85,1.19,tradr_axs,https://axsetf.filepoint.live/assets/data/BBH_AXS_ETF_PVAL_WEB.20260421.csv,,,,,
2026-04-21,CLSX,AXSBJDRX78CLS,CFD CLEANSPARK INC,,SWAP,-244589.18,100.0,-244589.18,-1.07,tradr_axs,https://axsetf.filepoint.live/assets/data/BBH_AXS_ETF_PVAL_WEB.20260421.csv,,,,,
2026-04-21,CLSX,AXSBJDRX78MAR,CFD CLEANSPARK INC,,SWAP,-34276933.43,100.0,-34276933.43,-149.41,tradr_axs,https://axsetf.filepoint.live/assets/data/BBH_AXS_ETF_PVAL_WEB.20260421.csv,,,,,
2026-04-21,CLSZ,AXSBJDRX78CLS,CFD CLEANSPARK INC,,SWAP,1554989.83,100.0,1554989.83,184.74,tradr_axs,https://axsetf.filepoint.live/assets/data/BBH_AXS_ETF_PVAL_WEB.20260421.csv,,,,,
2026-04-21,CLSZ,USD,CASHUSD,CASHUSD,CASH,1063269.75,,1063269.75,126.32,tradr_axs,https://axsetf.filepoint.live/assets/data/BBH_AXS_ETF_PVAL_WEB.20260421.csv,,,,,
2026-04-21,CLSZ,,NET OTHER ASSETS,,OTHER,-93165.82,,-93165.82,-11.07,tradr_axs,https://axsetf.filepoint.live/assets/data/BBH_AXS_ETF_PVAL_WEB.20260421.csv,,,,,
2026-04-21,CLSZ,AXSBJDRX78CLS,CFD CLEANSPARK INC,,SWAP,-146255.0,11.51,-1683395.05,-200.0,tradr_axs,https://axsetf.filepoint.live/assets/data/BBH_AXS_ETF_PVAL_WEB.20260421.csv,,,,,
2026-04-21,COHX,AXSBNG8Z81CLS,CFD COHERENT CORP,,SWAP,458164.0,343.79,157512201.56,200.0,tradr_axs,https://axsetf.filepoint.live/assets/data/BBH_AXS_ETF_PVAL_WEB.20260421.csv,,,,,
2026-04-21,COHX,USD,CASHUSD,CASHUSD,CASH,53990870.2,,53990870.2,68.55,tradr_axs,https://axsetf.filepoint.live/assets/data/BBH_AXS_ETF_PVAL_WEB.20260421.csv,,,,,
2026-04-21,COHX,,NET OTHER ASSETS,,OTHER,-5923142.49,,-5923142.49,-7.52,tradr_axs,https://axsetf.filepoint.live/assets/data/BBH_AXS_ETF_PVAL_WEB.20260421.csv,,,,,
2026-04-21,COHX,AXSBNG8Z81CLS,CFD COHERENT CORP,,SWAP,-126823755.35,100.0,-126823755.35,-161.03,tradr_axs,https://axsetf.filepoint.live/assets/data/BBH_AXS_ETF_PVAL_WEB.20260421.csv,,,,,
2026-10-05,CONI,,US Dollars,,CASH,9762358.007794,1.0,9762358.007794,100.0,granite_shares,https://graniteshares.com/media/hqzds3iq/coni_holdings_file_20261004.xls,,,,,
2026-10-05,CONI,COIN,COIN,COIN,OTHER,-106708.0,183.0,-19527564.0,-2.0002910000000003,granite_shares,https://graniteshares.com/media/hqzds3iq/coni_holdings_file_20261004.xls,,,,,
2026-10-05,CONL,,US Dollars,,CASH,557923828.743474,1.0,557923828.743474,100.0,granite_shares,https://graniteshares.com/media/14xnn033/conl_holdings_file_20261004.xls,,,,,
2026-10-05,CONL,COIN,COIN,COIN,OTHER,6097680.0,183.0,1115875440.0,2.0000489999999997,granite_shares,https://graniteshares.com/media/14xnn033/conl_holdings_file_20261004.xls,,,,,
2026-10-05,CONX,,COIN SWAP ASSET LEG,COINMLL,SWAP,34253.0,183.0,6268299.0,113.3905818111,direxion,https://www.direxion.com/holdings/CONX.csv,,,,,
2026-10-05,CONX,,COIN SWAP ASSET LEG,COINBCL,SWAP,19710.0,183.0,3606930.0,65.2476678684,direxion,https://www.direxion.com/holdings/CONX.csv,,,,,
2026-10-05,CONX,,GOLDMAN FINL SQ TRSRY INST 506,X9USDGSFC,OTHER,2706707.24,1.0,2706707.24,48.9630613881,direxion,https://www.direxion.com/holdings/CONX.csv,,,,,
2026-10-05,CONX,,DREYFUS GOVT CASH MAN INS,X9USDDGCM,MONEY_MARKET,1175244.06,1.0,1175244.06,21.2596124935,direxion,https://www.direxion.com/holdings/CONX.csv,,,,,
2026-10-05,CONX,,GOLDMAN SACHS FIN GOV 465 INSTITUT,X9USDGLDS,OTHER,1153255.86,1.0,1153255.86,20.8618562935,direxion,https://www.direxion.com/holdings/CONX.csv,,,,,
2026-10-05,CONX,COIN,COINBASE GLOBAL INC -CLASS A,19260Q107,COMMON_STOCK,4867.0,183.0,890661.0,16.1116387375,direxion,https://www.direxion.com/holdings/CONX.csv,,,,,
2026-10-05,CONX,,COIN SWAP ASSET LEG,COINCTL,SWAP,1486.0,183.0,271938.0,4.9192305658,direxion,https://www.direxion.com/holdings/CONX.csv,,,,,
2026-10-05,CONX,,COIN SWAP ASSET LEG,COINGSL,SWAP,100.0,183.0,18300.0,0.3310383961,direxion,https://www.direxion.com/holdings/CONX.csv,,,,,
2026-05-01,CONY,912797RF6,United States Treasury Bill 07/09/2026,912797RF6,TREASURY,139943000.0,99.309521,138976722.97,34.89,yieldmax,https://yieldmaxetfs.com/?fund_csv_ticker=CONY,,,,,
2026-05-01,CONY,912797QX8,United States Treasury Bill 06/11/2026,912797QX8,TREASURY,94702000.0,99.590569,94314260.65,23.68,yieldmax,https://yieldmaxetfs.com/?fund_csv_ticker=CONY,,,,,
2026-05-01,CONY,912797RG4,United States Treasury Bill 08/06/2026,912797RG4,TREASURY,93467000.0,99.035389,92565407.04,23.24,yieldmax,https://yieldmaxetfs.com/?fund_csv_ticker=CONY,,,,,
2026-05-01,CONY,COIN  260618C00170000,COIN US 06/18/26 C170,COIN  260618C00170000,OPTION_CALL,10940.0,29.4,32163600.0,8.07,yieldmax,https://yieldmaxetfs.com/?fund_csv_ticker=CONY,,,,,
2026-05-01,CONY,912797RS8,United States Treasury Bill 09/03/2026,912797RS8,TREASURY,27997000.0,98.758681,27649467.92,6.94,yieldmax,https://yieldmaxetfs.com/?fund_csv_ticker=CONY,,,,,
2026-05-01,CONY,FGXXX,First American Government Obligations Fund 12/01/2031,31846V336,COMMON_STOCK,19428357.0,100.0,19428356.63,4.88,yieldmax,https://yieldmaxetfs.com/?fund_csv_ticker=CONY,,,,,
2026-05-01,CONY,912797TR8,United States Treasury Bill 05/12/2026,912797TR8,TREASURY,12598000.0,99.890894,12584254.83,3.16,yieldmax,https://yieldmaxetfs.com/?fund_csv_ticker=CONY,,,,,
2026-05-01,CONY,COIN  260515C00190000,COIN US 05/15/26 C190,COIN  260515C00190000,OPTION_CALL,10055.0,11.35,11412425.0,2.86,yieldmax,https://yieldmaxetfs.com/?fund_csv_ticker=CONY,,,,,
2026-05-01,CONY,COIN  260508C00197500,COIN US 05/08/26 C197.5,COIN  260508C00197500,OPTION_CALL,4555.0,5.8,2641900.0,0.66,yieldmax,https://yieldmaxetfs.com/?fund_csv_ticker=CONY,,,,,
2026-05-01,CONY,COIN  260508C00195000,COIN US 05/08/26 C195,COIN  260508C00195000,OPTION_CALL,2230.0,6.7,1494100.0,0.38,yieldmax,https://yieldmaxetfs.com/?fund_csv_ticker=CONY,,,,,
2026-05-01,CONY,COIN  260508C00205000,COINBASE CLL OPT 05/26 205,COIN  260508C00205000,OPTION_CALL,3300.0,3.85,1270500.0,0.32,yieldmax,https://yieldmaxetfs.com/?fund_csv_ticker=CONY,,,,,
2026-05-01,CONY,COIN  260508C00202500,COINBASE CLL OPT 05/26 202.500,COIN  260508C00202500,OPTION_CALL,1910.0,4.475,854725.0,0.21,yieldmax,https://yieldmaxetfs.com/?fund_csv_ticker=CONY,,,,,
2026-05-01,CONY,Cash&Other,Cash & Other,Cash&Other,CASH,722874.0,1.0,722874.11,0.18,yieldmax,https://yieldmaxetfs.com/?fund_csv_ticker=CONY,,,,,
2026-05-01,CONY,COIN  260508C00190000,COIN US 05/08/26 C190,COIN  260508C00190000,OPTION_CALL,500.0,8.725,436250.0,0.11,yieldmax,https://yieldmaxetfs.com/?fund_csv_ticker=CONY,,,,,
2026-05-01,CONY,COIN  260508C00200000,COINBASE CLL OPT 05/26 200,COIN  260508C00200000,OPTION_CALL,500.0,5.125,256250.0,0.06,yieldmax,https://yieldmaxetfs.com/?fund_csv_ticker=CONY,,,,,
2026-05-01,CONY,COIN  260508C00182500,COIN US 05/08/26 C182.5,COIN  260508C00182500,OPTION_CALL,-1000.0,12.425,-1242500.0,-0.31,yieldmax,https://yieldmaxetfs.com/?fund_csv_ticker=CONY,,,,,
2026-05-01,CONY,COIN  260508C00192500,COINBASE CLL OPT 05/26 192.500,COIN  260508C00192500,OPTION_CALL,-1910.0,7.9,-1508900.0,-0.38,yieldmax,https://yieldmaxetfs.com/?fund_csv_ticker=CONY,,,,,
2026-05-01,CONY,COIN  260508C00187500,COIN US 05/08/26 C187.5,COIN  260508C00187500,OPTION_CALL,-4555.0,9.925,-4520837.5,-1.13,yieldmax,https://yieldmaxetfs.com/?fund_csv_ticker=CONY,,,,,
2026-05-01,CONY,COIN  260508C00185000,COIN US 05/08/26 C185,COIN  260508C00185000,OPTION_CALL,-5530.0,11.175,-6179775.0,-1.55,yieldmax,https://yieldmaxetfs.com/?fund_csv_ticker=CONY,,,,,
2026-05-01,CONY,2COIN 260618P00170010,COIN 06/18/2026 170.01 P,2COIN 260618P00170010,OPTION_PUT,-10940.0,10.9438,-11972517.2,-3.01,yieldmax,https://yieldmaxetfs.com/?fund_csv_ticker=CONY,,,,,
2026-05-01,CONY,2COIN 260515P00190010,COIN 05/15/2026 190.01 P,2COIN 260515P00190010,OPTION_PUT,-10055.0,13.0626,-13134444.3,-3.3,yieldmax,https://yieldmaxetfs.com/?fund_csv_ticker=CONY,,,,,
2026-10-05,COPZ,912797UZ8,United States Treasury Bill 11/19/2026,912797UZ8,TREASURY,3100000.0,,,46.71,defiance,https://www.defianceetfs.com/copz-full-holdings/,,,,,
2026-10-05,COPZ,37954Y830-TRS-01/31/33-L-COPZ,Global X Copper Miners Etf-swap-nbcb-l,37954Y830-TRS-01/31/33-L-COPZ,SWAP,32155.0,,,41.83,defiance,https://www.defianceetfs.com/copz-full-holdings/,,,,,
2026-10-05,COPZ,37954Y830-TRS-03/31/33-L-COPZ,Global X Copper Swap Nmra-l,37954Y830-TRS-03/31/33-L-COPZ,SWAP,31716.0,,,41.26,defiance,https://www.defianceetfs.com/copz-full-holdings/,,,,,
2026-10-05,COPZ,37954Y830-TRS-03/28/28-L-COPZ,Global X Copper Swap Clst-l,37954Y830-TRS-03/28/28-L-COPZ,SWAP,31107.0,,,40.47,defiance,https://www.defianceetfs.com/copz-full-holdings/,,,,,
2026-10-05,COPZ,37954Y830-TRS-02/18/29-L-COPZ,Global X Copper Swap Mrex-l,37954Y830-TRS-02/18/29-L-COPZ,SWAP,30756.0,,,40.01,defiance,https://www.defianceetfs.com/copz-full-holdings/,,,,,
2026-10-05,COPZ,37954Y830-TRS-09/08/28-L-COPZ,Global X Copper Swap Cant-l,37954Y830-TRS-09/08/28-L-COPZ,SWAP,27921.0,,,36.32,defiance,https://www.defianceetfs.com/copz-full-holdings/,,,,,
2026-10-05,COPZ,FGXXX,First American Government Obligations Fund 12/01/2031,31846V336,COMMON_STOCK,885204.0,,,13.4,defiance,https://www.defianceetfs.com/copz-full-holdings/,,,,,
2026-10-05,COPZ,Cash&Other,Cash & Other,Cash&Other,CASH,-10570092.0,,,-160.06,defiance,https://www.defianceetfs.com/copz-full-holdings/,,,,,
2026-10-02,CORD,Cash&Other,Cash & Other,,CASH,48042516.0,,48042516.06,295.2,rex_shares,https://www.rexshares.com/CORD/,,,,,
2026-10-02,CORD,FGXXX,FIRST AMERICAN GOVERNMENT OBLI FIRST AM GOV OBLIG X,31846V336,COMMON_STOCK,783798.0,,783797.54,4.82,rex_shares,https://www.rexshares.com/CORD/,,,,,
2026-10-02,CORD,21873S108-TRS-12/01/28-S,COREWEAVE SWAP CANTOR,,SWAP,-14695.0,,-1316965.9,-8.09,rex_shares,https://www.rexshares.com/CORD/,,,,,
2026-10-02,CORD,21873S108-TRS-03/16/27-S,COREWEAVE SWAP JANE STREET,,SWAP,-27511.0,,-2465535.82,-15.15,rex_shares,https://www.rexshares.com/CORD/,,,,,
2026-10-02,CORD,21873S108-TRS-02/23/28-S,COREWEAVE SWAP CLEAR STREET,,SWAP,-321011.0,,-28769005.82,-176.78,rex_shares,https://www.rexshares.com/CORD/,,,,,
2026-10-05,COYY,912797UL9,US TBill 10/22/2026,912797UL9,TREASURY,7000000.0,0.99819965,6987397.55,41.60988676951103,granite_shares,https://graniteshares.com/media/i5tf5tld/coyy_holdings_file_20261002.xls,,,,,
2026-10-05,COYY,,US Dollars,,CASH,5162690.581854907,1.0,5162690.581854907,30.743773915798407,granite_shares,https://graniteshares.com/media/i5tf5tld/coyy_holdings_file_20261002.xls,,,,,
2026-10-05,COYY,912797VV6,US TBill 02/04/2027,912797VV6,TREASURY,5000000.0,0.98630211,4931510.55,29.36709899784492,granite_shares,https://graniteshares.com/media/i5tf5tld/coyy_holdings_file_20261002.xls,,,,,
2026-10-05,COYY,CONL261007P00005170,2CONL 10/07/2026 P5.17,2CONL 10/07/2026 P5.17,OPTION_PUT,21650.0,0.141665,306704.72500000003,1.826423756141372,granite_shares,https://graniteshares.com/media/i5tf5tld/coyy_holdings_file_20261002.xls,2CONL,2026-10-07,5.17,P,long
2026-10-05,COYY,CONL261009P00004970,2CONL 10/09/2026 P4.97,2CONL 10/09/2026 P4.97,OPTION_PUT,9660.0,0.1,96600.0,0.5752520925240279,granite_shares,https://graniteshares.com/media/i5tf5tld/coyy_holdings_file_20261002.xls,2CONL,2026-10-09,4.97,P,long
2026-10-05,COYY,CONL261009P00005240,2CONL 10/09/2026 P5.24,2CONL 10/09/2026 P5.24,OPTION_PUT,-9660.0,0.17,-164220.0,-0.9779285572908473,granite_shares,https://graniteshares.com/media/i5tf5tld/coyy_holdings_file_20261002.xls,2CONL,2026-10-09,5.24,P,short
2026-10-05,COYY,CONL261007P00005450,2CONL 10/07/2026 P5.45,2CONL 10/07/2026 P5.45,OPTION_PUT,-21650.0,0.243901,-528045.665,-3.144506974528901,granite_shares,https://graniteshares.com/media/i5tf5tld/coyy_holdings_file_20261002.xls,2CONL,2026-10-07,5.45,P,short
2026-04-21,COZX,AXSBN70TG2MAR,CFD CORE SCIENTIFIC INC,,SWAP,1426222.0,20.77,29622630.94,197.8,tradr_axs,https://axsetf.filepoint.live/assets/data/BBH_AXS_ETF_PVAL_WEB.20260421.csv,,,,,
2026-04-21,COZX,USD,CASHUSD,CASHUSD,CASH,7528887.79,,7528887.79,50.27,tradr_axs,https://axsetf.filepoint.live/assets/data/BBH_AXS_ETF_PVAL_WEB.20260421.csv,,,,,
2026-04-21,COZX,AXSBN70TG2CLS,CFD CORE SCIENTIFIC INC,,SWAP,15872.0,20.77,329661.44,2.2,tradr_axs,https://axsetf.filepoint.live/assets/data/BBH_AXS_ETF_PVAL_WEB.20260421.csv,,,,,
2026-04-21,COZX,AXSBN70TG2CLS,CFD CORE SCIENTIFIC INC,,SWAP,-325784.98,100.0,-325784.98,-2.18,tradr_axs,https://axsetf.filepoint.live/assets/data/BBH_AXS_ETF_PVAL_WEB.20260421.csv,,,,,
2026-04-21,COZX,,NET OTHER ASSETS,,OTHER,-836340.65,,-836340.65,-5.58,tradr_axs,https://axsetf.filepoint.live/assets/data/BBH_AXS_ETF_PVAL_WEB.20260421.csv,,,,,
2026-04-21,COZX,AXSBN70TG2MAR,CFD CORE SCIENTIFIC INC,,SWAP,-21342904.27,100.0,-21342904.27,-142.51,tradr_axs,https://axsetf.filepoint.live/assets/data/BBH_AXS_ETF_PVAL_WEB.20260421.csv,,,,,
2026-10-02,CRCD,Cash&Other,Cash & Other,,CASH,22046379.0,,22046378.99,293.2,rex_shares,https://www.rexshares.com/CRCD/,,,,,
2026-10-02,CRCD,FGXXX,FIRST AMERICAN GOVERNMENT OBLI FIRST AM GOV OBLIG X,31846V336,COMMON_STOCK,516741.0,,516741.04,6.87,rex_shares,https://www.rexshares.com/CRCD/,,,,,
2026-10-02,CRCD,172573107-TRS-12/01/28-S,CIRCLE INTERNET GROUP SWAP CANTOR,,SWAP,-85252.0,,-6926725.0,-92.12,rex_shares,https://www.rexshares.com/CRCD/,,,,,
2026-10-02,CRCD,172573107-TRS-03/07/28-S,CIRCLE INTERNET GROUP SWAP CLEAR STREET,,SWAP,-99909.0,,-8117606.25,-107.96,rex_shares,https://www.rexshares.com/CRCD/,,,,,
2026-04-21,CRDU,AXSBLD13F2CLS,CFD CREDO TECHNOLOGY GROUP HOLDI,,SWAP,956539.0,183.32,175352729.48,200.0,tradr_axs,https://axsetf.filepoint.live/assets/data/BBH_AXS_ETF_PVAL_WEB.20260421.csv,,,,,
2026-04-21,CRDU,USD,CASHUSD,CASHUSD,CASH,46487809.92,,46487809.92,53.02,tradr_axs,https://axsetf.filepoint.live/assets/data/BBH_AXS_ETF_PVAL_WEB.20260421.csv,,,,,
2026-04-21,CRDU,,NET OTHER ASSETS,,OTHER,-15501760.23,,-15501760.23,-17.68,tradr_axs,https://axsetf.filepoint.live/assets/data/BBH_AXS_ETF_PVAL_WEB.20260421.csv,,,,,
2026-04-21,CRDU,AXSBLD13F2CLS,CFD CREDO TECHNOLOGY GROUP HOLDI,,SWAP,-118662356.22,100.0,-118662356.22,-135.34,tradr_axs,https://axsetf.filepoint.live/assets/data/BBH_AXS_ETF_PVAL_WEB.20260421.csv,,,,,
2026-10-05,CRWL,,US Dollars,,CASH,82516048.37933041,1.0,82516048.37933041,100.0,granite_shares,https://graniteshares.com/media/1klh3unt/crwl_holdings_file_20261004.xls,,,,,
2026-10-05,CRWL,CRWD,CRWD,CRWD,OTHER,610418.0,270.04,164837276.72,1.9976390000000002,granite_shares,https://graniteshares.com/media/1klh3unt/crwl_holdings_file_20261004.xls,,,,,
2026-10-02,CRWU,21873S108-TRS-07/28/27-L,COREWEAVE INC SWAP CLEARSTREET,,SWAP,718577.0,,64398870.74,200.0,rex_shares,https://www.rexshares.com/CRWU/,,,,,
2026-10-02,CRWU,FGXXX,FIRST AMERICAN GOVERNMENT OBLI FIRST AM GOV OBLIG X,31846V336,COMMON_STOCK,614589.0,,614588.55,1.91,rex_shares,https://www.rexshares.com/CRWU/,,,,,
2026-10-02,CRWU,Cash&Other,Cash & Other,,CASH,-32824533.0,,-32824533.01,-101.94,rex_shares,https://www.rexshares.com/CRWU/,,,,,
2026-10-05,CRY,,US Dollars,,CASH,762470.9120509032,1.0,762470.9120509032,44.839806070895186,granite_shares,https://graniteshares.com/media/1midrngs/cry_holdings_file_20261002.xls,,,,,
2026-10-05,CRY,912797VV6,US TBill 02/04/2027,912797VV6,TREASURY,600000.0,0.98630212,591781.272,34.8017964403292,granite_shares,https://graniteshares.com/media/1midrngs/cry_holdings_file_20261002.xls,,,,,
2026-10-05,CRY,912797UL9,US TBill 10/22/2026,912797UL9,TREASURY,400000.0,0.99819965,399279.86,23.48106820528639,granite_shares,https://graniteshares.com/media/1midrngs/cry_holdings_file_20261002.xls,,,,,
2026-10-05,CRY,CRCA261005P00017140,2CRCA 10/05/2026 P17.14,2CRCA 10/05/2026 P17.14,OPTION_PUT,710.0,0.805805,57212.155,3.364563676531085,granite_shares,https://graniteshares.com/media/1midrngs/cry_holdings_file_20261002.xls,2CRCA,2026-10-05,17.14,P,long
2026-10-05,CRY,CRCA261009P00015300,2CRCA 10/09/2026 P15.30,2CRCA 10/09/2026 P15.30,OPTION_PUT,300.0,0.42,12600.0,0.7409876856463748,granite_shares,https://graniteshares.com/media/1midrngs/cry_holdings_file_20261002.xls,2CRCA,2026-10-09,15.3,P,long
2026-10-05,CRY,CRCA261009P00016150,2CRCA 10/09/2026 P16.15,2CRCA 10/09/2026 P16.15,OPTION_PUT,-300.0,0.71,-21300.0,-1.2526220400212527,granite_shares,https://graniteshares.com/media/1midrngs/cry_holdings_file_20261002.xls,2CRCA,2026-10-09,16.15,P,short
2026-10-05,CRY,CRCA261005P00018090,2CRCA 10/05/2026 P18.09,2CRCA 10/05/2026 P18.09,OPTION_PUT,-710.0,1.431142,-101611.082,-5.975600038666985,granite_shares,https://graniteshares.com/media/1midrngs/cry_holdings_file_20261002.xls,2CRCA,2026-10-05,18.09,P,short
2026-04-21,CSEX,AXSBMDLRD5CLS,CFD CELESTICA INC,,SWAP,61090.0,403.03,24621102.7,200.0,tradr_axs,https://axsetf.filepoint.live/assets/data/BBH_AXS_ETF_PVAL_WEB.20260421.csv,,,,,
2026-04-21,CSEX,USD,CASHUSD,CASHUSD,CASH,9842144.9,,9842144.9,79.95,tradr_axs,https://axsetf.filepoint.live/assets/data/BBH_AXS_ETF_PVAL_WEB.20260421.csv,,,,,
2026-04-21,CSEX,,NET OTHER ASSETS,,OTHER,-4733223.67,,-4733223.67,-38.45,tradr_axs,https://axsetf.filepoint.live/assets/data/BBH_AXS_ETF_PVAL_WEB.20260421.csv,,,,,
2026-04-21,CSEX,AXSBMDLRD5CLS,CFD CELESTICA INC,,SWAP,-17419457.55,100.0,-17419457.55,-141.5,tradr_axs,https://axsetf.filepoint.live/assets/data/BBH_AXS_ETF_PVAL_WEB.20260421.csv,,,,,
2026-05-29,CVNX,146869102-TRS-03/17/33-L-CVNX,Carvana Co Swap Jnst-l,146869102-TRS-03/17/33-L-CVNX,SWAP,30000.0,,,65.48,defiance,https://www.defianceetfs.com/cvnx-full-holdings/,,,,,
2026-05-29,CVNX,146869102-TRS-11/16/27-L-CVNX,Carvana Co Swap Cs,146869102-TRS-11/16/27-L-CVNX,SWAP,19637.0,,,42.86,defiance,https://www.defianceetfs.com/cvnx-full-holdings/,,,,,
2026-05-29,CVNX,146869102-TRS-06/29/26-L,Carvana Co Swap Marex,146869102-TRS-06/29/26-L,SWAP,17500.0,,,38.2,defiance,https://www.defianceetfs.com/cvnx-full-holdings/,,,,,
2026-05-29,CVNX,146869102-TRS-09/08/28-L-CVNX,Carvana Co Swap Cantor,146869102-TRS-09/08/28-L-CVNX,SWAP,14135.0,,,30.85,defiance,https://www.defianceetfs.com/cvnx-full-holdings/,,,,,
2026-05-29,CVNX,146869102-TRS-03/31/33-L-CVNX,Cvna Nomura,146869102-TRS-03/31/33-L-CVNX,SWAP,10323.0,,,22.53,defiance,https://www.defianceetfs.com/cvnx-full-holdings/,,,,,
2026-05-29,CVNX,912797TE7,United States Treasury Bill 06/25/2026,912797TE7,TREASURY,360000.0,,,10.74,defiance,https://www.defianceetfs.com/cvnx-full-holdings/,,,,,
2026-05-29,CVNX,FGXXX,First American Government Obligations Fund 12/01/2031,31846V336,COMMON_STOCK,44950.0,,,1.34,defiance,https://www.defianceetfs.com/cvnx-full-holdings/,,,,,
2026-05-29,CVNX,Cash&Other,Cash & Other,Cash&Other,CASH,-3747505.0,,,-112.05,defiance,https://www.defianceetfs.com/cvnx-full-holdings/,,,,,
2026-05-01,CVNY,912797RS8,United States Treasury Bill 09/03/2026,912797RS8,TREASURY,7412000.0,98.758681,7319993.44,30.79,yieldmax,https://yieldmaxetfs.com/?fund_csv_ticker=CVNY,,,,,
2026-05-01,CVNY,912797RG4,United States Treasury Bill 08/06/2026,912797RG4,TREASURY,6527000.0,99.035389,6464039.84,27.19,yieldmax,https://yieldmaxetfs.com/?fund_csv_ticker=CVNY,,,,,
2026-05-01,CVNY,2CVNA 260515C00330010,CVNA 05/15/2026 330.01 C,2CVNA 260515C00330010,OPTION_CALL,600.0,70.446,4226760.0,17.78,yieldmax,https://yieldmaxetfs.com/?fund_csv_ticker=CVNY,,,,,
2026-05-01,CVNY,912797RF6,United States Treasury Bill 07/09/2026,912797RF6,TREASURY,3182000.0,99.309521,3160028.96,13.29,yieldmax,https://yieldmaxetfs.com/?fund_csv_ticker=CVNY,,,,,
2026-05-01,CVNY,912797QX8,United States Treasury Bill 06/11/2026,912797QX8,TREASURY,1234000.0,99.590569,1228947.62,5.17,yieldmax,https://yieldmaxetfs.com/?fund_csv_ticker=CVNY,,,,,
2026-05-01,CVNY,Cash&Other,Cash & Other,Cash&Other,CASH,968141.0,1.0,968141.34,4.07,yieldmax,https://yieldmaxetfs.com/?fund_csv_ticker=CVNY,,,,,
2026-05-01,CVNY,FGXXX,First American Government Obligations Fund 12/01/2031,31846V336,COMMON_STOCK,870772.0,100.0,870771.74,3.66,yieldmax,https://yieldmaxetfs.com/?fund_csv_ticker=CVNY,,,,,
2026-05-01,CVNY,CVNA  260508C00400000,CARVANA  CLL OPT 05/26 400,CVNA  260508C00400000,OPTION_CALL,115.0,14.65,168475.0,0.71,yieldmax,https://yieldmaxetfs.com/?fund_csv_ticker=CVNY,,,,,
2026-05-01,CVNY,CVNA  260508C00405000,CARVANA  CLL OPT 05/26 405,CVNA  260508C00405000,OPTION_CALL,115.0,12.475,143462.5,0.6,yieldmax,https://yieldmaxetfs.com/?fund_csv_ticker=CVNY,,,,,
2026-05-01,CVNY,CVNA  260508C00412500,CARVANA  CLL OPT 05/26 412.500,CVNA  260508C00412500,OPTION_CALL,115.0,9.275,106662.5,0.45,yieldmax,https://yieldmaxetfs.com/?fund_csv_ticker=CVNY,,,,,
2026-05-01,CVNY,CVNA  260501C00425000,CVNA US 05/01/26 C425,CVNA  260501C00425000,OPTION_CALL,85.0,0.555,4717.5,0.02,yieldmax,https://yieldmaxetfs.com/?fund_csv_ticker=CVNY,,,,,
2026-05-01,CVNY,CVNA  260501C00430000,CVNA US 05/01/26 C430,CVNA  260501C00430000,OPTION_CALL,150.0,0.32,4800.0,0.02,yieldmax,https://yieldmaxetfs.com/?fund_csv_ticker=CVNY,,,,,
2026-05-01,CVNY,CVNA  260501C00420000,CVNA US 05/01/26 C420,CVNA  260501C00420000,OPTION_CALL,20.0,0.78,1560.0,0.01,yieldmax,https://yieldmaxetfs.com/?fund_csv_ticker=CVNY,,,,,
2026-05-01,CVNY,CVNA  260501C00405000,CVNA US 05/01/26 C405,CVNA  260501C00405000,OPTION_CALL,-20.0,3.405,-6810.0,-0.03,yieldmax,https://yieldmaxetfs.com/?fund_csv_ticker=CVNY,,,,,
2026-05-01,CVNY,CVNA  260501C00410000,CVNA US 05/01/26 C410,CVNA  260501C00410000,OPTION_CALL,-85.0,2.415,-20527.5,-0.09,yieldmax,https://yieldmaxetfs.com/?fund_csv_ticker=CVNY,,,,,
2026-05-01,CVNY,CVNA  260501C00415000,CVNA US 05/01/26 C415,CVNA  260501C00415000,OPTION_CALL,-150.0,1.355,-20325.0,-0.09,yieldmax,https://yieldmaxetfs.com/?fund_csv_ticker=CVNY,,,,,
2026-05-01,CVNY,CVNA  260508C00397500,CARVANA  CLL OPT 05/26 397.500,CVNA  260508C00397500,OPTION_CALL,-115.0,15.725,-180837.5,-0.76,yieldmax,https://yieldmaxetfs.com/?fund_csv_ticker=CVNY,,,,,
2026-05-01,CVNY,2CVNA 260515P00330010,CVNA 05/15/2026 330.01 P,2CVNA 260515P00330010,OPTION_PUT,-600.0,3.3663,-201978.0,-0.85,yieldmax,https://yieldmaxetfs.com/?fund_csv_ticker=CVNY,,,,,
2026-05-01,CVNY,CVNA  260508C00390000,CARVANA  CLL OPT 05/26 390,CVNA  260508C00390000,OPTION_CALL,-115.0,19.225,-221087.5,-0.93,yieldmax,https://yieldmaxetfs.com/?fund_csv_ticker=CVNY,,,,,
2026-05-01,CVNY,CVNA  260508C00385000,CARVANA  CLL OPT 05/26 385,CVNA  260508C00385000,OPTION_CALL,-115.0,22.275,-256162.5,-1.08,yieldmax,https://yieldmaxetfs.com/?fund_csv_ticker=CVNY,,,,,
2026-10-05,CWEB,KWEB,KRANESH CSI CHINA INTERNET,500767306,COMMON_STOCK,4758440.0,23.86,113536378.4,67.9097049565,direxion,https://www.direxion.com/holdings/CWEB.csv,,,,,
2026-10-05,CWEB,,KWEB SWAP ASSET LEG,KWEBGSL,SWAP,4747867.0,23.86,113284106.62,67.7588132125,direxion,https://www.direxion.com/holdings/CWEB.csv,,,,,
2026-10-05,CWEB,,KWEB SWAP ASSET LEG,KWEBMLL,SWAP,3536786.0,23.86,84387713.96,50.4749652732,direxion,https://www.direxion.com/holdings/CWEB.csv,,,,,
2026-10-05,CWEB,,DREYFUS TRSRY SECURITIES CASH MGMT,X9USDDTP3,CASH,36311740.87,1.0,36311740.87,21.7192026352,direxion,https://www.direxion.com/holdings/CWEB.csv,,,,,
2026-10-05,CWEB,,GOLDMAN FINL SQ TRSRY INST 506,X9USDGSFC,OTHER,29466905.43,1.0,29466905.43,17.6250897019,direxion,https://www.direxion.com/holdings/CWEB.csv,,,,,
2026-10-05,CWEB,,DREYFUS GOVT CASH MAN INS,X9USDDGCM,MONEY_MARKET,24172518.44,1.0,24172518.44,14.4583491076,direxion,https://www.direxion.com/holdings/CWEB.csv,,,,,
2026-10-05,CWEB,,KWEB SWAP ASSET LEG,KWEBBPL,SWAP,777884.0,23.86,18560312.24,11.1015107746,direxion,https://www.direxion.com/holdings/CWEB.csv,,,,,
2026-10-05,CWEB,,KWEB SWAP ASSET LEG,KWEBUBL,SWAP,192948.0,23.86,4603739.28,2.7536423181,direxion,https://www.direxion.com/holdings/CWEB.csv,,,,,
2026-04-21,CWVX,AXSBTTRKN7TDS,CFD COREWEAVE INC-CL A,,SWAP,1697908.0,115.16,195531085.28,151.61,tradr_axs,https://axsetf.filepoint.live/assets/data/BBH_AXS_ETF_PVAL_WEB.20260421.csv,,,,,
2026-04-21,CWVX,AXSBTTRKN7CLS,CFD COREWEAVE INC-CL A,,SWAP,529655.0,115.16,60995069.8,47.29,tradr_axs,https://axsetf.filepoint.live/assets/data/BBH_AXS_ETF_PVAL_WEB.20260421.csv,,,,,
2026-04-21,CWVX,USD,CASHUSD,CASHUSD,CASH,57621695.94,,57621695.94,44.68,tradr_axs,https://axsetf.filepoint.live/assets/data/BBH_AXS_ETF_PVAL_WEB.20260421.csv,,,,,
2026-04-21,CWVX,AXSBTTRKN7MAR,CFD COREWEAVE INC-CL A,,SWAP,12238.0,115.16,1409328.08,1.09,tradr_axs,https://axsetf.filepoint.live/assets/data/BBH_AXS_ETF_PVAL_WEB.20260421.csv,,,,,
2026-04-21,CWVX,AXSBTTRKN7MAR,CFD COREWEAVE INC-CL A,,SWAP,-970718.16,100.0,-970718.16,-0.75,tradr_axs,https://axsetf.filepoint.live/assets/data/BBH_AXS_ETF_PVAL_WEB.20260421.csv,,,,,
2026-04-21,CWVX,,NET OTHER ASSETS,,OTHER,-3389592.81,,-3389592.81,-2.63,tradr_axs,https://axsetf.filepoint.live/assets/data/BBH_AXS_ETF_PVAL_WEB.20260421.csv,,,,,
2026-04-21,CWVX,AXSBTTRKN7CLS,CFD COREWEAVE INC-CL A,,SWAP,-41501884.65,100.0,-41501884.65,-32.18,tradr_axs,https://axsetf.filepoint.live/assets/data/BBH_AXS_ETF_PVAL_WEB.20260421.csv,,,,,
2026-04-21,CWVX,AXSBTTRKN7TDS,CFD COREWEAVE INC-CL A,,SWAP,-140727197.33,100.0,-140727197.33,-109.12,tradr_axs,https://axsetf.filepoint.live/assets/data/BBH_AXS_ETF_PVAL_WEB.20260421.csv,,,,,
2026-10-05,CWY,,US Dollars,,CASH,785266.0219919591,1.0,785266.0219919591,73.11203669656442,granite_shares,https://graniteshares.com/media/ohtedac0/cwy_holdings_file_20261002.xls,,,,,
2026-10-05,CWY,912797UL9,US TBill 10/22/2026,912797UL9,TREASURY,200000.0,0.99819965,199639.93,18.587435950984023,granite_shares,https://graniteshares.com/media/ohtedac0/cwy_holdings_file_20261002.xls,,,,,
2026-10-05,CWY,912797VV6,US TBill 02/04/2027,912797VV6,TREASURY,100000.0,0.9863021000000001,98630.21,9.182946072998044,granite_shares,https://graniteshares.com/media/ohtedac0/cwy_holdings_file_20261002.xls,,,,,
2026-10-05,CWY,CRWV261009P00014450,2CWVX 10/09/2026 P14.45,2CWVX 10/09/2026 P14.45,OPTION_PUT,260.0,0.4,10400.0,0.9682899302270537,granite_shares,https://graniteshares.com/media/ohtedac0/cwy_holdings_file_20261002.xls,2CWVX,2026-10-09,14.45,P,long
2026-10-05,CWY,CRWV261005P00013080,2CWVX 10/05/2026 P13.08,2CWVX 10/05/2026 P13.08,OPTION_PUT,490.0,0.026345,1290.905,0.12018945311343793,granite_shares,https://graniteshares.com/media/ohtedac0/cwy_holdings_file_20261002.xls,2CWVX,2026-10-05,13.08,P,long
2026-10-05,CWY,CRWV261005P00013800,2CWVX 10/05/2026 P13.80,2CWVX 10/05/2026 P13.80,OPTION_PUT,-490.0,0.076502,-3748.598,-0.34901247075666086,granite_shares,https://graniteshares.com/media/ohtedac0/cwy_holdings_file_20261002.xls,2CWVX,2026-10-05,13.8,P,short
2026-10-05,CWY,CRWV261009P00015260,2CWVX 10/09/2026 P15.26,2CWVX 10/09/2026 P15.26,OPTION_PUT,-260.0,0.67,-17420.0,-1.6218856331303149,granite_shares,https://graniteshares.com/media/ohtedac0/cwy_holdings_file_20261002.xls,2CWVX,2026-10-09,15.26,P,short
2026-10-05,DAMD,Cash&Other,Cash & Other,Cash&Other,CASH,71253460.0,,,257.51,defiance,https://www.defianceetfs.com/damd-full-holdings/,,,,,
2026-10-05,DAMD,912797UZ8,United States Treasury Bill 11/19/2026,912797UZ8,TREASURY,7950000.0,,,28.59,defiance,https://www.defianceetfs.com/damd-full-holdings/,,,,,
2026-10-05,DAMD,FGXXX,First American Government Obligations Fund 12/01/2031,31846V336,COMMON_STOCK,3787492.0,,,13.69,defiance,https://www.defianceetfs.com/damd-full-holdings/,,,,,
2026-10-05,DAMD,007903107-TRS-03/31/33-S-DAMD,Advanced Micro Devices Swap Nm,007903107-TRS-03/31/33-S-DAMD,SWAP,-18413.0,,,-42.18,defiance,https://www.defianceetfs.com/damd-full-holdings/,,,,,
2026-10-05,DAMD,007903107-TRS-11/01/28-S-DAMD,Advanced Micro Devices Swap Cantor-s,007903107-TRS-11/01/28-S-DAMD,SWAP,-18697.0,,,-42.83,defiance,https://www.defianceetfs.com/damd-full-holdings/,,,,,
2026-10-05,DAMD,007903107-TRS-01/11/28-S-DAMD,Advanced Micro Devices Swap Cs,007903107-TRS-01/11/28-S-DAMD,SWAP,-23646.0,,,-54.17,defiance,https://www.defianceetfs.com/damd-full-holdings/,,,,,
2026-10-05,DAMD,007903107-TRS-11/14/28-S-DAMD,Advanced Micro Devices Swap Mar,007903107-TRS-11/14/28-S-DAMD,SWAP,-26450.0,,,-60.6,defiance,https://www.defianceetfs.com/damd-full-holdings/,,,,,
2026-05-01,DISO,912797RS8,United States Treasury Bill 09/03/2026,912797RS8,TREASURY,2512000.0,98.758681,2480818.07,49.25,yieldmax,https://yieldmaxetfs.com/?fund_csv_ticker=DISO,,,,,
2026-05-01,DISO,912797RG4,United States Treasury Bill 08/06/2026,912797RG4,TREASURY,1841000.0,99.035389,1823241.51,36.2,yieldmax,https://yieldmaxetfs.com/?fund_csv_ticker=DISO,,,,,
2026-05-01,DISO,912797RF6,United States Treasury Bill 07/09/2026,912797RF6,TREASURY,821000.0,99.309521,815331.17,16.19,yieldmax,https://yieldmaxetfs.com/?fund_csv_ticker=DISO,,,,,
2026-05-01,DISO,FGXXX,First American Government Obligations Fund 12/01/2031,31846V336,COMMON_STOCK,123007.0,100.0,123007.0,2.44,yieldmax,https://yieldmaxetfs.com/?fund_csv_ticker=DISO,,,,,
2026-05-01,DISO,Cash&Other,Cash & Other,Cash&Other,CASH,117905.0,1.0,117904.61,2.34,yieldmax,https://yieldmaxetfs.com/?fund_csv_ticker=DISO,,,,,
2026-05-01,DISO,DIS   260515C00110000,DIS US 05/15/26 C110,DIS   260515C00110000,OPTION_CALL,492.0,1.56,76752.0,1.52,yieldmax,https://yieldmaxetfs.com/?fund_csv_ticker=DISO,,,,,
2026-05-01,DISO,DIS   260501C00106000,DIS US 05/01/26 C106,DIS   260501C00106000,OPTION_CALL,492.0,0.075,3690.0,0.07,yieldmax,https://yieldmaxetfs.com/?fund_csv_ticker=DISO,,,,,
2026-05-01,DISO,DIS   260501C00104000,DIS US 05/01/26 C104,DIS   260501C00104000,OPTION_CALL,-492.0,0.485,-23862.0,-0.47,yieldmax,https://yieldmaxetfs.com/?fund_csv_ticker=DISO,,,,,
2026-05-01,DISO,2DIS  260515P00110010,DIS 05/15/2026 110.01 P,2DIS  260515P00110010,OPTION_PUT,-492.0,7.7237,-380006.04,-7.54,yieldmax,https://yieldmaxetfs.com/?fund_csv_ticker=DISO,,,,,
2026-10-02,DJTU,25400Q105-TRS-09/04/28-L,TRUMP MEDIA & TECH GROUP SWAP CANTOR,,SWAP,1140949.0,,10165855.59,103.12,rex_shares,https://www.rexshares.com/DJTU/,,,,,
2026-10-02,DJTU,25400Q105-TRS-10/13/27-L,TRUMP MEDIA & TECHNOLOGY GROUP COM SWAP CS,,SWAP,1071846.0,,9550147.86,96.87,rex_shares,https://www.rexshares.com/DJTU/,,,,,
2026-10-02,DJTU,FGXXX,FIRST AMERICAN GOVERNMENT OBLI FIRST AM GOV OBLIG X,31846V336,COMMON_STOCK,596067.0,,596066.89,6.05,rex_shares,https://www.rexshares.com/DJTU/,,,,,
2026-10-02,DJTU,Cash&Other,Cash & Other,,CASH,-10461666.0,,-10461666.05,-106.12,rex_shares,https://www.rexshares.com/DJTU/,,,,,
2026-08-27,DKNX,Cash&Other,Cash & Other,Cash&Other,CASH,3152033.0,,,91.3,defiance,https://www.defianceetfs.com/dknx-full-holdings/,,,,,
2026-08-27,DKNX,FGXXX,First American Government Obligations Fund 12/01/2031,31846V336,COMMON_STOCK,292436.0,,,8.47,defiance,https://www.defianceetfs.com/dknx-full-holdings/,,,,,
2026-10-05,DLLL,,US Dollars,,CASH,243473853.90431002,1.0,243473853.90431002,100.0,granite_shares,https://graniteshares.com/media/gtrj53wm/dlll_holdings_file_20261004.xls,,,,,
2026-10-05,DLLL,DELL,DELL,DELL,OTHER,865366.0,562.52,486785682.32,1.999334,granite_shares,https://graniteshares.com/media/gtrj53wm/dlll_holdings_file_20261004.xls,,,,,
2026-05-12,DRAY,Cash&Other,Cash & Other,Cash&Other,CASH,944478.0,1.0,944477.8,35.93,yieldmax,https://yieldmaxetfs.com/?fund_csv_ticker=DRAY,,,,,
2026-05-12,DRAY,912797RF6,United States Treasury Bill 07/09/2026,912797RF6,TREASURY,677000.0,99.421607,673084.28,25.61,yieldmax,https://yieldmaxetfs.com/?fund_csv_ticker=DRAY,,,,,
2026-05-12,DRAY,912797RG4,United States Treasury Bill 08/06/2026,912797RG4,TREASURY,631000.0,99.138806,625565.87,23.8,yieldmax,https://yieldmaxetfs.com/?fund_csv_ticker=DRAY,,,,,
2026-05-12,DRAY,FGXXX,First American Government Obligations Fund 12/01/2031,31846V336,COMMON_STOCK,424677.0,100.0,424676.76,16.16,yieldmax,https://yieldmaxetfs.com/?fund_csv_ticker=DRAY,,,,,
2026-05-12,DRAY,2DKNG 260717C00025010,DKNG 07/17/2026 25.01 C,2DKNG 260717C00025010,OPTION_CALL,1090.0,2.0203,220212.7,8.38,yieldmax,https://yieldmaxetfs.com/?fund_csv_ticker=DRAY,,,,,
2026-05-12,DRAY,DKNG  260515C00028000,DKNG US 05/15/26 C28,DKNG  260515C00028000,OPTION_CALL,300.0,0.035,1050.0,0.04,yieldmax,https://yieldmaxetfs.com/?fund_csv_ticker=DRAY,,,,,
2026-05-12,DRAY,DKNG  260515C00029000,DKNG US 05/15/26 C29,DKNG  260515C00029000,OPTION_CALL,790.0,0.01,790.0,0.03,yieldmax,https://yieldmaxetfs.com/?fund_csv_ticker=DRAY,,,,,
2026-05-12,DRAY,DKNG  260515C00026500,DKNG US 05/15/26 C26.5,DKNG  260515C00026500,OPTION_CALL,-300.0,0.11,-3300.0,-0.13,yieldmax,https://yieldmaxetfs.com/?fund_csv_ticker=DRAY,,,,,
2026-05-12,DRAY,DKNG  260515C00027000,DKNG US 05/15/26 C27,DKNG  260515C00027000,OPTION_CALL,-790.0,0.065,-5135.0,-0.2,yieldmax,https://yieldmaxetfs.com/?fund_csv_ticker=DRAY,,,,,
2026-05-12,DRAY,2DKNG 260717P00025010,DKNG 07/17/2026 25.01 P,2DKNG 260717P00025010,OPTION_PUT,-1090.0,2.3225,-253152.5,-9.63,yieldmax,https://yieldmaxetfs.com/?fund_csv_ticker=DRAY,,,,,
2026-10-05,DRIP,,DREYFUS GOVT CASH MAN INS,X9USDDGCM,MONEY_MARKET,73349580.11,1.0,73349580.11,58.1951485027,direxion,https://www.direxion.com/holdings/DRIP.csv,,,,,
2026-10-05,DRIP,,GOLDMAN FINL SQ TRSRY INST 506,X9USDGSFC,OTHER,48229733.35,1.0,48229733.35,38.2652019322,direxion,https://www.direxion.com/holdings/DRIP.csv,,,,,
2026-10-05,DRIP,,DREYFUS TRSRY SECURITIES CASH MGMT,X9USDDTP3,CASH,13430044.81,1.0,13430044.81,10.6553227836,direxion,https://www.direxion.com/holdings/DRIP.csv,,,,,
2026-10-05,DRIP,,SPSIOP SWAP ASSET LEG,SPSIOPUBS,SWAP,-1523.0,7124.98,-10851344.54,-8.6093963457,direxion,https://www.direxion.com/holdings/DRIP.csv,,,,,
2026-10-05,DRIP,,SPSIOP SWAP ASSET LEG,SPSIOPCTS,SWAP,-7000.0,7124.98,-49874860.0,-39.5704362574,direxion,https://www.direxion.com/holdings/DRIP.csv,,,,,
2026-10-05,DRIP,,SPSIOP SWAP ASSET LEG,SPSIOPGSS,SWAP,-8000.0,7124.98,-56999840.0,-45.2233557227,direxion,https://www.direxion.com/holdings/DRIP.csv,,,,,
2026-10-05,DRIP,,SPSIOP SWAP ASSET LEG,SPSIOPJPS,SWAP,-8253.0,7124.98,-58802459.94,-46.6535443475,direxion,https://www.direxion.com/holdings/DRIP.csv,,,,,
2026-10-05,DRIP,,SPSIOP SWAP ASSET LEG,SPSIOPMLS,SWAP,-10604.0,7124.98,-75553287.92,-59.9435580105,direxion,https://www.direxion.com/holdings/DRIP.csv,,,,,
2026-08-26,DRNL,912797TY3,United States Treasury Bill 08/27/2026,912797TY3,TREASURY,170000.0,,,36.88,defiance,https://www.defianceetfs.com/drnl-full-holdings/,,,,,
2026-08-26,DRNL,03945R102-TRS-09/08/28-L-DRNL,Archer Aviation Swap Cant-l,03945R102-TRS-09/08/28-L-DRNL,SWAP,19252.0,,,24.64,defiance,https://www.defianceetfs.com/drnl-full-holdings/,,,,,
2026-08-26,DRNL,009422106-TRS-09/08/28-L-DRNL,Airo Group Hldgs Swap Cant-l,009422106-TRS-09/08/28-L-DRNL,SWAP,12866.0,,,22.11,defiance,https://www.defianceetfs.com/drnl-full-holdings/,,,,,
2026-08-26,DRNL,50077B207-TRS-09/08/28-L-DRNL,Kratos Defense & Sec Swap Cant-l,50077B207-TRS-09/08/28-L-DRNL,SWAP,1823.0,,,20.93,defiance,https://www.defianceetfs.com/drnl-full-holdings/,,,,,
2026-08-26,DRNL,91532F102-TRS-09/08/28-L-DRNL,Unusual Machs Inc Swap Cant-l,91532F102-TRS-09/08/28-L-DRNL,SWAP,3995.0,,,20.7,defiance,https://www.defianceetfs.com/drnl-full-holdings/,,,,,
2026-08-26,DRNL,29970N104-TRS-09/08/28-L-DRNL,Eve Hldg Inc Swap Cant-l,29970N104-TRS-09/08/28-L-DRNL,SWAP,37293.0,,,19.42,defiance,https://www.defianceetfs.com/drnl-full-holdings/,,,,,
2026-08-26,DRNL,008073108-TRS-09/08/28-L-DRNL,Aerovironment Inc Swap Cant-l,008073108-TRS-09/08/28-L-DRNL,SWAP,574.0,,,18.29,defiance,https://www.defianceetfs.com/drnl-full-holdings/,,,,,
2026-08-26,DRNL,68236H204-TRS-09/08/28-L-DRNL,Ondas Inc Com Swap Cant-l,68236H204-TRS-09/08/28-L-DRNL,SWAP,10226.0,,,18.23,defiance,https://www.defianceetfs.com/drnl-full-holdings/,,,,,
2026-08-26,DRNL,G65163100-TRS-09/08/28-L-DRNL,Joby Aviation Inc Swap Cant-l,G65163100-TRS-09/08/28-L-DRNL,SWAP,11168.0,,,17.3,defiance,https://www.defianceetfs.com/drnl-full-holdings/,,,,,
2026-08-26,DRNL,75644T100-TRS-09/08/28-L-DRNL,Red Cat Hldgs Swap Cant-l,75644T100-TRS-09/08/28-L-DRNL,SWAP,8411.0,,,16.29,defiance,https://www.defianceetfs.com/drnl-full-holdings/,,,,,
2026-08-26,DRNL,FGXXX,First American Government Obligations Fund 12/01/2031,31846V336,COMMON_STOCK,74627.0,,,16.19,defiance,https://www.defianceetfs.com/drnl-full-holdings/,,,,,
2026-08-26,DRNL,26853E102-TRS-09/08/28-L-DRNL,Ehang Hldgs Swap Cant-l,26853E102-TRS-09/08/28-L-DRNL,SWAP,13510.0,,,14.23,defiance,https://www.defianceetfs.com/drnl-full-holdings/,,,,,
2026-08-26,DRNL,G9471C206-TRS-09/08/28-L-DRNL,Vertical Aerospace Swap Cant-l,G9471C206-TRS-09/08/28-L-DRNL,SWAP,49379.0,,,8.04,defiance,https://www.defianceetfs.com/drnl-full-holdings/,,,,,
2026-08-26,DRNL,Cash&Other,Cash & Other,Cash&Other,CASH,-707542.0,,,-153.49,defiance,https://www.defianceetfs.com/drnl-full-holdings/,,,,,
2026-10-05,DUST,,DREYFUS GOVT CASH MAN INS,X9USDDGCM,MONEY_MARKET,67610392.27,1.0,67610392.27,66.0201575134,direxion,https://www.direxion.com/holdings/DUST.csv,,,,,
2026-10-05,DUST,,GOLDMAN FINL SQ TRSRY INST 506,X9USDGSFC,OTHER,37216683.94,1.0,37216683.94,36.3413264344,direxion,https://www.direxion.com/holdings/DUST.csv,,,,,
2026-10-05,DUST,,GDX SWAP ASSET LEG,GDXUBS,SWAP,-189944.0,87.78,-16673284.32,-16.2811192202,direxion,https://www.direxion.com/holdings/DUST.csv,,,,,
2026-10-05,DUST,,GDX SWAP ASSET LEG,GDXCTS,SWAP,-200794.0,87.78,-17625697.32,-17.2111309265,direxion,https://www.direxion.com/holdings/DUST.csv,,,,,
2026-10-05,DUST,,GDX SWAP ASSET LEG,GDXBPS,SWAP,-476520.0,87.78,-41828925.6,-40.8450855558,direxion,https://www.direxion.com/holdings/DUST.csv,,,,,
2026-10-05,DUST,,GDX SWAP ASSET LEG,GDXJPS,SWAP,-489996.0,87.78,-43011848.88,-42.0001858096,direxion,https://www.direxion.com/holdings/DUST.csv,,,,,
2026-10-05,DUST,,GDX SWAP ASSET LEG,GDXMLS,SWAP,-976027.0,87.78,-85675650.06,-83.6605101984,direxion,https://www.direxion.com/holdings/DUST.csv,,,,,
2026-10-02,EOSU,29415C101-TRS-03/10/27-L,EOS ENERGY ENTERPRISES INC SWAP MAREX,,SWAP,2751020.0,,8830774.2,100.54,rex_shares,https://www.rexshares.com/EOSU/,,,,,
2026-10-02,EOSU,29415C101-TRS-01/19/28-L,EOS ENERGY ENTERPRISES INC SWAP CS,,SWAP,2721410.0,,8735726.1,99.46,rex_shares,https://www.rexshares.com/EOSU/,,,,,
2026-10-02,EOSU,FGXXX,FIRST AMERICAN GOVERNMENT OBLI FIRST AM GOV OBLIG X,31846V336,COMMON_STOCK,606782.0,,606782.46,6.91,rex_shares,https://www.rexshares.com/EOSU/,,,,,
2026-10-02,EOSU,Cash&Other,Cash & Other,,CASH,-9395542.0,,-9395542.14,-106.97,rex_shares,https://www.rexshares.com/EOSU/,,,,,
2026-10-05,ERX,,IXE SWAP ASSET LEG,IXEJPL,SWAP,62265.0,1323.07,82380953.55,35.590848216,direxion,https://www.direxion.com/holdings/ERX.csv,,,,,
2026-10-05,ERX,,IXE SWAP ASSET LEG,IXEUBL,SWAP,58503.0,1323.07,77403564.21,33.44047849,direxion,https://www.direxion.com/holdings/ERX.csv,,,,,
2026-10-05,ERX,,DREYFUS GOVT CASH MAN INS,X9USDDGCM,MONEY_MARKET,55894574.12,1.0,55894574.12,24.1480004525,direxion,https://www.direxion.com/holdings/ERX.csv,,,,,
2026-10-05,ERX,,IXE SWAP ASSET LEG,IXEBPL,SWAP,37953.0,1323.07,50214475.71,21.6940409916,direxion,https://www.direxion.com/holdings/ERX.csv,,,,,
2026-10-05,ERX,,IXE SWAP ASSET LEG,IXEMLL,SWAP,37896.0,1323.07,50139060.72,21.6614596321,direxion,https://www.direxion.com/holdings/ERX.csv,,,,,
2026-10-05,ERX,XOM,EXXONMOBIL HOLDINGS CORP,30233Q108,COMMON_STOCK,238020.0,164.01,39037660.2,16.8653478628,direxion,https://www.direxion.com/holdings/ERX.csv,,,,,
2026-10-05,ERX,,IXE SWAP ASSET LEG,IXEBCL,SWAP,29207.0,1323.07,38642905.49,16.6948029205,direxion,https://www.direxion.com/holdings/ERX.csv,,,,,
2026-10-05,ERX,CVX,CHEVRON CORP,166764100,COMMON_STOCK,142501.0,206.69,29453531.69,12.7247395257,direxion,https://www.direxion.com/holdings/ERX.csv,,,,,
2026-10-05,ERX,,GOLDMAN FINL SQ TRSRY INST 506,X9USDGSFC,OTHER,15933361.9,1.0,15933361.9,6.8836525983,direxion,https://www.direxion.com/holdings/ERX.csv,,,,,
2026-10-05,ERX,COP,CONOCOPHILLIPS,20825C104,COMMON_STOCK,86645.0,126.75,10982253.75,4.7446370726,direxion,https://www.direxion.com/holdings/ERX.csv,,,,,
2026-10-05,ERX,MPC,MARATHON PETROLEUM CORP,56585A102,COMMON_STOCK,19147.0,422.33,8086352.51,3.4935277197,direxion,https://www.direxion.com/holdings/ERX.csv,,,,,
2026-10-05,ERX,VLO,VALERO ENERGY CORP,91913Y100,COMMON_STOCK,19664.0,406.3,7989483.2,3.4516775012,direxion,https://www.direxion.com/holdings/ERX.csv,,,,,
2026-10-05,ERX,PSX,PHILLIPS 66,718546104,COMMON_STOCK,29327.0,264.58,7759337.66,3.3522482687,direxion,https://www.direxion.com/holdings/ERX.csv,,,,,
2026-10-05,ERX,WMB,WILLIAMS COS INC,969457100,COMMON_STOCK,101771.0,70.54,7178926.34,3.101494541,direxion,https://www.direxion.com/holdings/ERX.csv,,,,,
2026-10-05,ERX,EOG,EOG RESOURCES INC,26875P101,COMMON_STOCK,45084.0,141.38,6373975.92,2.7537337179,direxion,https://www.direxion.com/holdings/ERX.csv,,,,,
2026-10-05,ERX,SLB,SLB LTD,806857108,COMMON_STOCK,127561.0,48.74,6217323.14,2.6860553884,direxion,https://www.direxion.com/holdings/ERX.csv,,,,,
2026-10-05,ERX,KMI,KINDER MORGAN INC,49456B101,COMMON_STOCK,168426.0,31.07,5232995.82,2.2607987881,direxion,https://www.direxion.com/holdings/ERX.csv,,,,,
2026-10-05,ERX,TRGP,TARGA RESOURCES CORP,87612G101,COMMON_STOCK,18430.0,281.74,5192468.2,2.2432897364,direxion,https://www.direxion.com/holdings/ERX.csv,,,,,
2026-10-05,ERX,BKR,BAKER HUGHES CO,05722G100,COMMON_STOCK,85320.0,56.0,4777920.0,2.0641934595,direxion,https://www.direxion.com/holdings/ERX.csv,,,,,
2026-10-05,ERX,,FALCON TOPCO INC,30609A109,OTHER,54180.0,87.88,4761338.4,2.0570297502,direxion,https://www.direxion.com/holdings/ERX.csv,,,,,
2026-10-05,ERX,DVN,DEVON ENERGY CORP,25179M103,COMMON_STOCK,94545.0,47.65,4505069.25,1.9463143963,direxion,https://www.direxion.com/holdings/ERX.csv,,,,,
2026-10-05,ERX,OXY,OCCIDENTAL PETROLEUM CORP,674599105,COMMON_STOCK,62721.0,58.08,3642835.68,1.5738056696,direxion,https://www.direxion.com/holdings/ERX.csv,,,,,
2026-10-05,ERX,FANG,DIAMONDBACK ENERGY INC,25278X109,COMMON_STOCK,17570.0,184.71,3245354.7,1.4020829034,direxion,https://www.direxion.com/holdings/ERX.csv,,,,,
2026-10-05,ERX,EQT,EQT CORP,26884L109,COMMON_STOCK,53763.0,50.17,2697289.71,1.165303684,direxion,https://www.direxion.com/holdings/ERX.csv,,,,,
2026-10-05,ERX,HAL,HALLIBURTON CO,406216101,COMMON_STOCK,71607.0,31.85,2280682.95,0.9853180523,direxion,https://www.direxion.com/holdings/ERX.csv,,,,,
2026-10-05,ERX,TPL,TEXAS PACIFIC LAND CORP,88262P102,COMMON_STOCK,5040.0,340.19,1714557.6,0.7407362584,direxion,https://www.direxion.com/holdings/ERX.csv,,,,,
2026-10-05,ERX,EXE,EXPAND ENERGY CORP,165167735,COMMON_STOCK,19897.0,85.52,1701591.44,0.735134519,direxion,https://www.direxion.com/holdings/ERX.csv,,,,,
2026-10-05,ERX,APA,APA CORP,03743Q108,COMMON_STOCK,30113.0,43.68,1315335.84,0.5682614272,direxion,https://www.direxion.com/holdings/ERX.csv,,,,,
2026-10-05,ERX,,GOLDMAN SACHS FIN GOV 465 INSTITUT,X9USDGLDS,OTHER,277.55,1.0,277.55,0.0001199093,direxion,https://www.direxion.com/holdings/ERX.csv,,,,,
2026-06-09,ETRL,,US Dollars,,CASH,1258012.594233,1.0,1258012.594233,100.0,granite_shares,https://www.graniteshares.com/media/zlwnq0vw/etrl_holdings_file_20260608.xls,,,,,
2026-06-09,ETRL,ETOR,ETOR,ETOR,OTHER,0.0,,0.0,0.0,granite_shares,https://www.graniteshares.com/media/zlwnq0vw/etrl_holdings_file_20260608.xls,,,,,
2026-10-02,ETU,46438R105-TRS-11/05/26-L,ISHARES ETHEREUM TRUST SWAP-L,,SWAP,1707830.0,,34344461.3,200.02,rex_shares,https://www.rexshares.com/ETU/,,,,,
2026-10-02,ETU,FGXXX,FIRST AMERICAN GOVERNMENT OBLI FIRST AM GOV OBLIG X,31846V336,COMMON_STOCK,1717285.0,,1717284.53,10.0,rex_shares,https://www.rexshares.com/ETU/,,,,,
2026-10-02,ETU,Cash&Other,Cash & Other,,CASH,-18891620.0,,-18891620.4,-110.03,rex_shares,https://www.rexshares.com/ETU/,,,,,
2026-10-05,FAZ,,DREYFUS GOVT CASH MAN INS,X9USDDGCM,MONEY_MARKET,43756772.31,1.0,43756772.31,47.5635994375,direxion,https://www.direxion.com/holdings/FAZ.csv,,,,,
2026-10-05,FAZ,,DREYFUS TRSRY SECURITIES CASH MGMT,X9USDDTP3,CASH,25731458.31,1.0,25731458.31,27.970088089,direxion,https://www.direxion.com/holdings/FAZ.csv,,,,,
2026-10-05,FAZ,,GOLDMAN FINL SQ TRSRY INST 506,X9USDGSFC,OTHER,25144639.97,1.0,25144639.97,27.3322167152,direxion,https://www.direxion.com/holdings/FAZ.csv,,,,,
2026-10-05,FAZ,,IXM SWAP ASSET LEG,IXMUBS,SWAP,-26169.0,659.74,-17264736.06,-18.7667633375,direxion,https://www.direxion.com/holdings/FAZ.csv,,,,,
2026-10-05,FAZ,,IXM SWAP ASSET LEG,IXMMLS,SWAP,-41633.0,659.74,-27466955.42,-29.8565729691,direxion,https://www.direxion.com/holdings/FAZ.csv,,,,,
2026-10-05,FAZ,,IXM SWAP ASSET LEG,IXMGSS,SWAP,-91521.0,659.74,-60380064.54,-65.6331135086,direxion,https://www.direxion.com/holdings/FAZ.csv,,,,,
2026-10-05,FAZ,,IXM SWAP ASSET LEG,IXMSGS,SWAP,-123000.0,659.74,-81148020.0,-88.207875368,direxion,https://www.direxion.com/holdings/FAZ.csv,,,,,
2026-10-05,FAZ,,IXM SWAP ASSET LEG,IXMJPS,SWAP,-136008.0,659.74,-89729917.92,-97.5363960411,direxion,https://www.direxion.com/holdings/FAZ.csv,,,,,
2026-10-05,FBL,,US Dollars,,CASH,179877888.986077,1.0,179877888.986077,100.0,granite_shares,https://graniteshares.com/media/4e4jl2hg/fbl_holdings_file_20261004.xls,,,,,
2026-10-05,FBL,META,META,META,OTHER,493746.0,728.08,359486587.68,1.9985030000000001,granite_shares,https://graniteshares.com/media/4e4jl2hg/fbl_holdings_file_20261004.xls,,,,,
2026-05-01,FBY,912797RG4,United States Treasury Bill 08/06/2026,912797RG4,TREASURY,27128000.0,99.035389,26866320.33,26.05,yieldmax,https://yieldmaxetfs.com/?fund_csv_ticker=FBY,,,,,
2026-05-01,FBY,912797RF6,United States Treasury Bill 07/09/2026,912797RF6,TREASURY,20035000.0,99.309521,19896662.53,19.29,yieldmax,https://yieldmaxetfs.com/?fund_csv_ticker=FBY,,,,,
2026-05-01,FBY,912797RS8,United States Treasury Bill 09/03/2026,912797RS8,TREASURY,16751000.0,98.758681,16543066.65,16.04,yieldmax,https://yieldmaxetfs.com/?fund_csv_ticker=FBY,,,,,
2026-05-01,FBY,912797TR8,United States Treasury Bill 05/12/2026,912797TR8,TREASURY,15378000.0,99.890894,15361221.68,14.89,yieldmax,https://yieldmaxetfs.com/?fund_csv_ticker=FBY,,,,,
2026-05-01,FBY,912797QX8,United States Treasury Bill 06/11/2026,912797QX8,TREASURY,10463000.0,99.590569,10420161.23,10.1,yieldmax,https://yieldmaxetfs.com/?fund_csv_ticker=FBY,,,,,
2026-05-01,FBY,META  260618C00570000,META US 06/18/26 C570,META  260618C00570000,OPTION_CALL,1395.0,57.675,8045662.5,7.8,yieldmax,https://yieldmaxetfs.com/?fund_csv_ticker=FBY,,,,,
2026-05-01,FBY,Cash&Other,Cash & Other,Cash&Other,CASH,3607981.0,1.0,3607981.27,3.5,yieldmax,https://yieldmaxetfs.com/?fund_csv_ticker=FBY,,,,,
2026-05-01,FBY,FGXXX,First American Government Obligations Fund 12/01/2031,31846V336,COMMON_STOCK,3531371.0,100.0,3531371.44,3.42,yieldmax,https://yieldmaxetfs.com/?fund_csv_ticker=FBY,,,,,
2026-05-01,FBY,2META 260618C00570010,META 06/18/2026 570.01 C,2META 260618C00570010,OPTION_CALL,265.0,56.7537,1503973.05,1.46,yieldmax,https://yieldmaxetfs.com/?fund_csv_ticker=FBY,,,,,
2026-05-01,FBY,META  260508C00632500,META PLA CLL OPT 05/26 632.500,META  260508C00632500,OPTION_CALL,600.0,6.2,372000.0,0.36,yieldmax,https://yieldmaxetfs.com/?fund_csv_ticker=FBY,,,,,
2026-05-01,FBY,META  260508C00637500,META PLA CLL OPT 05/26 637.500,META  260508C00637500,OPTION_CALL,450.0,4.625,208125.0,0.2,yieldmax,https://yieldmaxetfs.com/?fund_csv_ticker=FBY,,,,,
2026-05-01,FBY,META  260508C00647500,META PLA CLL OPT 05/26 647.500,META  260508C00647500,OPTION_CALL,460.0,3.4,156400.0,0.15,yieldmax,https://yieldmaxetfs.com/?fund_csv_ticker=FBY,,,,,
2026-05-01,FBY,META  260508C00635000,META PLA CLL OPT 05/26 635,META  260508C00635000,OPTION_CALL,150.0,5.65,84750.0,0.08,yieldmax,https://yieldmaxetfs.com/?fund_csv_ticker=FBY,,,,,
2026-05-01,FBY,META  260508C00617500,META PLA CLL OPT 05/26 617.500,META  260508C00617500,OPTION_CALL,-150.0,11.25,-168750.0,-0.16,yieldmax,https://yieldmaxetfs.com/?fund_csv_ticker=FBY,,,,,
2026-05-01,FBY,META  260508C00630000,META PLA CLL OPT 05/26 630,META  260508C00630000,OPTION_CALL,-460.0,6.55,-301300.0,-0.29,yieldmax,https://yieldmaxetfs.com/?fund_csv_ticker=FBY,,,,,
2026-05-01,FBY,META  260508C00620000,META PLA CLL OPT 05/26 620,META  260508C00620000,OPTION_CALL,-450.0,10.0,-450000.0,-0.44,yieldmax,https://yieldmaxetfs.com/?fund_csv_ticker=FBY,,,,,
2026-05-01,FBY,META  260508C00615000,META PLA CLL OPT 05/26 615,META  260508C00615000,OPTION_CALL,-600.0,12.125,-727500.0,-0.71,yieldmax,https://yieldmaxetfs.com/?fund_csv_ticker=FBY,,,,,
2026-05-01,FBY,2META 260618P00570010,META 06/18/2026 570.01 P,2META 260618P00570010,OPTION_PUT,-1660.0,11.4419,-1899355.4,-1.84,yieldmax,https://yieldmaxetfs.com/?fund_csv_ticker=FBY,,,,,
2026-10-05,FBYY,,US Dollars,,CASH,221349.30806370793,1.0,221349.30806370793,69.42019825149677,granite_shares,https://graniteshares.com/media/v3lpishu/fbyy_holdings_file_20261002.xls,,,,,
2026-10-05,FBYY,912797UL9,US TBill 10/22/2026,912797UL9,TREASURY,100000.0,0.9981997,99819.97,31.30582231078866,granite_shares,https://graniteshares.com/media/v3lpishu/fbyy_holdings_file_20261002.xls,,,,,
2026-10-05,FBYY,FBL261009P00028800,2FBL 10/09/2026 P28.80,2FBL 10/09/2026 P28.80,OPTION_PUT,70.0,0.13,910.0,0.2853967828563531,granite_shares,https://graniteshares.com/media/v3lpishu/fbyy_holdings_file_20261002.xls,2FBL,2026-10-09,28.8,P,long
2026-10-05,FBYY,FBL261005P00027940,2FBL 10/05/2026 P27.94,2FBL 10/05/2026 P27.94,OPTION_PUT,40.0,0.014048,56.192,0.017623094529960654,granite_shares,https://graniteshares.com/media/v3lpishu/fbyy_holdings_file_20261002.xls,2FBL,2026-10-05,27.94,P,long
2026-10-05,FBYY,FBL261005P00029490,2FBL 10/05/2026 P29.49,2FBL 10/05/2026 P29.49,OPTION_PUT,-40.0,0.085285,-341.14,-0.106989295058919,granite_shares,https://graniteshares.com/media/v3lpishu/fbyy_holdings_file_20261002.xls,2FBL,2026-10-05,29.49,P,short
2026-10-05,FBYY,FBL261009P00030400,2FBL 10/09/2026 P30.40,2FBL 10/09/2026 P30.40,OPTION_PUT,-70.0,0.42,-2940.0,-0.9220511446128331,granite_shares,https://graniteshares.com/media/v3lpishu/fbyy_holdings_file_20261002.xls,2FBL,2026-10-09,30.4,P,short
2026-10-02,FGRU,349381103-TRS-02/23/28-L,FIGURE TECHNOLOGY SOLUTIONS SWAP CLEAR STREET,,SWAP,277099.0,,7905634.47,200.01,rex_shares,https://www.rexshares.com/FGRU/,,,,,
2026-10-02,FGRU,FGXXX,FIRST AMERICAN GOVERNMENT OBLI FIRST AM GOV OBLIG X,31846V336,COMMON_STOCK,78531.0,,78531.0,1.99,rex_shares,https://www.rexshares.com/FGRU/,,,,,
2026-10-02,FGRU,Cash&Other,Cash & Other,,CASH,-4034316.0,,-4034315.93,-102.07,rex_shares,https://www.rexshares.com/FGRU/,,,,,
2026-10-05,FINY,912797UL9,US TBill 10/22/2026,912797UL9,TREASURY,400000.0,0.99819965,399279.86,54.63446900580639,granite_shares,https://graniteshares.com/media/rboec2rl/finy_holdings_file_20261002.xls,,,,,
2026-10-05,FINY,,US Dollars,,CASH,339518.1575904388,1.0,339518.1575904388,46.45712472896408,granite_shares,https://graniteshares.com/media/rboec2rl/finy_holdings_file_20261002.xls,,,,,
2026-10-05,FINY,FAS261005P00132480,2FAS 10/05/2026 P132.48,2FAS 10/05/2026 P132.48,OPTION_PUT,50.0,0.310002,1550.01,0.21209177268217325,granite_shares,https://graniteshares.com/media/rboec2rl/finy_holdings_file_20261002.xls,2FAS,2026-10-05,132.48,P,long
2026-10-05,FINY,FAS261005P00139840,2FAS 10/05/2026 P139.84,2FAS 10/05/2026 P139.84,OPTION_PUT,-50.0,1.90552,-9527.6,-1.303685507452645,granite_shares,https://graniteshares.com/media/rboec2rl/finy_holdings_file_20261002.xls,2FAS,2026-10-05,139.84,P,short
2026-10-05,FIYY,912797UL9,US TBill 10/22/2026,912797UL9,TREASURY,400000.0,0.99819965,399279.86,56.63659440086683,granite_shares,https://graniteshares.com/media/k4qcuzyo/fiyy_holdings_file_20261002.xls,,,,,
2026-10-05,FIYY,,US Dollars,,CASH,310769.6123944111,1.0,310769.6123944111,44.08169370049584,granite_shares,https://graniteshares.com/media/k4qcuzyo/fiyy_holdings_file_20261002.xls,,,,,
2026-10-05,FIYY,TMF261005P00023840,2TMF 10/05/2026 P23.84,2TMF 10/05/2026 P23.84,OPTION_PUT,280.0,0.015754,441.112,0.06257035210680341,granite_shares,https://graniteshares.com/media/k4qcuzyo/fiyy_holdings_file_20261002.xls,2TMF,2026-10-05,23.84,P,long
2026-10-05,FIYY,TMF261005P00025170,2TMF 10/05/2026 P25.17,2TMF 10/05/2026 P25.17,OPTION_PUT,-280.0,0.19660499999999997,-5504.94,-0.7808584534694734,granite_shares,https://graniteshares.com/media/k4qcuzyo/fiyy_holdings_file_20261002.xls,2TMF,2026-10-05,25.17,P,short
2026-04-21,FLYT,AXSBPK4SR9MAR,CFD FIREFLY AEROSPACE INC,,SWAP,430285.0,42.09,18110695.65,200.0,tradr_axs,https://axsetf.filepoint.live/assets/data/BBH_AXS_ETF_PVAL_WEB.20260421.csv,,,,,
2026-04-21,FLYT,USD,CASHUSD,CASHUSD,CASH,3788118.6,,3788118.6,41.83,tradr_axs,https://axsetf.filepoint.live/assets/data/BBH_AXS_ETF_PVAL_WEB.20260421.csv,,,,,
2026-04-21,FLYT,,NET OTHER ASSETS,,OTHER,-2752171.56,,-2752171.56,-30.39,tradr_axs,https://axsetf.filepoint.live/assets/data/BBH_AXS_ETF_PVAL_WEB.20260421.csv,,,,,
2026-04-21,FLYT,AXSBPK4SR9MAR,CFD FIREFLY AEROSPACE INC,,SWAP,-10091283.38,100.0,-10091283.38,-111.44,tradr_axs,https://axsetf.filepoint.live/assets/data/BBH_AXS_ETF_PVAL_WEB.20260421.csv,,,,,
2026-04-21,GEVX,AXSBP6H4Y1CLS,CFD GE VERNOVA INC,,SWAP,66849.0,991.3,66267413.7,200.0,tradr_axs,https://axsetf.filepoint.live/assets/data/BBH_AXS_ETF_PVAL_WEB.20260421.csv,,,,,
2026-04-21,GEVX,USD,CASHUSD,CASHUSD,CASH,12074177.85,,12074177.85,36.44,tradr_axs,https://axsetf.filepoint.live/assets/data/BBH_AXS_ETF_PVAL_WEB.20260421.csv,,,,,
2026-04-21,GEVX,,NET OTHER ASSETS,,OTHER,-3038660.89,,-3038660.89,-9.17,tradr_axs,https://axsetf.filepoint.live/assets/data/BBH_AXS_ETF_PVAL_WEB.20260421.csv,,,,,
2026-04-21,GEVX,AXSBP6H4Y1CLS,CFD GE VERNOVA INC,,SWAP,-42169120.23,100.0,-42169120.23,-127.27,tradr_axs,https://axsetf.filepoint.live/assets/data/BBH_AXS_ETF_PVAL_WEB.20260421.csv,,,,,
2026-10-02,GLXU,36317J209-TRS-08/11/27-L,GALAXY DIGITAL INC SWAP CLEARSTREET,,SWAP,1198222.0,,27630999.32,200.0,rex_shares,https://www.rexshares.com/GLXU/,,,,,
2026-10-02,GLXU,FGXXX,FIRST AMERICAN GOVERNMENT OBLI FIRST AM GOV OBLIG X,31846V336,COMMON_STOCK,284720.0,,284720.4,2.06,rex_shares,https://www.rexshares.com/GLXU/,,,,,
2026-10-02,GLXU,Cash&Other,Cash & Other,,CASH,-14109051.0,,-14109050.51,-102.13,rex_shares,https://www.rexshares.com/GLXU/,,,,,
2026-10-02,GMEU,36467W109-TRS-04/27/27-L,GAMESTOP SWAP CLEARSTREET,,SWAP,1170833.0,,28919575.1,116.33,rex_shares,https://www.rexshares.com/GMEU/,,,,,
2026-10-02,GMEU,36467W109-TRS-08/16/27-L,GAMESTOP SWAP MAREX,,SWAP,842060.0,,20798882.0,83.67,rex_shares,https://www.rexshares.com/GMEU/,,,,,
2026-10-02,GMEU,FGXXX,FIRST AMERICAN GOVERNMENT OBLI FIRST AM GOV OBLIG X,31846V336,COMMON_STOCK,774718.0,,774717.8,3.12,rex_shares,https://www.rexshares.com/GMEU/,,,,,
2026-10-02,GMEU,Cash&Other,Cash & Other,,CASH,-25655408.0,,-25655408.38,-103.2,rex_shares,https://www.rexshares.com/GMEU/,,,,,
2026-05-12,GMEY,FGXXX,First American Government Obligations Fund 12/01/2031,31846V336,COMMON_STOCK,1082178.0,100.0,1082178.17,45.48,yieldmax,https://yieldmaxetfs.com/?fund_csv_ticker=GMEY,,,,,
2026-05-12,GMEY,912797RG4,United States Treasury Bill 08/06/2026,912797RG4,TREASURY,628000.0,99.138806,622591.7,26.17,yieldmax,https://yieldmaxetfs.com/?fund_csv_ticker=GMEY,,,,,
2026-05-12,GMEY,912797RS8,United States Treasury Bill 09/03/2026,912797RS8,TREASURY,374000.0,98.866333,369760.09,15.54,yieldmax,https://yieldmaxetfs.com/?fund_csv_ticker=GMEY,,,,,
2026-05-12,GMEY,Cash&Other,Cash & Other,Cash&Other,CASH,287432.0,1.0,287432.28,12.08,yieldmax,https://yieldmaxetfs.com/?fund_csv_ticker=GMEY,,,,,
2026-05-12,GMEY,2GME  260618C00023010,GME 06/18/2026 23.01 C,2GME  260618C00023010,OPTION_CALL,1035.0,1.8431,190760.85,8.02,yieldmax,https://yieldmaxetfs.com/?fund_csv_ticker=GMEY,,,,,
2026-05-12,GMEY,GME   260515C00026500,GME US 05/15/26 C26.5,GME   260515C00026500,OPTION_CALL,350.0,0.1,3500.0,0.15,yieldmax,https://yieldmaxetfs.com/?fund_csv_ticker=GMEY,,,,,
2026-05-12,GMEY,GME   260515C00026000,GME US 05/15/26 C26,GME   260515C00026000,OPTION_CALL,300.0,0.115,3450.0,0.14,yieldmax,https://yieldmaxetfs.com/?fund_csv_ticker=GMEY,,,,,
2026-05-12,GMEY,GME   260515C00028000,GME US 05/15/26 C28,GME   260515C00028000,OPTION_CALL,200.0,0.08,1600.0,0.07,yieldmax,https://yieldmaxetfs.com/?fund_csv_ticker=GMEY,,,,,
2026-05-12,GMEY,GME   260515C00028500,GME US 05/15/26 C28.5,GME   260515C00028500,OPTION_CALL,150.0,0.075,1125.0,0.05,yieldmax,https://yieldmaxetfs.com/?fund_csv_ticker=GMEY,,,,,
2026-05-12,GMEY,GME   260515C00027500,GME US 05/15/26 C27.5,GME   260515C00027500,OPTION_CALL,35.0,0.08,280.0,0.01,yieldmax,https://yieldmaxetfs.com/?fund_csv_ticker=GMEY,,,,,
2026-05-12,GMEY,GME   260515C00025000,GME US 05/15/26 C25,GME   260515C00025000,OPTION_CALL,-150.0,0.155,-2325.0,-0.1,yieldmax,https://yieldmaxetfs.com/?fund_csv_ticker=GMEY,,,,,
2026-05-12,GMEY,GME   260515C00024500,GME US 05/15/26 C24.5,GME   260515C00024500,OPTION_CALL,-885.0,0.205,-18142.5,-0.76,yieldmax,https://yieldmaxetfs.com/?fund_csv_ticker=GMEY,,,,,
2026-05-12,GMEY,2GME  260618P00023010,GME 06/18/2026 23.01 P,2GME  260618P00023010,OPTION_PUT,-1035.0,1.5729,-162795.15,-6.84,yieldmax,https://yieldmaxetfs.com/?fund_csv_ticker=GMEY,,,,,
2026-10-02,GOOX,,RECV GOOX TRS GOOG EQ,,SWAP,194343.0,,66144640.05,125.05,rex_shares,https://www.rexshares.com/GOOX/,,,,,
2026-10-02,GOOX,,RECV GOOX TRS GOOG EQ,,SWAP,172806.0,,58814522.1,111.19,rex_shares,https://www.rexshares.com/GOOX/,,,,,
2026-10-02,GOOX,,CASH AND CASH EQUIVALENTS,,CASH,47682098.0,,47682098.26,90.15,rex_shares,https://www.rexshares.com/GOOX/,,,,,
2026-10-02,GOOX,,PAYB GOOX TRS GOOG EQ,,SWAP,-59863574.0,,-59863574.07,-113.18,rex_shares,https://www.rexshares.com/GOOX/,,,,,
2026-10-02,GOOX,,PAYB GOOX TRS GOOG EQ,,SWAP,-59884189.0,,-59884188.88,-113.22,rex_shares,https://www.rexshares.com/GOOX/,,,,,
2026-05-01,GOOY,GOOGL 260515C00310000,GOOGL US 05/15/26 C310,GOOGL 260515C00310000,OPTION_CALL,6950.0,75.675,52594125.0,19.61,yieldmax,https://yieldmaxetfs.com/?fund_csv_ticker=GOOY,,,,,
2026-05-01,GOOY,912797RG4,United States Treasury Bill 08/06/2026,912797RG4,TREASURY,51432000.0,99.035389,50935881.27,18.99,yieldmax,https://yieldmaxetfs.com/?fund_csv_ticker=GOOY,,,,,
2026-05-01,GOOY,912797RS8,United States Treasury Bill 09/03/2026,912797RS8,TREASURY,49651000.0,98.758681,49034672.7,18.28,yieldmax,https://yieldmaxetfs.com/?fund_csv_ticker=GOOY,,,,,
2026-05-01,GOOY,912797RF6,United States Treasury Bill 07/09/2026,912797RF6,TREASURY,47142000.0,99.309521,46816494.39,17.46,yieldmax,https://yieldmaxetfs.com/?fund_csv_ticker=GOOY,,,,,
2026-05-01,GOOY,912797QX8,United States Treasury Bill 06/11/2026,912797QX8,TREASURY,44859000.0,99.590569,44675333.35,16.66,yieldmax,https://yieldmaxetfs.com/?fund_csv_ticker=GOOY,,,,,
2026-05-01,GOOY,912797TR8,United States Treasury Bill 05/12/2026,912797TR8,TREASURY,23029000.0,99.890894,23003873.98,8.58,yieldmax,https://yieldmaxetfs.com/?fund_csv_ticker=GOOY,,,,,
2026-05-01,GOOY,FGXXX,First American Government Obligations Fund 12/01/2031,31846V336,COMMON_STOCK,10881545.0,100.0,10881544.86,4.06,yieldmax,https://yieldmaxetfs.com/?fund_csv_ticker=GOOY,,,,,
2026-05-01,GOOY,GOOGL 260508C00382500,ALPHABET CLL OPT 05/26 382.500,GOOGL 260508C00382500,OPTION_CALL,4820.0,8.875,4277750.0,1.6,yieldmax,https://yieldmaxetfs.com/?fund_csv_ticker=GOOY,,,,,
2026-05-01,GOOY,GOOGL 260508C00395000,ALPHABET CLL OPT 05/26 395,GOOGL 260508C00395000,OPTION_CALL,2000.0,3.7,740000.0,0.28,yieldmax,https://yieldmaxetfs.com/?fund_csv_ticker=GOOY,,,,,
2026-05-01,GOOY,2GOOGL260515P00310010,GOOGL 05/15/2026 310.01 P,2GOOGL260515P00310010,OPTION_PUT,-6950.0,0.138,-95910.0,-0.04,yieldmax,https://yieldmaxetfs.com/?fund_csv_ticker=GOOY,,,,,
2026-05-01,GOOY,GOOGL 260508C00387500,ALPHABET CLL OPT 05/26 387.500,GOOGL 260508C00387500,OPTION_CALL,-1000.0,6.325,-632500.0,-0.24,yieldmax,https://yieldmaxetfs.com/?fund_csv_ticker=GOOY,,,,,
2026-05-01,GOOY,GOOGL 260508C00380000,ALPHABET CLL OPT 05/26 380,GOOGL 260508C00380000,OPTION_CALL,-1000.0,10.2,-1020000.0,-0.38,yieldmax,https://yieldmaxetfs.com/?fund_csv_ticker=GOOY,,,,,
2026-05-01,GOOY,GOOGL 260508C00375000,ALPHABET CLL OPT 05/26 375,GOOGL 260508C00375000,OPTION_CALL,-4820.0,13.55,-6531100.0,-2.44,yieldmax,https://yieldmaxetfs.com/?fund_csv_ticker=GOOY,,,,,
2026-05-01,GOOY,Cash&Other,Cash & Other,Cash&Other,CASH,-7973254.0,1.0,-7973253.59,-2.97,yieldmax,https://yieldmaxetfs.com/?fund_csv_ticker=GOOY,,,,,
2026-10-05,GOU,,US Dollars,,CASH,18506198.923777,1.0,18506198.923777,100.0,granite_shares,https://graniteshares.com/media/kt3krbpp/gou_holdings_file_20261004.xls,,,,,
2026-10-05,GOU,GOOGL,GOOGL,GOOGL,OTHER,107653.0,343.5,36978805.5,1.998184,granite_shares,https://graniteshares.com/media/kt3krbpp/gou_holdings_file_20261004.xls,,,,,
2026-10-05,GUSH,,SPSIOP SWAP ASSET LEG,SPSIOPGSL,SWAP,10907.0,7124.98,77712156.86,36.4663647724,direxion,https://www.direxion.com/holdings/GUSH.csv,,,,,
2026-10-05,GUSH,,SPSIOP SWAP ASSET LEG,SPSIOPCTL,SWAP,9000.0,7124.98,64124820.0,30.0905182865,direxion,https://www.direxion.com/holdings/GUSH.csv,,,,,
2026-10-05,GUSH,,SPSIOP SWAP ASSET LEG,SPSIOPJPL,SWAP,8000.0,7124.98,56999840.0,26.7471273658,direxion,https://www.direxion.com/holdings/GUSH.csv,,,,,
2026-10-05,GUSH,,SPSIOP SWAP ASSET LEG,SPSIOPMLL,SWAP,5369.0,7124.98,38254017.62,17.9506658534,direxion,https://www.direxion.com/holdings/GUSH.csv,,,,,
2026-10-05,GUSH,,DREYFUS GOVT CASH MAN INS,X9USDDGCM,MONEY_MARKET,33773962.82,1.0,33773962.82,15.8484038761,direxion,https://www.direxion.com/holdings/GUSH.csv,,,,,
2026-10-05,GUSH,,SPSIOP SWAP ASSET LEG,SPSIOPUBL,SWAP,3000.0,7124.98,21374940.0,10.0301727622,direxion,https://www.direxion.com/holdings/GUSH.csv,,,,,
2026-10-05,GUSH,,GOLDMAN FINL SQ TRSRY INST 506,X9USDGSFC,OTHER,18493986.75,1.0,18493986.75,8.6782878532,direxion,https://www.direxion.com/holdings/GUSH.csv,,,,,
2026-10-05,GUSH,MPC,MARATHON PETROLEUM CORP,56585A102,COMMON_STOCK,11459.0,422.33,4839479.47,2.2709217038,direxion,https://www.direxion.com/holdings/GUSH.csv,,,,,
2026-10-05,GUSH,PBF,PBF ENERGY INC-CLASS A,69318G106,COMMON_STOCK,59831.0,80.78,4833148.18,2.2679507512,direxion,https://www.direxion.com/holdings/GUSH.csv,,,,,
2026-10-05,GUSH,DINO,HF SINCLAIR CORP,403949100,COMMON_STOCK,42331.0,113.36,4798642.16,2.2517588301,direxion,https://www.direxion.com/holdings/GUSH.csv,,,,,
2026-10-05,GUSH,VLO,VALERO ENERGY CORP,91913Y100,COMMON_STOCK,11768.0,406.3,4781338.4,2.2436390552,direxion,https://www.direxion.com/holdings/GUSH.csv,,,,,
2026-10-05,GUSH,PSX,PHILLIPS 66,718546104,COMMON_STOCK,17555.0,264.58,4644701.9,2.1795224916,direxion,https://www.direxion.com/holdings/GUSH.csv,,,,,
2026-10-05,GUSH,PARR,PAR PACIFIC HOLDINGS INC,69888T207,COMMON_STOCK,55065.0,84.0,4625460.0,2.170493246,direxion,https://www.direxion.com/holdings/GUSH.csv,,,,,
2026-10-05,GUSH,XOM,EXXONMOBIL HOLDINGS CORP,30233Q108,COMMON_STOCK,27872.0,164.01,4571286.72,2.1450724796,direxion,https://www.direxion.com/holdings/GUSH.csv,,,,,
2026-10-05,GUSH,DK,DELEK US HOLDINGS INC,24665A103,COMMON_STOCK,60807.0,74.19,4511271.33,2.1169103079,direxion,https://www.direxion.com/holdings/GUSH.csv,,,,,
2026-10-05,GUSH,MUR,MURPHY OIL CORP,626717102,COMMON_STOCK,119023.0,37.66,4482406.18,2.1033653604,direxion,https://www.direxion.com/holdings/GUSH.csv,,,,,
2026-10-05,GUSH,APA,APA CORP,03743Q108,COMMON_STOCK,102089.0,43.68,4459247.52,2.0924981785,direxion,https://www.direxion.com/holdings/GUSH.csv,,,,,
2026-10-05,GUSH,DVN,DEVON ENERGY CORP,25179M103,COMMON_STOCK,93459.0,47.65,4453321.35,2.0897173281,direxion,https://www.direxion.com/holdings/GUSH.csv,,,,,
2026-10-05,GUSH,CVX,CHEVRON CORP,166764100,COMMON_STOCK,21409.0,206.69,4425026.21,2.0764398573,direxion,https://www.direxion.com/holdings/GUSH.csv,,,,,
2026-10-05,GUSH,EOG,EOG RESOURCES INC,26875P101,COMMON_STOCK,31138.0,141.38,4402290.44,2.0657711162,direxion,https://www.direxion.com/holdings/GUSH.csv,,,,,
2026-10-05,GUSH,OXY,OCCIDENTAL PETROLEUM CORP,674599105,COMMON_STOCK,74677.0,58.08,4337240.16,2.0352463266,direxion,https://www.direxion.com/holdings/GUSH.csv,,,,,
2026-10-05,GUSH,CRGY,CRESCENT ENERGY INC-A,44952J104,COMMON_STOCK,321464.0,13.39,4304402.96,2.0198374979,direxion,https://www.direxion.com/holdings/GUSH.csv,,,,,
2026-10-05,GUSH,OVV,OVINTIV INC,69047Q102,COMMON_STOCK,71115.0,60.34,4291079.1,2.0135852877,direxion,https://www.direxion.com/holdings/GUSH.csv,,,,,
2026-10-05,GUSH,PR,PERMIAN RESOURCES CORP-CL A,71424F105,COMMON_STOCK,193804.0,22.12,4286944.48,2.0116451207,direxion,https://www.direxion.com/holdings/GUSH.csv,,,,,
2026-10-05,GUSH,COP,CONOCOPHILLIPS,20825C104,COMMON_STOCK,33529.0,126.75,4249800.75,1.9942154564,direxion,https://www.direxion.com/holdings/GUSH.csv,,,,,
2026-10-05,GUSH,SM,SM ENERGY CO,78454L100,COMMON_STOCK,120528.0,35.24,4247406.72,1.9930920598,direxion,https://www.direxion.com/holdings/GUSH.csv,,,,,
2026-10-05,GUSH,EQT,EQT CORP,26884L109,COMMON_STOCK,83794.0,50.17,4203944.98,1.9726976746,direxion,https://www.direxion.com/holdings/GUSH.csv,,,,,
2026-10-05,GUSH,CHRD,CHORD ENERGY CORP,674215207,COMMON_STOCK,30624.0,137.01,4195794.24,1.9688729466,direxion,https://www.direxion.com/holdings/GUSH.csv,,,,,
2026-10-05,GUSH,RRC,RANGE RESOURCES CORP,75281A109,COMMON_STOCK,109671.0,38.23,4192722.33,1.9674314554,direxion,https://www.direxion.com/holdings/GUSH.csv,,,,,
2026-10-05,GUSH,FANG,DIAMONDBACK ENERGY INC,25278X109,COMMON_STOCK,22591.0,184.71,4172783.61,1.9580752277,direxion,https://www.direxion.com/holdings/GUSH.csv,,,,,
2026-10-05,GUSH,TPL,TEXAS PACIFIC LAND CORP,88262P102,COMMON_STOCK,12237.0,340.19,4162905.03,1.9534397123,direxion,https://www.direxion.com/holdings/GUSH.csv,,,,,
2026-10-05,GUSH,VNOM,VIPER ENERGY INC-CL A,64361Q101,COMMON_STOCK,101118.0,40.64,4109435.52,1.9283491893,direxion,https://www.direxion.com/holdings/GUSH.csv,,,,,
2026-10-05,GUSH,EXE,EXPAND ENERGY CORP,165167735,COMMON_STOCK,47378.0,85.52,4051766.56,1.9012880779,direxion,https://www.direxion.com/holdings/GUSH.csv,,,,,
2026-10-05,GUSH,MTDR,MATADOR RESOURCES CO,576485205,COMMON_STOCK,75440.0,53.5,4036040.0,1.8939084028,direxion,https://www.direxion.com/holdings/GUSH.csv,,,,,
2026-10-05,GUSH,AR,ANTERO RESOURCES CORP,03674X106,COMMON_STOCK,117015.0,34.08,3987871.2,1.8713052336,direxion,https://www.direxion.com/holdings/GUSH.csv,,,,,
2026-10-05,GUSH,MGY,MAGNOLIA OIL & GAS CORP - A,559663109,COMMON_STOCK,164721.0,24.07,3964834.47,1.8604952672,direxion,https://www.direxion.com/holdings/GUSH.csv,,,,,
2026-10-05,GUSH,VG,VENTURE GLOBAL INC-CL A,92333F101,COMMON_STOCK,299388.0,13.13,3930964.44,1.8446017839,direxion,https://www.direxion.com/holdings/GUSH.csv,,,,,
2026-10-05,GUSH,CNX,CNX RESOURCES CORP,12653C108,COMMON_STOCK,121582.0,31.5,3829833.0,1.7971459401,direxion,https://www.direxion.com/holdings/GUSH.csv,,,,,
2026-10-05,GUSH,,SPSIOP SWAP ASSET LEG,SPSIOPBPL,SWAP,500.0,7124.98,3562490.0,1.6716954604,direxion,https://www.direxion.com/holdings/GUSH.csv,,,,,
2026-10-05,GUSH,NOG,NORTHERN OIL AND GAS INC,665531307,COMMON_STOCK,139681.0,23.83,3328598.23,1.5619419424,direxion,https://www.direxion.com/holdings/GUSH.csv,,,,,
2026-10-05,GUSH,CLMT,CALUMET INC,131428104,COMMON_STOCK,58607.0,55.28,3239794.96,1.5202710821,direxion,https://www.direxion.com/holdings/GUSH.csv,,,,,
2026-10-05,GUSH,CRC,CALIFORNIA RESOURCES CORP,13057Q305,COMMON_STOCK,60760.0,52.43,3185646.8,1.4948621032,direxion,https://www.direxion.com/holdings/GUSH.csv,,,,,
2026-10-05,GUSH,GPOR,GULFPORT ENERGY CORP,402635502,COMMON_STOCK,19691.0,154.4,3040290.4,1.4266537337,direxion,https://www.direxion.com/holdings/GUSH.csv,,,,,
2026-10-05,GUSH,WKC,WORLD KINECT CORP,981475106,COMMON_STOCK,66944.0,35.85,2399942.4,1.126170969,direxion,https://www.direxion.com/holdings/GUSH.csv,,,,,
2026-10-05,GUSH,TALO,TALOS ENERGY INC,87484T108,COMMON_STOCK,127212.0,16.78,2134617.36,1.0016674153,direxion,https://www.direxion.com/holdings/GUSH.csv,,,,,
2026-10-05,GUSH,KOS,KOSMOS ENERGY LTD,500688106,COMMON_STOCK,772927.0,2.51,1940046.77,0.9103653283,direxion,https://www.direxion.com/holdings/GUSH.csv,,,,,
2026-10-05,GUSH,CVI,CVR ENERGY INC,12662P108,COMMON_STOCK,33303.0,54.83,1826003.49,0.8568506143,direxion,https://www.direxion.com/holdings/GUSH.csv,,,,,
2026-10-05,GUSH,GPRE,GREEN PLAINS INC,393222104,COMMON_STOCK,84353.0,15.23,1284696.19,0.6028426154,direxion,https://www.direxion.com/holdings/GUSH.csv,,,,,
2026-10-05,GUSH,CRK,COMSTOCK RESOURCES INC,205768302,COMMON_STOCK,100003.0,12.78,1278038.34,0.5997184248,direxion,https://www.direxion.com/holdings/GUSH.csv,,,,,
2026-10-05,GUSH,BKV,BKV CORPORATION,05603J108,COMMON_STOCK,48587.0,21.57,1048021.59,0.4917832568,direxion,https://www.direxion.com/holdings/GUSH.csv,,,,,
2026-10-05,GUSH,DEC,DIVERSIFIED ENERGY CO,25520W107,COMMON_STOCK,64979.0,13.42,872018.18,0.4091938035,direxion,https://www.direxion.com/holdings/GUSH.csv,,,,,
2026-10-05,GUSH,SOC,SABLE OFFSHORE CORP,78574H104,COMMON_STOCK,213448.0,3.51,749202.48,0.3515626387,direxion,https://www.direxion.com/holdings/GUSH.csv,,,,,
2026-10-05,GUSH,REX,REX AMERICAN RESOURCES CORP,761624105,COMMON_STOCK,14357.0,43.37,622663.09,0.2921841355,direxion,https://www.direxion.com/holdings/GUSH.csv,,,,,
2026-10-05,GUSH,VTS,VITESSE ENERGY INC,92852X103,COMMON_STOCK,36586.0,16.87,617205.82,0.2896233161,direxion,https://www.direxion.com/holdings/GUSH.csv,,,,,
2026-10-05,GUSH,REPX,RILEY EXPLORATION PERMIAN IN,76665T102,COMMON_STOCK,13143.0,42.19,554503.17,0.2602001499,direxion,https://www.direxion.com/holdings/GUSH.csv,,,,,
2026-10-05,GUSH,NUAI,NEW ERA ENERGY & DIGITAL INC,64428N109,COMMON_STOCK,84049.0,6.29,528668.21,0.2480771165,direxion,https://www.direxion.com/holdings/GUSH.csv,,,,,
2026-10-05,GUSH,EGY,VAALCO ENERGY INC,91851C201,COMMON_STOCK,88942.0,5.73,509637.66,0.2391470468,direxion,https://www.direxion.com/holdings/GUSH.csv,,,,,
2026-10-05,GUSH,SD,SANDRIDGE ENERGY INC,80007P869,COMMON_STOCK,24777.0,13.62,337462.74,0.1583541092,direxion,https://www.direxion.com/holdings/GUSH.csv,,,,,
2026-10-05,GUSH,GEVO,GEVO INC,374396406,COMMON_STOCK,230717.0,1.31,302239.27,0.1418255253,direxion,https://www.direxion.com/holdings/GUSH.csv,,,,,
2026-10-05,GUSH,,DREYFUS TRSRY SECURITIES CASH MGMT,X9USDDTP3,CASH,168575.0,1.0,168575.0,0.0791036781,direxion,https://www.direxion.com/holdings/GUSH.csv,,,,,
2026-10-05,HIBL,,SP5HBI SWAP ASSET LEG,SP5HBIJPL,SWAP,2213.0,36503.1,80781360.3,95.1640140455,direxion,https://www.direxion.com/holdings/HIBL.csv,,,,,
2026-10-05,HIBL,,SP5HBI SWAP ASSET LEG,SP5HBIUBL,SWAP,1020.0,36503.1,37233162.0,43.8623110377,direxion,https://www.direxion.com/holdings/HIBL.csv,,,,,
2026-10-05,HIBL,,SP5HBI SWAP ASSET LEG,SP5HBIMLL,SWAP,979.0,36503.1,35736534.9,42.0992181431,direxion,https://www.direxion.com/holdings/HIBL.csv,,,,,
2026-10-05,HIBL,,SP5HBI SWAP ASSET LEG,SP5HBIBCL,SWAP,678.0,36503.1,24749101.8,29.1555361604,direxion,https://www.direxion.com/holdings/HIBL.csv,,,,,
2026-10-05,HIBL,,GOLDMAN FINL SQ TRSRY INST 506,X9USDGSFC,OTHER,22994796.31,1.0,22994796.31,27.0888867295,direxion,https://www.direxion.com/holdings/HIBL.csv,,,,,
2026-10-05,HIBL,,SP5HBI SWAP ASSET LEG,SP5HBICTL,SWAP,573.0,36503.1,20916276.3,24.6402982594,direxion,https://www.direxion.com/holdings/HIBL.csv,,,,,
2026-10-05,HIBL,,DREYFUS GOVT CASH MAN INS,X9USDDGCM,MONEY_MARKET,11837415.67,1.0,11837415.67,13.9449990307,direxion,https://www.direxion.com/holdings/HIBL.csv,,,,,
2026-10-05,HIBL,,GOLDMAN SACHS FIN GOV 465 INSTITUT,X9USDGLDS,OTHER,2253550.98,1.0,2253550.98,2.6547826914,direxion,https://www.direxion.com/holdings/HIBL.csv,,,,,
2026-10-05,HIBL,SNDK,SANDISK CORP,80004C200,COMMON_STOCK,890.0,1719.99,1530791.1,1.8033395972,direxion,https://www.direxion.com/holdings/HIBL.csv,,,,,
2026-10-05,HIBL,MRNA,MODERNA INC,60770K107,COMMON_STOCK,7500.0,190.01,1425075.0,1.6788013573,direxion,https://www.direxion.com/holdings/HIBL.csv,,,,,
2026-10-05,HIBL,AMD,ADVANCED MICRO DEVICES,007903107,COMMON_STOCK,1814.0,633.91,1149912.74,1.3546480492,direxion,https://www.direxion.com/holdings/HIBL.csv,,,,,
2026-10-05,HIBL,SMCI,SUPER MICRO COMPUTER INC,86800U302,COMMON_STOCK,26105.0,43.69,1140527.45,1.3435917626,direxion,https://www.direxion.com/holdings/HIBL.csv,,,,,
2026-10-05,HIBL,MU,MICRON TECHNOLOGY INC,595112103,COMMON_STOCK,1031.0,1074.89,1108211.59,1.3055222507,direxion,https://www.direxion.com/holdings/HIBL.csv,,,,,
2026-10-05,HIBL,MRVL,MARVELL TECHNOLOGY INC,573874104,COMMON_STOCK,3848.0,272.29,1047771.92,1.2343216472,direxion,https://www.direxion.com/holdings/HIBL.csv,,,,,
2026-10-05,HIBL,COIN,COINBASE GLOBAL INC -CLASS A,19260Q107,COMMON_STOCK,5691.0,183.0,1041453.0,1.2268776801,direxion,https://www.direxion.com/holdings/HIBL.csv,,,,,
2026-10-05,HIBL,TER,TERADYNE INC,880770102,COMMON_STOCK,2221.0,449.04,997317.84,1.1748845103,direxion,https://www.direxion.com/holdings/HIBL.csv,,,,,
2026-10-05,HIBL,HOOD,ROBINHOOD MARKETS INC - A,770700102,COMMON_STOCK,8826.0,112.74,995043.24,1.1722049309,direxion,https://www.direxion.com/holdings/HIBL.csv,,,,,
2026-10-05,HIBL,LRCX,LAM RESEARCH CORP,512807306,COMMON_STOCK,2719.0,347.49,944825.31,1.113045989,direxion,https://www.direxion.com/holdings/HIBL.csv,,,,,
2026-10-05,HIBL,LITE,LUMENTUM HOLDINGS INC,55024U109,COMMON_STOCK,864.0,1085.42,937802.88,1.104773256,direxion,https://www.direxion.com/holdings/HIBL.csv,,,,,
2026-10-05,HIBL,INTC,INTEL CORP,458140100,COMMON_STOCK,7662.0,119.33,914306.46,1.0770934344,direxion,https://www.direxion.com/holdings/HIBL.csv,,,,,
2026-10-05,HIBL,COHR,COHERENT CORP,19247G107,COMMON_STOCK,2491.0,337.04,839566.64,0.9890466219,direxion,https://www.direxion.com/holdings/HIBL.csv,,,,,
2026-10-05,HIBL,KLAC,KLA CORP,482480100,COMMON_STOCK,3700.0,206.89,765493.0,0.901784599,direxion,https://www.direxion.com/holdings/HIBL.csv,,,,,
2026-10-05,HIBL,WDC,WESTERN DIGITAL CORP,958102105,COMMON_STOCK,1837.0,415.29,762887.73,0.8987154757,direxion,https://www.direxion.com/holdings/HIBL.csv,,,,,
2026-10-05,HIBL,AMAT,APPLIED MATERIALS INC,038222105,COMMON_STOCK,1373.0,540.04,741474.92,0.8734902388,direxion,https://www.direxion.com/holdings/HIBL.csv,,,,,
2026-10-05,HIBL,GLW,CORNING INC,219350105,COMMON_STOCK,4379.0,164.19,718988.01,0.8469996646,direxion,https://www.direxion.com/holdings/HIBL.csv,,,,,
2026-10-05,HIBL,MPWR,MONOLITHIC POWER SYSTEMS INC,609839105,COMMON_STOCK,499.0,1439.73,718425.27,0.846336732,direxion,https://www.direxion.com/holdings/HIBL.csv,,,,,
2026-10-05,HIBL,FLEX,FLEX LTD,Y2573F102,COMMON_STOCK,6134.0,116.61,715285.74,0.8426382269,direxion,https://www.direxion.com/holdings/HIBL.csv,,,,,
2026-10-05,HIBL,TSLA,TESLA INC,88160R101,COMMON_STOCK,1886.0,370.59,698932.74,0.8233736699,direxion,https://www.direxion.com/holdings/HIBL.csv,,,,,
2026-10-05,HIBL,FIX,COMFORT SYSTEMS USA INC,199908104,COMMON_STOCK,397.0,1728.01,686019.97,0.8081618559,direxion,https://www.direxion.com/holdings/HIBL.csv,,,,,
2026-10-05,HIBL,ON,ON SEMICONDUCTOR,682189105,COMMON_STOCK,8039.0,84.89,682430.71,0.8039335489,direxion,https://www.direxion.com/holdings/HIBL.csv,,,,,
2026-10-05,HIBL,CIEN,CIENA CORP,171779309,COMMON_STOCK,1701.0,391.34,665669.34,0.784187914,direxion,https://www.direxion.com/holdings/HIBL.csv,,,,,
2026-10-05,HIBL,DELL,DELL TECHNOLOGIES -C,24703L202,COMMON_STOCK,1160.0,562.52,652523.2,0.7687011798,direxion,https://www.direxion.com/holdings/HIBL.csv,,,,,
2026-10-05,HIBL,STX,SEAGATE TECHNOLOGY HOLDINGS,G7997R103,COMMON_STOCK,768.0,848.99,652024.32,0.7681134771,direxion,https://www.direxion.com/holdings/HIBL.csv,,,,,
2026-10-05,HIBL,VRT,VERTIV HOLDINGS CO-A,92537N108,COMMON_STOCK,2558.0,252.18,645076.44,0.7599285673,direxion,https://www.direxion.com/holdings/HIBL.csv,,,,,
2026-10-05,HIBL,FCX,FREEPORT-MCMORAN INC,35671D857,COMMON_STOCK,8881.0,72.04,639787.24,0.7536976558,direxion,https://www.direxion.com/holdings/HIBL.csv,,,,,
2026-10-05,HIBL,HPE,HEWLETT PACKARD ENTERPRISE,42824C109,COMMON_STOCK,9002.0,69.33,624108.66,0.7352275954,direxion,https://www.direxion.com/holdings/HIBL.csv,,,,,
2026-10-05,HIBL,QCOM,QUALCOMM INC,747525103,COMMON_STOCK,3322.0,184.87,614138.14,0.723481882,direxion,https://www.direxion.com/holdings/HIBL.csv,,,,,
2026-10-05,HIBL,ANET,ARISTA NETWORKS INC,040413205,COMMON_STOCK,2801.0,207.35,580787.35,0.6841931768,direxion,https://www.direxion.com/holdings/HIBL.csv,,,,,
2026-10-05,HIBL,MCHP,MICROCHIP TECHNOLOGY INC,595017104,COMMON_STOCK,7008.0,81.32,569890.56,0.6713562764,direxion,https://www.direxion.com/holdings/HIBL.csv,,,,,
2026-10-05,HIBL,KEYS,KEYSIGHT TECHNOLOGIES IN,49338L103,COMMON_STOCK,1438.0,384.64,553112.32,0.6515907679,direxion,https://www.direxion.com/holdings/HIBL.csv,,,,,
2026-10-05,HIBL,SNPS,SYNOPSYS INC,871607107,COMMON_STOCK,1121.0,489.9,549177.9,0.6469558472,direxion,https://www.direxion.com/holdings/HIBL.csv,,,,,
2026-10-05,HIBL,NVDA,NVIDIA CORP,67066G104,COMMON_STOCK,2344.0,233.95,548378.8,0.646014472,direxion,https://www.direxion.com/holdings/HIBL.csv,,,,,
2026-10-05,HIBL,UAL,UNITED AIRLINES HOLDINGS INC,910047109,COMMON_STOCK,4836.0,112.51,544098.36,0.6409719245,direxion,https://www.direxion.com/holdings/HIBL.csv,,,,,
2026-10-05,HIBL,CCL,CARNIVAL CORP LTD,G2004J103,COMMON_STOCK,20990.0,25.76,540702.4,0.6369713334,direxion,https://www.direxion.com/holdings/HIBL.csv,,,,,
2026-10-05,HIBL,CVNA,CARVANA CO,146869102,COMMON_STOCK,8475.0,63.77,540450.75,0.6366748786,direxion,https://www.direxion.com/holdings/HIBL.csv,,,,,
2026-10-05,HIBL,GEV,GE VERNOVA INC,36828A101,COMMON_STOCK,544.0,988.7,537852.8,0.6336143787,direxion,https://www.direxion.com/holdings/HIBL.csv,,,,,
2026-10-05,HIBL,APP,APPLOVIN CORP-CLASS A,03831W108,COMMON_STOCK,1982.0,268.22,531612.04,0.6262624875,direxion,https://www.direxion.com/holdings/HIBL.csv,,,,,
2026-10-05,HIBL,NXPI,NXP SEMICONDUCTORS NV,N6596X109,COMMON_STOCK,2146.0,243.66,522894.36,0.615992675,direxion,https://www.direxion.com/holdings/HIBL.csv,,,,,
2026-10-05,HIBL,IBKR,INTERACTIVE BROKERS GRO-CL A,45841N107,COMMON_STOCK,5857.0,88.3,517173.1,0.6092527777,direxion,https://www.direxion.com/holdings/HIBL.csv,,,,,
2026-10-05,HIBL,AVGO,BROADCOM INC,11135F101,COMMON_STOCK,1435.0,355.14,509625.9,0.6003618425,direxion,https://www.direxion.com/holdings/HIBL.csv,,,,,
2026-10-05,HIBL,PLTR,PALANTIR TECHNOLOGIES INC-A,69608A108,COMMON_STOCK,2700.0,188.75,509625.0,0.6003607822,direxion,https://www.direxion.com/holdings/HIBL.csv,,,,,
2026-10-05,HIBL,SWKS,SKYWORKS SOLUTIONS INC,83088M102,COMMON_STOCK,5949.0,85.03,505843.47,0.5959059727,direxion,https://www.direxion.com/holdings/HIBL.csv,,,,,
2026-10-05,HIBL,GNRC,GENERAC HOLDINGS INC,368736104,COMMON_STOCK,2326.0,216.8,504276.8,0.5940603662,direxion,https://www.direxion.com/holdings/HIBL.csv,,,,,
2026-10-05,HIBL,CDNS,CADENCE DESIGN SYS INC,127387108,COMMON_STOCK,1427.0,351.35,501376.45,0.5906436256,direxion,https://www.direxion.com/holdings/HIBL.csv,,,,,
2026-10-05,HIBL,CRWD,CROWDSTRIKE HOLDINGS INC - A,22788C105,COMMON_STOCK,1845.0,270.04,498223.8,0.5869296645,direxion,https://www.direxion.com/holdings/HIBL.csv,,,,,
2026-10-05,HIBL,XYZ,BLOCK INC,852234103,COMMON_STOCK,6699.0,74.33,497936.67,0.5865914127,direxion,https://www.direxion.com/holdings/HIBL.csv,,,,,
2026-10-05,HIBL,ORCL,ORACLE CORP,68389X105,COMMON_STOCK,3498.0,142.3,497765.4,0.5863896491,direxion,https://www.direxion.com/holdings/HIBL.csv,,,,,
2026-10-05,HIBL,APH,AMPHENOL CORP-CL A,032095101,COMMON_STOCK,5655.0,86.96,491758.8,0.5793136087,direxion,https://www.direxion.com/holdings/HIBL.csv,,,,,
2026-10-05,HIBL,META,META PLATFORMS INC-CLASS A,30303M102,COMMON_STOCK,671.0,728.08,488541.68,0.5755236991,direxion,https://www.direxion.com/holdings/HIBL.csv,,,,,
2026-10-05,HIBL,EME,EMCOR GROUP INC,29084Q100,COMMON_STOCK,621.0,786.61,488484.81,0.5754567037,direxion,https://www.direxion.com/holdings/HIBL.csv,,,,,
2026-10-05,HIBL,ADI,ANALOG DEVICES INC,032654105,COMMON_STOCK,1149.0,417.15,479305.35,0.564642894,direxion,https://www.direxion.com/holdings/HIBL.csv,,,,,
2026-10-05,HIBL,JBL,JABIL INC,466313103,COMMON_STOCK,1570.0,304.41,477923.7,0.5630152492,direxion,https://www.direxion.com/holdings/HIBL.csv,,,,,
2026-10-05,HIBL,ECHO,ECHOSTAR CORP-A,278768106,COMMON_STOCK,4976.0,94.25,468988.0,0.5524885995,direxion,https://www.direxion.com/holdings/HIBL.csv,,,,,
2026-10-05,HIBL,CAT,CATERPILLAR INC,149123101,COMMON_STOCK,552.0,845.42,466671.84,0.5497600606,direxion,https://www.direxion.com/holdings/HIBL.csv,,,,,
2026-10-05,HIBL,RVTY,REVVITY INC,714046109,COMMON_STOCK,3044.0,151.53,461257.32,0.5433815167,direxion,https://www.direxion.com/holdings/HIBL.csv,,,,,
2026-10-05,HIBL,IVZ,INVESCO LTD,G491BT108,COMMON_STOCK,14963.0,30.66,458765.58,0.5404461368,direxion,https://www.direxion.com/holdings/HIBL.csv,,,,,
2026-10-05,HIBL,ZBRA,ZEBRA TECHNOLOGIES CORP-CL A,989207105,COMMON_STOCK,1213.0,375.86,455918.18,0.5370917737,direxion,https://www.direxion.com/holdings/HIBL.csv,,,,,
2026-10-05,HIBL,DAL,DELTA AIR LINES INC,247361702,COMMON_STOCK,5385.0,84.09,452824.65,0.5334474586,direxion,https://www.direxion.com/holdings/HIBL.csv,,,,,
2026-10-05,HIBL,PWR,QUANTA SERVICES INC,74762E102,COMMON_STOCK,669.0,676.56,452618.64,0.5332047697,direxion,https://www.direxion.com/holdings/HIBL.csv,,,,,
2026-10-05,HIBL,ETN,EATON CORP PLC,G29183103,COMMON_STOCK,1029.0,436.11,448757.19,0.5286558109,direxion,https://www.direxion.com/holdings/HIBL.csv,,,,,
2026-10-05,HIBL,TEL,TE CONNECTIVITY PLC,G87052109,COMMON_STOCK,2017.0,220.36,444466.12,0.5236007407,direxion,https://www.direxion.com/holdings/HIBL.csv,,,,,
2026-10-05,HIBL,NCLH,NORWEGIAN CRUISE LINE HOLDIN,G66721104,COMMON_STOCK,28973.0,15.14,438651.22,0.5167505314,direxion,https://www.direxion.com/holdings/HIBL.csv,,,,,
2026-10-05,HIBL,ROK,ROCKWELL AUTOMATION INC,773903109,COMMON_STOCK,945.0,454.35,429360.75,0.505805947,direxion,https://www.direxion.com/holdings/HIBL.csv,,,,,
2026-10-05,HIBL,NEM,NEWMONT CORP,651639106,COMMON_STOCK,3651.0,115.56,421909.56,0.4970281157,direxion,https://www.direxion.com/holdings/HIBL.csv,,,,,
2026-10-05,HIBL,EMR,EMERSON ELECTRIC CO,291011104,COMMON_STOCK,2606.0,161.61,421155.66,0.4961399882,direxion,https://www.direxion.com/holdings/HIBL.csv,,,,,
2026-10-05,HIBL,RCL,ROYAL CARIBBEAN CRUISES LTD,V7780T103,COMMON_STOCK,1505.0,277.74,417998.7,0.4924209497,direxion,https://www.direxion.com/holdings/HIBL.csv,,,,,
2026-10-05,HIBL,VST,VISTRA CORP,92840M102,COMMON_STOCK,2981.0,140.02,417399.62,0.491715207,direxion,https://www.direxion.com/holdings/HIBL.csv,,,,,
2026-10-05,HIBL,EL,ESTEE LAUDER COMPANIES-CL A,518439104,COMMON_STOCK,4432.0,91.97,407611.04,0.480183827,direxion,https://www.direxion.com/holdings/HIBL.csv,,,,,
2026-10-05,HIBL,NTAP,NETAPP INC,64110D104,COMMON_STOCK,1795.0,226.27,406154.65,0.4784681351,direxion,https://www.direxion.com/holdings/HIBL.csv,,,,,
2026-10-05,HIBL,TXN,TEXAS INSTRUMENTS INC,882508104,COMMON_STOCK,1382.0,293.8,406031.6,0.4783231768,direxion,https://www.direxion.com/holdings/HIBL.csv,,,,,
2026-10-05,HIBL,LUV,SOUTHWEST AIRLINES CO,844741108,COMMON_STOCK,9387.0,42.47,398665.89,0.4696460448,direxion,https://www.direxion.com/holdings/HIBL.csv,,,,,
2026-10-05,HIBL,AMZN,AMAZON.COM INC,023135106,COMMON_STOCK,1579.0,251.52,397150.08,0.4678603536,direxion,https://www.direxion.com/holdings/HIBL.csv,,,,,
2026-10-05,HIBL,GS,GOLDMAN SACHS GROUP INC,38141G104,COMMON_STOCK,428.0,902.56,386295.68,0.4550733905,direxion,https://www.direxion.com/holdings/HIBL.csv,,,,,
2026-10-05,HIBL,CMI,CUMMINS INC,231021106,COMMON_STOCK,720.0,528.32,380390.4,0.4481167095,direxion,https://www.direxion.com/holdings/HIBL.csv,,,,,
2026-10-05,HIBL,SWK,STANLEY BLACK & DECKER INC,854502101,COMMON_STOCK,4150.0,91.34,379061.0,0.4465506175,direxion,https://www.direxion.com/holdings/HIBL.csv,,,,,
2026-10-05,HIBL,ARES,ARES MANAGEMENT CORP - A,03990B101,COMMON_STOCK,3198.0,117.55,375924.9,0.4428561531,direxion,https://www.direxion.com/holdings/HIBL.csv,,,,,
2026-10-05,HIBL,GOOG,ALPHABET INC-CL C,02079K107,COMMON_STOCK,1098.0,340.35,373704.3,0.4402401881,direxion,https://www.direxion.com/holdings/HIBL.csv,,,,,
2026-10-05,HIBL,APTV,APTIV PLC,G3265R107,COMMON_STOCK,8517.0,43.54,370830.18,0.4368543477,direxion,https://www.direxion.com/holdings/HIBL.csv,,,,,
2026-10-05,HIBL,CRL,CHARLES RIVER LABORATORIES,159864107,COMMON_STOCK,1255.0,290.19,364188.45,0.4290300961,direxion,https://www.direxion.com/holdings/HIBL.csv,,,,,
2026-10-05,HIBL,CEG,CONSTELLATION ENERGY,21037T109,COMMON_STOCK,1401.0,257.49,360743.49,0.4249717809,direxion,https://www.direxion.com/holdings/HIBL.csv,,,,,
2026-10-05,HIBL,C,CITIGROUP INC,172967424,COMMON_STOCK,2755.0,128.5,354017.5,0.4170482673,direxion,https://www.direxion.com/holdings/HIBL.csv,,,,,
2026-10-05,HIBL,RL,RALPH LAUREN CORP,751212101,COMMON_STOCK,973.0,363.37,353559.01,0.4165081458,direxion,https://www.direxion.com/holdings/HIBL.csv,,,,,
2026-10-05,HIBL,DASH,DOORDASH INC - A,25809K105,COMMON_STOCK,1867.0,189.15,353143.05,0.4160181265,direxion,https://www.direxion.com/holdings/HIBL.csv,,,,,
2026-10-05,HIBL,ALGN,ALIGN TECHNOLOGY INC,016255101,COMMON_STOCK,2341.0,143.74,336495.34,0.3964063881,direxion,https://www.direxion.com/holdings/HIBL.csv,,,,,
2026-10-05,HIBL,MS,MORGAN STANLEY,617446448,COMMON_STOCK,1768.0,190.31,336468.08,0.3963742746,direxion,https://www.direxion.com/holdings/HIBL.csv,,,,,
2026-10-05,HIBL,SW,SMURFIT WESTROCK PLC,G8267P108,COMMON_STOCK,7871.0,42.54,334832.34,0.3944473006,direxion,https://www.direxion.com/holdings/HIBL.csv,,,,,
2026-10-05,HIBL,IR,INGERSOLL-RAND INC,45687V106,COMMON_STOCK,4398.0,76.07,334555.86,0.3941215949,direxion,https://www.direxion.com/holdings/HIBL.csv,,,,,
2026-10-05,HIBL,NRG,NRG ENERGY INC,629377508,COMMON_STOCK,3470.0,95.23,330448.1,0.389282472,direxion,https://www.direxion.com/holdings/HIBL.csv,,,,,
2026-10-05,HIBL,KKR,KKR & CO INC,48251W104,COMMON_STOCK,3657.0,90.29,330190.53,0.3889790432,direxion,https://www.direxion.com/holdings/HIBL.csv,,,,,
2026-10-05,HIBL,FSLR,FIRST SOLAR INC,336433107,COMMON_STOCK,1878.0,174.61,327917.58,0.3863014076,direxion,https://www.direxion.com/holdings/HIBL.csv,,,,,
2026-10-05,HIBL,ALB,ALBEMARLE CORP,012653101,COMMON_STOCK,3125.0,104.59,326843.75,0.3850363883,direxion,https://www.direxion.com/holdings/HIBL.csv,,,,,
2026-10-05,HIBL,COF,CAPITAL ONE FINANCIAL CORP,14040H105,COMMON_STOCK,1672.0,194.72,325571.84,0.3835380221,direxion,https://www.direxion.com/holdings/HIBL.csv,,,,,
2026-10-05,HIBL,LII,LENNOX INTERNATIONAL INC,526107107,COMMON_STOCK,874.0,356.3,311406.2,0.3668502719,direxion,https://www.direxion.com/holdings/HIBL.csv,,,,,
2026-10-05,HIBL,CRH,CRH PLC,G25508105,COMMON_STOCK,3721.0,81.94,304898.74,0.3591841963,direxion,https://www.direxion.com/holdings/HIBL.csv,,,,,
2026-10-05,HIBL,LULU,LULULEMON ATHLETICA INC,550021109,COMMON_STOCK,3173.0,94.46,299721.58,0.3530852729,direxion,https://www.direxion.com/holdings/HIBL.csv,,,,,
2026-10-05,HIBL,TPR,TAPESTRY INC,876030107,COMMON_STOCK,2458.0,118.12,290338.96,0.3420321317,direxion,https://www.direxion.com/holdings/HIBL.csv,,,,,
2026-10-05,HIBL,BX,BLACKSTONE INC,09260D107,COMMON_STOCK,2478.0,111.75,276916.5,0.3262198804,direxion,https://www.direxion.com/holdings/HIBL.csv,,,,,
2026-10-05,HIBS,,GOLDMAN FINL SQ TRSRY INST 506,X9USDGSFC,OTHER,10731918.48,1.0,10731918.48,54.8470445999,direxion,https://www.direxion.com/holdings/HIBS.csv,,,,,
2026-10-05,HIBS,,DREYFUS GOVT CASH MAN INS,X9USDDGCM,MONEY_MARKET,10677497.63,1.0,10677497.63,54.5689188582,direxion,https://www.direxion.com/holdings/HIBS.csv,,,,,
2026-10-05,HIBS,,GOLDMAN SACHS FIN GOV 465 INSTITUT,X9USDGLDS,OTHER,1211140.67,1.0,1211140.67,6.1897121627,direxion,https://www.direxion.com/holdings/HIBS.csv,,,,,
2026-10-05,HIBS,,SP5HBI SWAP ASSET LEG,SP5HBIMLS,SWAP,-144.0,36503.1,-5256446.4,-26.8638408571,direxion,https://www.direxion.com/holdings/HIBS.csv,,,,,
2026-10-05,HIBS,,SP5HBI SWAP ASSET LEG,SP5HBIBCS,SWAP,-175.0,36503.1,-6388042.5,-32.6470288194,direxion,https://www.direxion.com/holdings/HIBS.csv,,,,,
2026-10-05,HIBS,,SP5HBI SWAP ASSET LEG,SP5HBIJPS,SWAP,-289.0,36503.1,-10549395.9,-53.9142361646,direxion,https://www.direxion.com/holdings/HIBS.csv,,,,,
2026-10-05,HIBS,,SP5HBI SWAP ASSET LEG,SP5HBIUBS,SWAP,-302.0,36503.1,-11023936.2,-56.3394440197,direxion,https://www.direxion.com/holdings/HIBS.csv,,,,,
2026-10-05,HIBS,,SP5HBI SWAP ASSET LEG,SP5HBICTS,SWAP,-698.0,36503.1,-25479163.8,-130.2150063767,direxion,https://www.direxion.com/holdings/HIBS.csv,,,,,
2026-10-05,HIMZ,912797UZ8,United States Treasury Bill 11/19/2026,912797UZ8,TREASURY,42000000.0,,,75.73,defiance,https://www.defianceetfs.com/himz-full-holdings/,,,,,
2026-10-05,HIMZ,433000106-TRS-04/14/31-L-HIMZ,"Hims & Hers Health, Inc.-swap-mscs-l",433000106-TRS-04/14/31-L-HIMZ,SWAP,1005000.0,,,52.81,defiance,https://www.defianceetfs.com/himz-full-holdings/,,,,,
2026-10-05,HIMZ,433000106-TRS-03/31/33-L-HIMZ,Hims & Hers Health Inc Swap Nomura,433000106-TRS-03/31/33-L-HIMZ,SWAP,482103.0,,,25.33,defiance,https://www.defianceetfs.com/himz-full-holdings/,,,,,
2026-10-05,HIMZ,433000106-TRS-01/31/33-L-HIMZ,Hims & Hers Health Inc Swap Nbc-l,433000106-TRS-01/31/33-L-HIMZ,SWAP,455036.0,,,23.91,defiance,https://www.defianceetfs.com/himz-full-holdings/,,,,,
2026-10-05,HIMZ,433000106-TRS-03/17/33-L-HIMZ,Hims & Hers Health Swap Jnst-l,433000106-TRS-03/17/33-L-HIMZ,SWAP,449227.0,,,23.61,defiance,https://www.defianceetfs.com/himz-full-holdings/,,,,,
2026-10-05,HIMZ,433000106-TRS-09/30/33-L-HIMZ,Hims & Hers Health Inc Swap Marex,433000106-TRS-09/30/33-L-HIMZ,SWAP,426666.0,,,22.42,defiance,https://www.defianceetfs.com/himz-full-holdings/,,,,,
2026-10-05,HIMZ,433000106-TRS-01/11/28-L-HIMZ,Hims & Hers Health Inc Com? Cs,433000106-TRS-01/11/28-L-HIMZ,SWAP,405642.0,,,21.32,defiance,https://www.defianceetfs.com/himz-full-holdings/,,,,,
2026-10-05,HIMZ,433000106-TRS-09/08/28-L-HIMZ,Hims & Hers Health Inc Com Swap Cantor,433000106-TRS-09/08/28-L-HIMZ,SWAP,365574.0,,,19.21,defiance,https://www.defianceetfs.com/himz-full-holdings/,,,,,
2026-10-05,HIMZ,433000106-TRS-08/31/27-L-HIMZ,Hims & Hers Health Inc Swap Bmo,433000106-TRS-08/31/27-L-HIMZ,SWAP,214679.0,,,11.28,defiance,https://www.defianceetfs.com/himz-full-holdings/,,,,,
2026-10-05,HIMZ,FGXXX,First American Government Obligations Fund 12/01/2031,31846V336,COMMON_STOCK,4032381.0,,,7.31,defiance,https://www.defianceetfs.com/himz-full-holdings/,,,,,
2026-10-05,HIMZ,Cash&Other,Cash & Other,Cash&Other,CASH,-101008356.0,,,-183.02,defiance,https://www.defianceetfs.com/himz-full-holdings/,,,,,
2026-05-01,HIYY,912797RS8,United States Treasury Bill 09/03/2026,912797RS8,TREASURY,8161000.0,98.758681,8059695.96,35.07,yieldmax,https://yieldmaxetfs.com/?fund_csv_ticker=HIYY,,,,,
2026-05-01,HIYY,Cash&Other,Cash & Other,Cash&Other,CASH,6658126.0,1.0,6658126.48,28.98,yieldmax,https://yieldmaxetfs.com/?fund_csv_ticker=HIYY,,,,,
2026-05-01,HIYY,912797RG4,United States Treasury Bill 08/06/2026,912797RG4,TREASURY,6216000.0,99.035389,6156039.78,26.79,yieldmax,https://yieldmaxetfs.com/?fund_csv_ticker=HIYY,,,,,
2026-05-01,HIYY,2HIMS 260515C00026010,HIMS 05/15/2026 26.01 C,2HIMS 260515C00026010,OPTION_CALL,8450.0,2.67,2256150.0,9.82,yieldmax,https://yieldmaxetfs.com/?fund_csv_ticker=HIYY,,,,,
2026-05-01,HIYY,FGXXX,First American Government Obligations Fund 12/01/2031,31846V336,COMMON_STOCK,1420701.0,100.0,1420700.73,6.18,yieldmax,https://yieldmaxetfs.com/?fund_csv_ticker=HIYY,,,,,
2026-05-01,HIYY,HIMS  260508C00030000,HIMS US 05/08/26 C30,HIMS  260508C00030000,OPTION_CALL,2672.0,0.515,137608.0,0.6,yieldmax,https://yieldmaxetfs.com/?fund_csv_ticker=HIYY,,,,,
2026-05-01,HIYY,HIMS  260508C00029000,HIMS & H CLL OPT 05/26 29,HIMS  260508C00029000,OPTION_CALL,1500.0,0.735,110250.0,0.48,yieldmax,https://yieldmaxetfs.com/?fund_csv_ticker=HIYY,,,,,
2026-05-01,HIYY,HIMS  260508C00029500,HIMS US 05/08/26 C29.5,HIMS  260508C00029500,OPTION_CALL,1560.0,0.625,97500.0,0.42,yieldmax,https://yieldmaxetfs.com/?fund_csv_ticker=HIYY,,,,,
2026-05-01,HIYY,HIMS  260508C00028500,HIMS & H CLL OPT 05/26 28.500,HIMS  260508C00028500,OPTION_CALL,1000.0,0.9,90000.0,0.39,yieldmax,https://yieldmaxetfs.com/?fund_csv_ticker=HIYY,,,,,
2026-05-01,HIYY,HIMS  260501C00031500,HIMS US 05/01/26 C31.5,HIMS  260501C00031500,OPTION_CALL,1718.0,0.03,5154.0,0.02,yieldmax,https://yieldmaxetfs.com/?fund_csv_ticker=HIYY,,,,,
2026-05-01,HIYY,HIMS  260501C00029500,HIMS US 05/01/26 C29.5,HIMS  260501C00029500,OPTION_CALL,-1718.0,0.055,-9449.0,-0.04,yieldmax,https://yieldmaxetfs.com/?fund_csv_ticker=HIYY,,,,,
2026-05-01,HIYY,HIMS  260508C00026500,HIMS & H CLL OPT 05/26 26.500,HIMS  260508C00026500,OPTION_CALL,-1000.0,1.775,-177500.0,-0.77,yieldmax,https://yieldmaxetfs.com/?fund_csv_ticker=HIYY,,,,,
2026-05-01,HIYY,HIMS  260508C00027500,HIMS US 05/08/26 C27.5,HIMS  260508C00027500,OPTION_CALL,-1560.0,1.275,-198900.0,-0.87,yieldmax,https://yieldmaxetfs.com/?fund_csv_ticker=HIYY,,,,,
2026-05-01,HIYY,HIMS  260508C00027000,HIMS & H CLL OPT 05/26 27,HIMS  260508C00027000,OPTION_CALL,-1500.0,1.485,-222750.0,-0.97,yieldmax,https://yieldmaxetfs.com/?fund_csv_ticker=HIYY,,,,,
2026-05-01,HIYY,HIMS  260508C00028000,HIMS US 05/08/26 C28,HIMS  260508C00028000,OPTION_CALL,-2672.0,1.055,-281896.0,-1.23,yieldmax,https://yieldmaxetfs.com/?fund_csv_ticker=HIYY,,,,,
2026-05-01,HIYY,2HIMS 260515P00026010,HIMS 05/15/2026 26.01 P,2HIMS 260515P00026010,OPTION_PUT,-8450.0,2.24,-1892800.0,-8.24,yieldmax,https://yieldmaxetfs.com/?fund_csv_ticker=HIYY,,,,,
2026-04-21,HLXX,AXS2418601MAR,CFD HECLA MINING CO,,SWAP,68823.0,18.09,1245008.07,200.0,tradr_axs,https://axsetf.filepoint.live/assets/data/BBH_AXS_ETF_PVAL_WEB.20260421.csv,,,,,
2026-04-21,HLXX,USD,CASHUSD,CASHUSD,CASH,596260.72,,596260.72,95.78,tradr_axs,https://axsetf.filepoint.live/assets/data/BBH_AXS_ETF_PVAL_WEB.20260421.csv,,,,,
2026-04-21,HLXX,,NET OTHER ASSETS,,OTHER,-11740.37,,-11740.37,-1.89,tradr_axs,https://axsetf.filepoint.live/assets/data/BBH_AXS_ETF_PVAL_WEB.20260421.csv,,,,,
2026-04-21,HLXX,AXS2418601MAR,CFD HECLA MINING CO,,SWAP,-1207021.82,100.0,-1207021.82,-193.9,tradr_axs,https://axsetf.filepoint.live/assets/data/BBH_AXS_ETF_PVAL_WEB.20260421.csv,,,,,
2026-10-05,HMYY,,US Dollars,,CASH,370305.4801372488,1.0,370305.4801372488,49.22574271153935,granite_shares,https://graniteshares.com/media/0dap5hrx/hmyy_holdings_file_20261002.xls,,,,,
2026-10-05,HMYY,912797UL9,US TBill 10/22/2026,912797UL9,TREASURY,200000.0,0.99819965,199639.93,26.538694014161823,granite_shares,https://graniteshares.com/media/0dap5hrx/hmyy_holdings_file_20261002.xls,,,,,
2026-10-05,HMYY,912797VV6,US TBill 02/04/2027,912797VV6,TREASURY,200000.0,0.9863021000000001,197260.42,26.222379097633663,granite_shares,https://graniteshares.com/media/0dap5hrx/hmyy_holdings_file_20261002.xls,,,,,
2026-10-05,HMYY,HIMZ261007P00024770,2HIMZ 10/07/2026 P24.77,2HIMZ 10/07/2026 P24.77,OPTION_PUT,130.0,0.874864,11373.232,1.511875525101986,granite_shares,https://graniteshares.com/media/0dap5hrx/hmyy_holdings_file_20261002.xls,2HIMZ,2026-10-07,24.77,P,long
2026-10-05,HMYY,HIMZ261009P00023460,2HIMZ 10/09/2026 P23.46,2HIMZ 10/09/2026 P23.46,OPTION_PUT,60.0,0.64,3840.0,0.5104619352169749,granite_shares,https://graniteshares.com/media/0dap5hrx/hmyy_holdings_file_20261002.xls,2HIMZ,2026-10-09,23.46,P,long
2026-10-05,HMYY,HIMZ261005P00023190,2HIMZ 10/05/2026 P23.19,2HIMZ 10/05/2026 P23.19,OPTION_PUT,110.0,0.17534499999999997,1928.7949999999998,0.2564001115460482,granite_shares,https://graniteshares.com/media/0dap5hrx/hmyy_holdings_file_20261002.xls,2HIMZ,2026-10-05,23.19,P,long
2026-10-05,HMYY,HIMZ261005P00024480,2HIMZ 10/05/2026 P24.48,2HIMZ 10/05/2026 P24.48,OPTION_PUT,-110.0,0.46812999999999994,-5149.429999999999,-0.684528125798007,granite_shares,https://graniteshares.com/media/0dap5hrx/hmyy_holdings_file_20261002.xls,2HIMZ,2026-10-05,24.48,P,short
2026-10-05,HMYY,HIMZ261009P00024770,2HIMZ 10/09/2026 P24.77,2HIMZ 10/09/2026 P24.77,OPTION_PUT,-60.0,1.12,-6720.0,-0.8933083866297061,granite_shares,https://graniteshares.com/media/0dap5hrx/hmyy_holdings_file_20261002.xls,2HIMZ,2026-10-09,24.77,P,short
2026-10-05,HMYY,HIMZ261007P00026140,2HIMZ 10/07/2026 P26.14,2HIMZ 10/07/2026 P26.14,OPTION_PUT,-130.0,1.555278,-20218.613999999998,-2.6877168827721407,granite_shares,https://graniteshares.com/media/0dap5hrx/hmyy_holdings_file_20261002.xls,2HIMZ,2026-10-07,26.14,P,short
2026-10-05,HOOX,770700102-TRS-03/17/33-L-HOOX,Robinhood Mkts Swap Jnst-l,770700102-TRS-03/17/33-L-HOOX,SWAP,52498.0,,,38.83,defiance,https://www.defianceetfs.com/hoox-full-holdings/,,,,,
2026-10-05,HOOX,770700102-TRS-02/05/29-L-HOOX,Robinhood Swap Marex-l,770700102-TRS-02/05/29-L-HOOX,SWAP,38984.0,,,28.84,defiance,https://www.defianceetfs.com/hoox-full-holdings/,,,,,
2026-10-05,HOOX,770700102-TRS-11/16/27-L-HOOX,Robinhood Mkts Swap Cs,770700102-TRS-11/16/27-L-HOOX,SWAP,38121.0,,,28.2,defiance,https://www.defianceetfs.com/hoox-full-holdings/,,,,,
2026-10-05,HOOX,770700102-TRS-03/31/33-L-HOOX,Hood Nomura,770700102-TRS-03/31/33-L-HOOX,SWAP,37693.0,,,27.88,defiance,https://www.defianceetfs.com/hoox-full-holdings/,,,,,
2026-10-05,HOOX,770700102-TRS-01/31/33-L-HOOX,"Robinhood Markets, Inc.-swap-nbcb-l",770700102-TRS-01/31/33-L-HOOX,SWAP,36647.0,,,27.11,defiance,https://www.defianceetfs.com/hoox-full-holdings/,,,,,
2026-10-05,HOOX,770700102-TRS-08/31/27-L-HOOX,Robinhood Mkts Inc Swap Bmo,770700102-TRS-08/31/27-L-HOOX,SWAP,34535.0,,,25.55,defiance,https://www.defianceetfs.com/hoox-full-holdings/,,,,,
2026-10-05,HOOX,770700102-TRS-09/08/28-L-HOOX,Robinhood Mkts Inc Swap Cantor,770700102-TRS-09/08/28-L-HOOX,SWAP,31739.0,,,23.48,defiance,https://www.defianceetfs.com/hoox-full-holdings/,,,,,
2026-10-05,HOOX,912797UZ8,United States Treasury Bill 11/19/2026,912797UZ8,TREASURY,3000000.0,,,19.59,defiance,https://www.defianceetfs.com/hoox-full-holdings/,,,,,
2026-10-05,HOOX,FGXXX,First American Government Obligations Fund 12/01/2031,31846V336,COMMON_STOCK,2233921.0,,,14.66,defiance,https://www.defianceetfs.com/hoox-full-holdings/,,,,,
2026-10-05,HOOX,Cash&Other,Cash & Other,Cash&Other,CASH,-20448383.0,,,-134.16,defiance,https://www.defianceetfs.com/hoox-full-holdings/,,,,,
2026-05-01,HOOY,912797QX8,United States Treasury Bill 06/11/2026,912797QX8,TREASURY,37124000.0,99.590569,36972002.84,34.98,yieldmax,https://yieldmaxetfs.com/?fund_csv_ticker=HOOY,,,,,
2026-05-01,HOOY,912797RF6,United States Treasury Bill 07/09/2026,912797RF6,TREASURY,23262000.0,99.309521,23101380.78,21.86,yieldmax,https://yieldmaxetfs.com/?fund_csv_ticker=HOOY,,,,,
2026-05-01,HOOY,912797RG4,United States Treasury Bill 08/06/2026,912797RG4,TREASURY,13702000.0,99.035389,13569829.0,12.84,yieldmax,https://yieldmaxetfs.com/?fund_csv_ticker=HOOY,,,,,
2026-05-01,HOOY,912797RS8,United States Treasury Bill 09/03/2026,912797RS8,TREASURY,12251000.0,98.758681,12098926.01,11.45,yieldmax,https://yieldmaxetfs.com/?fund_csv_ticker=HOOY,,,,,
2026-05-01,HOOY,HOOD  260618C00070000,HOOD US 06/18/26 C70,HOOD  260618C00070000,OPTION_CALL,14530.0,7.975,11587675.0,10.96,yieldmax,https://yieldmaxetfs.com/?fund_csv_ticker=HOOY,,,,,
2026-05-01,HOOY,912797TR8,United States Treasury Bill 05/12/2026,912797TR8,TREASURY,11376000.0,99.890894,11363588.1,10.75,yieldmax,https://yieldmaxetfs.com/?fund_csv_ticker=HOOY,,,,,
2026-05-01,HOOY,FGXXX,First American Government Obligations Fund 12/01/2031,31846V336,COMMON_STOCK,7755141.0,100.0,7755141.42,7.34,yieldmax,https://yieldmaxetfs.com/?fund_csv_ticker=HOOY,,,,,
2026-05-01,HOOY,HOOD  260508C00081000,HOOD US 05/08/26 C81,HOOD  260508C00081000,OPTION_CALL,6000.0,0.4,240000.0,0.23,yieldmax,https://yieldmaxetfs.com/?fund_csv_ticker=HOOY,,,,,
2026-05-01,HOOY,HOOD  260508C00080000,ROBINHOO CLL OPT 05/26 80,HOOD  260508C00080000,OPTION_CALL,4460.0,0.5,223000.0,0.21,yieldmax,https://yieldmaxetfs.com/?fund_csv_ticker=HOOY,,,,,
2026-05-01,HOOY,HOOD  260508C00079000,HOOD US 05/08/26 C79,HOOD  260508C00079000,OPTION_CALL,2020.0,0.645,130290.0,0.12,yieldmax,https://yieldmaxetfs.com/?fund_csv_ticker=HOOY,,,,,
2026-05-01,HOOY,HOOD  260501C00076000,HOOD US 05/01/26 C76,HOOD  260501C00076000,OPTION_CALL,700.0,0.165,11550.0,0.01,yieldmax,https://yieldmaxetfs.com/?fund_csv_ticker=HOOY,,,,,
2026-05-01,HOOY,HOOD  260501C00073000,HOOD US 05/01/26 C73,HOOD  260501C00073000,OPTION_CALL,-700.0,0.935,-65450.0,-0.06,yieldmax,https://yieldmaxetfs.com/?fund_csv_ticker=HOOY,,,,,
2026-05-01,HOOY,HOOD  260508C00074000,HOOD US 05/08/26 C74,HOOD  260508C00074000,OPTION_CALL,-2020.0,2.06,-416120.0,-0.39,yieldmax,https://yieldmaxetfs.com/?fund_csv_ticker=HOOY,,,,,
2026-05-01,HOOY,HOOD  260508C00075000,ROBINHOO CLL OPT 05/26 75,HOOD  260508C00075000,OPTION_CALL,-4460.0,1.665,-742590.0,-0.7,yieldmax,https://yieldmaxetfs.com/?fund_csv_ticker=HOOY,,,,,
2026-05-01,HOOY,HOOD  260508C00076000,HOOD US 05/08/26 C76,HOOD  260508C00076000,OPTION_CALL,-6000.0,1.32,-792000.0,-0.75,yieldmax,https://yieldmaxetfs.com/?fund_csv_ticker=HOOY,,,,,
2026-05-01,HOOY,Cash&Other,Cash & Other,Cash&Other,CASH,-2697333.0,1.0,-2697333.27,-2.55,yieldmax,https://yieldmaxetfs.com/?fund_csv_ticker=HOOY,,,,,
2026-05-01,HOOY,2HOOD 260618P00070010,HOOD 06/18/2026 70.01 P,2HOOD 260618P00070010,OPTION_PUT,-14530.0,4.6028,-6687868.4,-6.33,yieldmax,https://yieldmaxetfs.com/?fund_csv_ticker=HOOY,,,,,
2026-08-27,HOOZ,Cash&Other,Cash & Other,Cash&Other,CASH,2885271.0,,,92.41,defiance,https://www.defianceetfs.com/hooz-full-holdings/,,,,,
2026-08-27,HOOZ,FGXXX,First American Government Obligations Fund 12/01/2031,31846V336,COMMON_STOCK,233445.0,,,7.48,defiance,https://www.defianceetfs.com/hooz-full-holdings/,,,,,
2026-10-05,HOYY,,US Dollars,,CASH,3752255.374507566,1.0,3752255.374507566,55.04321750085577,granite_shares,https://graniteshares.com/media/4m0oawsy/hoyy_holdings_file_20261002.xls,,,,,
2026-10-05,HOYY,912797VV6,US TBill 02/04/2027,912797VV6,TREASURY,2100000.0,0.9863021099999999,2071234.4309999999,30.38370150799136,granite_shares,https://graniteshares.com/media/4m0oawsy/hoyy_holdings_file_20261002.xls,,,,,
2026-10-05,HOYY,912797UL9,US TBill 10/22/2026,912797UL9,TREASURY,1100000.0,0.99819965,1098019.615,16.10725455928827,granite_shares,https://graniteshares.com/media/4m0oawsy/hoyy_holdings_file_20261002.xls,,,,,
2026-10-05,HOYY,ROBN261007P00029090,2ROBN 10/07/2026 P29.09,2ROBN 10/07/2026 P29.09,OPTION_PUT,1480.0,0.38426599999999994,56871.367999999995,0.8342670649931522,granite_shares,https://graniteshares.com/media/4m0oawsy/hoyy_holdings_file_20261002.xls,2ROBN,2026-10-07,29.09,P,long
2026-10-05,HOYY,ROBN261009P00029110,2ROBN 10/09/2026 P29.11,2ROBN 10/09/2026 P29.11,OPTION_PUT,450.0,0.55,24750.000000000004,0.36306687503245083,granite_shares,https://graniteshares.com/media/4m0oawsy/hoyy_holdings_file_20261002.xls,2ROBN,2026-10-09,29.11,P,long
2026-10-05,HOYY,ROBN261005P00031140,2ROBN 10/05/2026 P31.14,2ROBN 10/05/2026 P31.14,OPTION_PUT,160.0,0.6600390000000002,10560.624000000002,0.15491768703324044,granite_shares,https://graniteshares.com/media/4m0oawsy/hoyy_holdings_file_20261002.xls,2ROBN,2026-10-05,31.14,P,long
2026-10-05,HOYY,ROBN261005P00031070,2ROBN 10/05/2026 P31.07,2ROBN 10/05/2026 P31.07,OPTION_PUT,40.0,0.63578,2543.12,0.03730596489828388,granite_shares,https://graniteshares.com/media/4m0oawsy/hoyy_holdings_file_20261002.xls,2ROBN,2026-10-05,31.07,P,long
2026-10-05,HOYY,ROBN261007P00028310,2ROBN 10/07/2026 P28.31,2ROBN 10/07/2026 P28.31,OPTION_PUT,80.0,0.251564,2012.5120000000002,0.029522280517386167,granite_shares,https://graniteshares.com/media/4m0oawsy/hoyy_holdings_file_20261002.xls,2ROBN,2026-10-07,28.31,P,long
2026-10-05,HOYY,ROBN261007P00029880,2ROBN 10/07/2026 P29.88,2ROBN 10/07/2026 P29.88,OPTION_PUT,-80.0,0.566951,-4535.608,-0.06653450597705794,granite_shares,https://graniteshares.com/media/4m0oawsy/hoyy_holdings_file_20261002.xls,2ROBN,2026-10-07,29.88,P,short
2026-10-05,HOYY,ROBN261005P00032790,2ROBN 10/05/2026 P32.79,2ROBN 10/05/2026 P32.79,OPTION_PUT,-40.0,1.4212280000000002,-5684.912,-0.08339407008785778,granite_shares,https://graniteshares.com/media/4m0oawsy/hoyy_holdings_file_20261002.xls,2ROBN,2026-10-05,32.79,P,short
2026-10-05,HOYY,ROBN261005P00032870,2ROBN 10/05/2026 P32.87,2ROBN 10/05/2026 P32.87,OPTION_PUT,-160.0,1.467447,-23479.152,-0.34442433717381477,granite_shares,https://graniteshares.com/media/4m0oawsy/hoyy_holdings_file_20261002.xls,2ROBN,2026-10-05,32.87,P,short
2026-10-05,HOYY,ROBN261009P00030720,2ROBN 10/09/2026 P30.72,2ROBN 10/09/2026 P30.72,OPTION_PUT,-450.0,1.04,-46800.0,-0.6865264546068159,granite_shares,https://graniteshares.com/media/4m0oawsy/hoyy_holdings_file_20261002.xls,2ROBN,2026-10-09,30.72,P,short
2026-10-05,HOYY,ROBN261007P00030700,2ROBN 10/07/2026 P30.70,2ROBN 10/07/2026 P30.70,OPTION_PUT,-1480.0,0.8163609999999999,-120821.42799999999,-1.7723740727643735,granite_shares,https://graniteshares.com/media/4m0oawsy/hoyy_holdings_file_20261002.xls,2ROBN,2026-10-07,30.7,P,short
2026-04-21,IBX,AXS2005973MAR,CFD INTL BUSINESS MACHINES CORP,,SWAP,3064.0,255.68,783403.52,199.95,tradr_axs,https://axsetf.filepoint.live/assets/data/BBH_AXS_ETF_PVAL_WEB.20260421.csv,,,,,
2026-04-21,IBX,USD,CASHUSD,CASHUSD,CASH,362991.67,,362991.67,92.65,tradr_axs,https://axsetf.filepoint.live/assets/data/BBH_AXS_ETF_PVAL_WEB.20260421.csv,,,,,
2026-04-21,IBX,,NET OTHER ASSETS,,OTHER,-5926.38,,-5926.38,-1.51,tradr_axs,https://axsetf.filepoint.live/assets/data/BBH_AXS_ETF_PVAL_WEB.20260421.csv,,,,,
2026-04-21,IBX,AXS2005973MAR,CFD INTL BUSINESS MACHINES CORP,,SWAP,-748661.56,100.0,-748661.56,-191.08,tradr_axs,https://axsetf.filepoint.live/assets/data/BBH_AXS_ETF_PVAL_WEB.20260421.csv,,,,,
2026-10-05,INFH,45676K103-TRS-03/31/33-L-INFH,"Infleqtion, Inc.-swap-nmra-l",45676K103-TRS-03/31/33-L-INFH,SWAP,187991.0,,,40.56,defiance,https://www.defianceetfs.com/infh-full-holdings/,,,,,
2026-10-05,INFH,45676K103-TRS-01/31/33-L-INFH,"Infleqtion, Inc.-swap-nbcb-l",45676K103-TRS-01/31/33-L-INFH,SWAP,185897.0,,,40.1,defiance,https://www.defianceetfs.com/infh-full-holdings/,,,,,
2026-10-05,INFH,45676K103-TRS-06/07/33-L-INFH,"Infleqtion, Inc.-swap-jnst-l",45676K103-TRS-06/07/33-L-INFH,SWAP,176141.0,,,38.0,defiance,https://www.defianceetfs.com/infh-full-holdings/,,,,,
2026-10-05,INFH,45676K103-TRS-06/05/33-L-INFH,"Infleqtion, Inc.-swap-mrex-l",45676K103-TRS-06/05/33-L-INFH,SWAP,141696.0,,,30.57,defiance,https://www.defianceetfs.com/infh-full-holdings/,,,,,
2026-10-05,INFH,45676K103-TRS-07/25/28-L-INFH,"Infleqtion, Inc.-swap-clst-l",45676K103-TRS-07/25/28-L-INFH,SWAP,125317.0,,,27.03,defiance,https://www.defianceetfs.com/infh-full-holdings/,,,,,
2026-10-05,INFH,45676K103-TRS-12/30/27-L-INFH,"Infleqtion, Inc.-swap-cant-l",45676K103-TRS-12/30/27-L-INFH,SWAP,109628.0,,,23.65,defiance,https://www.defianceetfs.com/infh-full-holdings/,,,,,
2026-10-05,INFH,FGXXX,First American Government Obligations Fund 12/01/2031,31846V336,COMMON_STOCK,363284.0,,,5.96,defiance,https://www.defianceetfs.com/infh-full-holdings/,,,,,
2026-10-05,INFH,Cash&Other,Cash & Other,Cash&Other,CASH,-6460976.0,,,-105.99,defiance,https://www.defianceetfs.com/infh-full-holdings/,,,,,
2026-10-05,INTW,,US Dollars,,CASH,570828702.632447,1.0,570828702.632447,100.0,granite_shares,https://graniteshares.com/media/kpxbi0ik/intw_holdings_file_20261004.xls,,,,,
2026-10-05,INTW,INTC,INTC,INTC,OTHER,9571129.0,119.33,1142122823.57,2.0008150000000002,granite_shares,https://graniteshares.com/media/kpxbi0ik/intw_holdings_file_20261004.xls,,,,,
2026-10-05,IONL,,US Dollars,,CASH,84118944.45176099,1.0,84118944.45176099,100.0,granite_shares,https://graniteshares.com/media/o3wlg20d/ionl_holdings_file_20261004.xls,,,,,
2026-10-05,IONL,IONQ,IONQ,IONQ,OTHER,3844516.0,43.769999999999996,168274465.32,2.000434,granite_shares,https://graniteshares.com/media/o3wlg20d/ionl_holdings_file_20261004.xls,,,,,
2026-10-05,IONX,912797UZ8,United States Treasury Bill 11/19/2026,912797UZ8,TREASURY,117490000.0,,,63.71,defiance,https://www.defianceetfs.com/ionx-full-holdings/,,,,,
2026-10-05,IONX,46222L108-TRS-04/14/31-L-IONX,"Ionq, Inc.-swap-mscs-l",46222L108-TRS-04/14/31-L-IONX,SWAP,1393000.0,,,33.22,defiance,https://www.defianceetfs.com/ionx-full-holdings/,,,,,
2026-10-05,IONX,46222L108-TRS-03/17/33-L-IONX,Ionq Inc Swap Jnst-l,46222L108-TRS-03/17/33-L-IONX,SWAP,1192860.0,,,28.45,defiance,https://www.defianceetfs.com/ionx-full-holdings/,,,,,
2026-10-05,IONX,46222L108-TRS-03/31/33-L-IONX,Ionq Inc Swap Nomura,46222L108-TRS-03/31/33-L-IONX,SWAP,1165228.0,,,27.79,defiance,https://www.defianceetfs.com/ionx-full-holdings/,,,,,
2026-10-05,IONX,46222L108-TRS-01/31/33-L-IONX,Ionq Inc Swap Nbc-l,46222L108-TRS-01/31/33-L-IONX,SWAP,1141088.0,,,27.22,defiance,https://www.defianceetfs.com/ionx-full-holdings/,,,,,
2026-10-05,IONX,46222L108-TRS-02/05/29-L-IONX,Ionq Inc Swap Marex-l,46222L108-TRS-02/05/29-L-IONX,SWAP,1102193.0,,,26.29,defiance,https://www.defianceetfs.com/ionx-full-holdings/,,,,,
2026-10-05,IONX,46222L108-TRS-11/23/27-L-IONX,Ionq Inc Swap L-cs,46222L108-TRS-11/23/27-L-IONX,SWAP,1009650.0,,,24.08,defiance,https://www.defianceetfs.com/ionx-full-holdings/,,,,,
2026-10-05,IONX,46222L108-TRS-09/08/28-L-IONX,Ionq Inc Swap Cantor,46222L108-TRS-09/08/28-L-IONX,SWAP,934084.0,,,22.28,defiance,https://www.defianceetfs.com/ionx-full-holdings/,,,,,
2026-10-05,IONX,46222L108-TRS-06/30/27-L-IONX,Ionq Inc Swap Bmo,46222L108-TRS-06/30/27-L-IONX,SWAP,442000.0,,,10.54,defiance,https://www.defianceetfs.com/ionx-full-holdings/,,,,,
2026-10-05,IONX,FGXXX,First American Government Obligations Fund 12/01/2031,31846V336,COMMON_STOCK,7694121.0,,,4.19,defiance,https://www.defianceetfs.com/ionx-full-holdings/,,,,,
2026-10-05,IONX,Cash&Other,Cash & Other,Cash&Other,CASH,-308093874.0,,,-167.89,defiance,https://www.defianceetfs.com/ionx-full-holdings/,,,,,
2026-10-05,IONZ,Cash&Other,Cash & Other,Cash&Other,CASH,22203020.0,,,286.28,defiance,https://www.defianceetfs.com/ionz-full-holdings/,,,,,
2026-10-05,IONZ,912797UZ8,United States Treasury Bill 11/19/2026,912797UZ8,TREASURY,600000.0,,,7.7,defiance,https://www.defianceetfs.com/ionz-full-holdings/,,,,,
2026-10-05,IONZ,FGXXX,First American Government Obligations Fund 12/01/2031,31846V336,COMMON_STOCK,456964.0,,,5.89,defiance,https://www.defianceetfs.com/ionz-full-holdings/,,,,,
2026-10-05,IONZ,46222L108-TRS-03/31/33-S-IONZ,Ionq Inc Swap Nomura-s,46222L108-TRS-03/31/33-S-IONZ,SWAP,-65500.0,,,-36.97,defiance,https://www.defianceetfs.com/ionz-full-holdings/,,,,,
2026-10-05,IONZ,46222L108-TRS-11/16/27-S-IONZ,Ionq Inc Swap Cs,46222L108-TRS-11/16/27-S-IONZ,SWAP,-65869.0,,,-37.17,defiance,https://www.defianceetfs.com/ionz-full-holdings/,,,,,
2026-10-05,IONZ,46222L108-TRS-03/17/33-S-IONZ,Ionq Inc Swap Jnst-s,46222L108-TRS-03/17/33-S-IONZ,SWAP,-67542.0,,,-38.12,defiance,https://www.defianceetfs.com/ionz-full-holdings/,,,,,
2026-10-05,IONZ,46222L108-TRS-09/08/28-S-IONZ,Ionq Inc Swap Cantor-s,46222L108-TRS-09/08/28-S-IONZ,SWAP,-76713.0,,,-43.29,defiance,https://www.defianceetfs.com/ionz-full-holdings/,,,,,
2026-10-05,IONZ,46222L108-TRS-09/26/33-S-IONZ,Ionq Inc Marex-s,46222L108-TRS-09/26/33-S-IONZ,SWAP,-78704.0,,,-44.42,defiance,https://www.defianceetfs.com/ionz-full-holdings/,,,,,
2026-10-05,IOYY,912797UL9,US TBill 10/22/2026,912797UL9,TREASURY,2000000.0,0.99819965,1996399.3,48.80774637764241,granite_shares,https://graniteshares.com/media/zrxbkknj/ioyy_holdings_file_20261002.xls,,,,,
2026-10-05,IOYY,912797VV6,US TBill 02/04/2027,912797VV6,TREASURY,1500000.0,0.98630211,1479453.165,36.169505196140044,granite_shares,https://graniteshares.com/media/zrxbkknj/ioyy_holdings_file_20261002.xls,,,,,
2026-10-05,IOYY,,US Dollars,,CASH,691417.1749507741,1.0,691417.1749507741,16.90368961567127,granite_shares,https://graniteshares.com/media/zrxbkknj/ioyy_holdings_file_20261002.xls,,,,,
2026-10-05,IOYY,IONL261009P00013500,2IONL 10/09/2026 P13.50,2IONL 10/09/2026 P13.50,OPTION_PUT,1310.0,0.37,48470.0,1.1849891286399108,granite_shares,https://graniteshares.com/media/zrxbkknj/ioyy_holdings_file_20261002.xls,2IONL,2026-10-09,13.5,P,long
2026-10-05,IOYY,IONL261007P00013660,2IONL 10/07/2026 P13.66,2IONL 10/07/2026 P13.66,OPTION_PUT,1170.0,0.286321,33499.557,0.8189934157056534,granite_shares,https://graniteshares.com/media/zrxbkknj/ioyy_holdings_file_20261002.xls,2IONL,2026-10-07,13.66,P,long
2026-10-05,IOYY,IONL261005P00014130,2IONL 10/05/2026 P14.13,2IONL 10/05/2026 P14.13,OPTION_PUT,360.0,0.277672,9996.192,0.24438578188151938,granite_shares,https://graniteshares.com/media/zrxbkknj/ioyy_holdings_file_20261002.xls,2IONL,2026-10-05,14.13,P,long
2026-10-05,IOYY,IONL261005P00014920,2IONL 10/05/2026 P14.92,2IONL 10/05/2026 P14.92,OPTION_PUT,-360.0,0.603192,-21714.911999999997,-0.5308837352872361,granite_shares,https://graniteshares.com/media/zrxbkknj/ioyy_holdings_file_20261002.xls,2IONL,2026-10-05,14.92,P,short
2026-10-05,IOYY,IONL261007P00014420,2IONL 10/07/2026 P14.42,2IONL 10/07/2026 P14.42,OPTION_PUT,-1170.0,0.552629,-64657.59300000001,-1.580741588385063,granite_shares,https://graniteshares.com/media/zrxbkknj/ioyy_holdings_file_20261002.xls,2IONL,2026-10-07,14.42,P,short
2026-10-05,IOYY,IONL261009P00014250,2IONL 10/09/2026 P14.25,2IONL 10/09/2026 P14.25,OPTION_PUT,-1310.0,0.63,-82530.0,-2.0176841920084962,granite_shares,https://graniteshares.com/media/zrxbkknj/ioyy_holdings_file_20261002.xls,2IONL,2026-10-09,14.25,P,short
2026-10-05,IRE,912797UZ8,United States Treasury Bill 11/19/2026,912797UZ8,TREASURY,148500000.0,,,54.26,defiance,https://www.defianceetfs.com/ire-full-holdings/,,,,,
2026-10-05,IRE,Q4982L109-TRS-03/16/33-L-IRE,Iren Limited Swap Jnst-l,Q4982L109-TRS-03/16/33-L-IRE,SWAP,2158744.0,,,33.1,defiance,https://www.defianceetfs.com/ire-full-holdings/,,,,,
2026-10-05,IRE,Q4982L109-TRS-01/31/33-L-IRE,Iren Limited Swap Nbc-l,Q4982L109-TRS-01/31/33-L-IRE,SWAP,2097212.0,,,32.16,defiance,https://www.defianceetfs.com/ire-full-holdings/,,,,,
2026-10-05,IRE,Q4982L109-TRS-11/23/27-L-IRE,Iren Ltd Swap Cs-l,Q4982L109-TRS-11/23/27-L-IRE,SWAP,2015798.0,,,30.91,defiance,https://www.defianceetfs.com/ire-full-holdings/,,,,,
2026-10-05,IRE,Q4982L109-TRS-10/21/28-L-IRE,Iren Ltd Swap Mar-l,Q4982L109-TRS-10/21/28-L-IRE,SWAP,1871853.0,,,28.7,defiance,https://www.defianceetfs.com/ire-full-holdings/,,,,,
2026-10-05,IRE,Q4982L109-TRS-04/14/31-L-IRE,Iren Limited-swap-mscs-l,Q4982L109-TRS-04/14/31-L-IRE,SWAP,1798646.0,,,27.58,defiance,https://www.defianceetfs.com/ire-full-holdings/,,,,,
2026-10-05,IRE,Q4982L109-TRS-11/01/28-L-IRE,Iren Ltd Swap Cantor-l,Q4982L109-TRS-11/01/28-L-IRE,SWAP,1719367.0,,,26.37,defiance,https://www.defianceetfs.com/ire-full-holdings/,,,,,
2026-10-05,IRE,Q4982L109-TRS-01/31/28-L-IRE,Iren Limited Swap Bmob-l,Q4982L109-TRS-01/31/28-L-IRE,SWAP,860500.0,,,13.2,defiance,https://www.defianceetfs.com/ire-full-holdings/,,,,,
2026-10-05,IRE,Q4982L109-TRS-03/31/33-L-IRE,Iren Limited Swap Nm,Q4982L109-TRS-03/31/33-L-IRE,SWAP,511362.0,,,7.84,defiance,https://www.defianceetfs.com/ire-full-holdings/,,,,,
2026-10-05,IRE,FGXXX,First American Government Obligations Fund 12/01/2031,31846V336,COMMON_STOCK,8396066.0,,,3.08,defiance,https://www.defianceetfs.com/ire-full-holdings/,,,,,
2026-10-05,IRE,Cash&Other,Cash & Other,Cash&Other,CASH,-428390458.0,,,-157.31,defiance,https://www.defianceetfs.com/ire-full-holdings/,,,,,
2026-04-21,IREX,AXSBMQ80V2MAR,CFD IREN LTD,,SWAP,2362900.0,45.17,106732193.0,200.0,tradr_axs,https://axsetf.filepoint.live/assets/data/BBH_AXS_ETF_PVAL_WEB.20260421.csv,,,,,
2026-04-21,IREX,USD,CASHUSD,CASHUSD,CASH,22195890.71,,22195890.71,41.59,tradr_axs,https://axsetf.filepoint.live/assets/data/BBH_AXS_ETF_PVAL_WEB.20260421.csv,,,,,
2026-04-21,IREX,,NET OTHER ASSETS,,OTHER,5659521.99,,5659521.99,10.61,tradr_axs,https://axsetf.filepoint.live/assets/data/BBH_AXS_ETF_PVAL_WEB.20260421.csv,,,,,
2026-04-21,IREX,AXSBMQ80V2MAR,CFD IREN LTD,,SWAP,-81221487.13,100.0,-81221487.13,-152.2,tradr_axs,https://axsetf.filepoint.live/assets/data/BBH_AXS_ETF_PVAL_WEB.20260421.csv,,,,,
2026-04-21,IREZ,AXSBMQ80V2CLS,CFD IREN LTD,,SWAP,50217080.66,100.0,50217080.66,207.5,tradr_axs,https://axsetf.filepoint.live/assets/data/BBH_AXS_ETF_PVAL_WEB.20260421.csv,,,,,
2026-04-21,IREZ,USD,CASHUSD,CASHUSD,CASH,25919471.01,,25919471.01,107.1,tradr_axs,https://axsetf.filepoint.live/assets/data/BBH_AXS_ETF_PVAL_WEB.20260421.csv,,,,,
2026-04-21,IREZ,,NET OTHER ASSETS,,OTHER,-3532114.73,,-3532114.73,-14.59,tradr_axs,https://axsetf.filepoint.live/assets/data/BBH_AXS_ETF_PVAL_WEB.20260421.csv,,,,,
2026-04-21,IREZ,AXSBMQ80V2CLS,CFD IREN LTD,,SWAP,-1071573.0,45.17,-48402952.41,-200.0,tradr_axs,https://axsetf.filepoint.live/assets/data/BBH_AXS_ETF_PVAL_WEB.20260421.csv,,,,,
2026-10-05,ISUL,,US Dollars,,CASH,9702595.739511,1.0,9702595.739511,100.0,granite_shares,https://graniteshares.com/media/vfhjc3lv/isul_holdings_file_20261004.xls,,,,,
2026-10-05,ISUL,ISRG,ISRG,ISRG,OTHER,49498.0,391.95000000000005,19400741.1,1.9995409999999998,granite_shares,https://graniteshares.com/media/vfhjc3lv/isul_holdings_file_20261004.xls,,,,,
2026-10-05,JNUG,,GDXJ SWAP ASSET LEG,GDXJBPL,SWAP,2267666.0,113.65,257720240.9,63.5701548142,direxion,https://www.direxion.com/holdings/JNUG.csv,,,,,
2026-10-05,JNUG,,GDXJ SWAP ASSET LEG,GDXJJPL,SWAP,1954326.0,113.65,222109149.9,54.7862014854,direxion,https://www.direxion.com/holdings/JNUG.csv,,,,,
2026-10-05,JNUG,,DREYFUS GOVT CASH MAN INS,X9USDDGCM,MONEY_MARKET,205750133.19,1.0,205750133.19,50.7510305526,direxion,https://www.direxion.com/holdings/JNUG.csv,,,,,
2026-10-05,JNUG,GDXJ,VANECK JUNIOR GOLD MINERS,92189F791,COMMON_STOCK,1340957.0,113.65,152399763.05,37.591446046,direxion,https://www.direxion.com/holdings/JNUG.csv,,,,,
2026-10-05,JNUG,,GDXJ SWAP ASSET LEG,GDXJCTL,SWAP,1078374.0,113.65,122557205.1,30.2303787805,direxion,https://www.direxion.com/holdings/JNUG.csv,,,,,
2026-10-05,JNUG,,GOLDMAN FINL SQ TRSRY INST 506,X9USDGSFC,OTHER,74900802.78,1.0,74900802.78,18.475287823,direxion,https://www.direxion.com/holdings/JNUG.csv,,,,,
2026-10-05,JNUG,,GDXJ SWAP ASSET LEG,GDXJUBL,SWAP,493009.0,113.65,56030472.85,13.8206677945,direxion,https://www.direxion.com/holdings/JNUG.csv,,,,,
2026-04-21,JOBX,AXSBMCRLL0CLS,CFD JOBY AVIATION INC,,SWAP,5040104.0,8.97,45209732.88,186.21,tradr_axs,https://axsetf.filepoint.live/assets/data/BBH_AXS_ETF_PVAL_WEB.20260421.csv,,,,,
2026-04-21,JOBX,USD,CASHUSD,CASHUSD,CASH,32782667.76,,32782667.76,135.03,tradr_axs,https://axsetf.filepoint.live/assets/data/BBH_AXS_ETF_PVAL_WEB.20260421.csv,,,,,
2026-04-21,JOBX,AXSBMCRLL0MAR,CFD JOBY AVIATION INC,,SWAP,373141.0,8.97,3347074.77,13.79,tradr_axs,https://axsetf.filepoint.live/assets/data/BBH_AXS_ETF_PVAL_WEB.20260421.csv,,,,,
2026-04-21,JOBX,AXSBMCRLL0MAR,CFD JOBY AVIATION INC,,SWAP,-3596379.61,100.0,-3596379.61,-14.81,tradr_axs,https://axsetf.filepoint.live/assets/data/BBH_AXS_ETF_PVAL_WEB.20260421.csv,,,,,
2026-04-21,JOBX,,NET OTHER ASSETS,,OTHER,-3779591.53,,-3779591.53,-15.57,tradr_axs,https://axsetf.filepoint.live/assets/data/BBH_AXS_ETF_PVAL_WEB.20260421.csv,,,,,
2026-04-21,JOBX,AXSBMCRLL0CLS,CFD JOBY AVIATION INC,,SWAP,-49685098.43,100.0,-49685098.43,-204.65,tradr_axs,https://axsetf.filepoint.live/assets/data/BBH_AXS_ETF_PVAL_WEB.20260421.csv,,,,,
2026-10-05,KEEX,486917107-TRS-05/31/33-L-KEEX,Keel Infrastructure Corp.-swap-jnst-l,486917107-TRS-05/31/33-L-KEEX,SWAP,828193.0,,,38.51,defiance,https://www.defianceetfs.com/keex-full-holdings/,,,,,
2026-10-05,KEEX,486917107-TRS-03/31/33-L-KEEX,Keel Infrastructure Corp.-swap-nmra-l,486917107-TRS-03/31/33-L-KEEX,SWAP,796585.0,,,37.04,defiance,https://www.defianceetfs.com/keex-full-holdings/,,,,,
2026-10-05,KEEX,486917107-TRS-01/31/33-L-BTFL,Keel Infrastructure Corp Com Shs Swap Nbc-l,486917107-TRS-01/31/33-L-BTFL,SWAP,729166.0,,,33.9,defiance,https://www.defianceetfs.com/keex-full-holdings/,,,,,
2026-10-05,KEEX,486917107-TRS-12/30/28-L-BTFL,Keel Infrastructure Corp Com Shs Swap Mrex-l,486917107-TRS-12/30/28-L-BTFL,SWAP,674600.0,,,31.36,defiance,https://www.defianceetfs.com/keex-full-holdings/,,,,,
2026-10-05,KEEX,486917107-TRS-02/08/28-L-BTFL,Keel Infrastructure Corp Com Shs Swap Cs-l,486917107-TRS-02/08/28-L-BTFL,SWAP,647437.0,,,30.1,defiance,https://www.defianceetfs.com/keex-full-holdings/,,,,,
2026-10-05,KEEX,912797UZ8,United States Treasury Bill 11/19/2026,912797UZ8,TREASURY,2300000.0,,,29.4,defiance,https://www.defianceetfs.com/keex-full-holdings/,,,,,
2026-10-05,KEEX,486917107-TRS-09/08/28-L-BTFL,Keel Infrastructure Corp Com Shs Swap Cant-l,486917107-TRS-09/08/28-L-BTFL,SWAP,623210.0,,,28.98,defiance,https://www.defianceetfs.com/keex-full-holdings/,,,,,
2026-10-05,KEEX,FGXXX,First American Government Obligations Fund 12/01/2031,31846V336,COMMON_STOCK,839762.0,,,10.79,defiance,https://www.defianceetfs.com/keex-full-holdings/,,,,,
2026-10-05,KEEX,Cash&Other,Cash & Other,Cash&Other,CASH,-10914064.0,,,-140.18,defiance,https://www.defianceetfs.com/keex-full-holdings/,,,,,
2026-10-05,KORU,,EWY SWAP ASSET LEG,EWYMLL,SWAP,5747100.0,191.88,1102753548.0,72.8593697163,direxion,https://www.direxion.com/holdings/KORU.csv,,,,,
2026-10-05,KORU,,EWY SWAP ASSET LEG,EWYCTL,SWAP,4599640.0,191.88,882578923.2,58.3123438468,direxion,https://www.direxion.com/holdings/KORU.csv,,,,,
2026-10-05,KORU,EWY,ISHARES MSCI SOUTH KOREA ETF,464286772,COMMON_STOCK,4391478.0,191.88,842636798.64,55.6733516387,direxion,https://www.direxion.com/holdings/KORU.csv,,,,,
2026-10-05,KORU,,EWY SWAP ASSET LEG,EWYNML,SWAP,4098535.0,191.88,786426895.8,51.9595407876,direxion,https://www.direxion.com/holdings/KORU.csv,,,,,
2026-10-05,KORU,,EWY SWAP ASSET LEG,EWYJPL,SWAP,2434798.0,191.88,467189040.24,30.8673674839,direxion,https://www.direxion.com/holdings/KORU.csv,,,,,
2026-10-05,KORU,,EWY SWAP ASSET LEG,EWYUBL,SWAP,2036176.0,191.88,390701450.88,25.813801742,direxion,https://www.direxion.com/holdings/KORU.csv,,,,,
2026-10-05,KORU,,GOLDMAN FINL SQ TRSRY INST 506,X9USDGSFC,OTHER,319022543.16,1.0,319022543.16,21.077947527,direxion,https://www.direxion.com/holdings/KORU.csv,,,,,
2026-10-05,KORU,,DREYFUS GOVT CASH MAN INS,X9USDDGCM,MONEY_MARKET,286227142.02,1.0,286227142.02,18.911142205,direxion,https://www.direxion.com/holdings/KORU.csv,,,,,
2026-10-05,KORU,,EWY SWAP ASSET LEG,EWYBPL,SWAP,226547.0,191.88,43469838.36,2.8720696753,direxion,https://www.direxion.com/holdings/KORU.csv,,,,,
2026-10-05,KORU,,EWY SWAP ASSET LEG,EWYBCL,SWAP,129337.0,191.88,24817183.56,1.6396812829,direxion,https://www.direxion.com/holdings/KORU.csv,,,,,
2026-10-05,KORU,,GOLDMAN SACHS FIN GOV 465 INSTITUT,X9USDGLDS,OTHER,8.76,1.0,8.76,5.788e-07,direxion,https://www.direxion.com/holdings/KORU.csv,,,,,
2026-10-02,KTUP,50077B207-TRS-09/21/27-L,KRATOS DEFENSE & SEC SOLUTIONS  SWAP CLEARSTREET,,SWAP,306417.0,,13197380.19,108.87,rex_shares,https://www.rexshares.com/KTUP/,,,,,
2026-10-02,KTUP,50077B207-TRS-12/01/28-L,KRATOS DEFENSE & SECURITY SOLUTIONS-SWAP-CANT-L,,SWAP,256548.0,,11049522.36,91.15,rex_shares,https://www.rexshares.com/KTUP/,,,,,
2026-10-02,KTUP,FGXXX,FIRST AMERICAN GOVERNMENT OBLI FIRST AM GOV OBLIG X,31846V336,COMMON_STOCK,1197644.0,,1197644.17,9.88,rex_shares,https://www.rexshares.com/KTUP/,,,,,
2026-10-02,KTUP,Cash&Other,Cash & Other,,CASH,-13330871.0,,-13330871.4,-109.97,rex_shares,https://www.rexshares.com/KTUP/,,,,,
2026-10-05,LABD,,GOLDMAN FINL SQ TRSRY INST 506,X9USDGSFC,OTHER,61203864.58,1.0,61203864.58,45.4655833703,direxion,https://www.direxion.com/holdings/LABD.csv,,,,,
2026-10-05,LABD,,DREYFUS GOVT CASH MAN INS,X9USDDGCM,MONEY_MARKET,54803110.41,1.0,54803110.41,40.7107525382,direxion,https://www.direxion.com/holdings/LABD.csv,,,,,
2026-10-05,LABD,,GOLDMAN SACHS FIN GOV 465 INSTITUT,X9USDGLDS,OTHER,35077859.48,1.0,35077859.48,26.0577555941,direxion,https://www.direxion.com/holdings/LABD.csv,,,,,
2026-10-05,LABD,,DREYFUS TRSRY SECURITIES CASH MGMT,X9USDDTP3,CASH,3421830.89,1.0,3421830.89,2.5419234337,direxion,https://www.direxion.com/holdings/LABD.csv,,,,,
2026-10-05,LABD,,SPSIBI SWAP ASSET LEG,SPSIBIJPS,SWAP,-369.0,12087.94,-4460449.86,-3.3134665004,direxion,https://www.direxion.com/holdings/LABD.csv,,,,,
2026-10-05,LABD,,SPSIBI SWAP ASSET LEG,SPSIBIUBS,SWAP,-500.0,12087.94,-6043970.0,-4.4897920059,direxion,https://www.direxion.com/holdings/LABD.csv,,,,,
2026-10-05,LABD,,SPSIBI SWAP ASSET LEG,SPSIBIGSS,SWAP,-1388.0,12087.94,-16778060.72,-12.4636626084,direxion,https://www.direxion.com/holdings/LABD.csv,,,,,
2026-10-05,LABD,,SPSIBI SWAP ASSET LEG,SPSIBICTS,SWAP,-3862.0,12087.94,-46683624.28,-34.6791534537,direxion,https://www.direxion.com/holdings/LABD.csv,,,,,
2026-10-05,LABD,,SPSIBI SWAP ASSET LEG,SPSIBIMLS,SWAP,-12821.0,12087.94,-154979478.74,-115.1272466157,direxion,https://www.direxion.com/holdings/LABD.csv,,,,,
2026-10-05,LABD,,SPSIBI SWAP ASSET LEG,SPSIBIBCS,SWAP,-14469.0,12087.94,-174900403.86,-129.9256010673,direxion,https://www.direxion.com/holdings/LABD.csv,,,,,
2026-10-05,LABU,,SPSIBI SWAP ASSET LEG,SPSIBIUBL,SWAP,25717.0,12087.94,310865552.98,51.655891793,direxion,https://www.direxion.com/holdings/LABU.csv,,,,,
2026-10-05,LABU,,SPSIBI SWAP ASSET LEG,SPSIBIMLL,SWAP,23421.0,12087.94,283111642.74,47.0440814124,direxion,https://www.direxion.com/holdings/LABU.csv,,,,,
2026-10-05,LABU,,SPSIBI SWAP ASSET LEG,SPSIBICTL,SWAP,23130.0,12087.94,279594052.2,46.459570602,direxion,https://www.direxion.com/holdings/LABU.csv,,,,,
2026-10-05,LABU,,SPSIBI SWAP ASSET LEG,SPSIBIBCL,SWAP,18598.0,12087.94,224811508.12,37.3564675338,direxion,https://www.direxion.com/holdings/LABU.csv,,,,,
2026-10-05,LABU,,SPSIBI SWAP ASSET LEG,SPSIBIJPL,SWAP,15766.0,12087.94,190578462.04,31.6680324302,direxion,https://www.direxion.com/holdings/LABU.csv,,,,,
2026-10-05,LABU,,GOLDMAN FINL SQ TRSRY INST 506,X9USDGSFC,OTHER,111917375.89,1.0,111917375.89,18.5970809674,direxion,https://www.direxion.com/holdings/LABU.csv,,,,,
2026-10-05,LABU,,SPSIBI SWAP ASSET LEG,SPSIBIBPL,SWAP,2129.0,12087.94,25735224.26,4.2763694687,direxion,https://www.direxion.com/holdings/LABU.csv,,,,,
2026-10-05,LABU,,DREYFUS GOVT CASH MAN INS,X9USDDGCM,MONEY_MARKET,18563159.0,1.0,18563159.0,3.0846020842,direxion,https://www.direxion.com/holdings/LABU.csv,,,,,
2026-10-05,LABU,,SPSIBI SWAP ASSET LEG,SPSIBIGSL,SWAP,1388.0,12087.94,16778060.72,2.7879759618,direxion,https://www.direxion.com/holdings/LABU.csv,,,,,
2026-10-05,LABU,TWST,TWIST BIOSCIENCE CORP,90184D100,COMMON_STOCK,55386.0,188.67,10449676.62,1.7364013464,direxion,https://www.direxion.com/holdings/LABU.csv,,,,,
2026-10-05,LABU,MRNA,MODERNA INC,60770K107,COMMON_STOCK,51265.0,190.01,9740862.65,1.6186191818,direxion,https://www.direxion.com/holdings/LABU.csv,,,,,
2026-10-05,LABU,NTRA,NATERA INC,632307104,COMMON_STOCK,21046.0,410.35,8636226.1,1.4350639903,direxion,https://www.direxion.com/holdings/LABU.csv,,,,,
2026-10-05,LABU,IOVA,IOVANCE BIOTHERAPEUTICS INC,462260100,COMMON_STOCK,529287.0,14.215,7523814.71,1.2502168697,direxion,https://www.direxion.com/holdings/LABU.csv,,,,,
2026-10-05,LABU,SYRE,SPYRE THERAPEUTICS INC,00773J202,COMMON_STOCK,79973.0,93.19,7452683.87,1.2383972038,direxion,https://www.direxion.com/holdings/LABU.csv,,,,,
2026-10-05,LABU,UTHR,UNITED THERAPEUTICS CORP,91307C102,COMMON_STOCK,13716.0,541.7,7429957.2,1.2346207596,direxion,https://www.direxion.com/holdings/LABU.csv,,,,,
2026-10-05,LABU,ABBV,ABBVIE INC,00287Y109,COMMON_STOCK,27707.0,262.82,7281953.74,1.210027328,direxion,https://www.direxion.com/holdings/LABU.csv,,,,,
2026-10-05,LABU,BIIB,BIOGEN INC,09062X103,COMMON_STOCK,32990.0,219.88,7253841.2,1.2053559248,direxion,https://www.direxion.com/holdings/LABU.csv,,,,,
2026-10-05,LABU,AMGN,AMGEN INC,031162100,COMMON_STOCK,17769.0,403.04,7161617.76,1.1900313448,direxion,https://www.direxion.com/holdings/LABU.csv,,,,,
2026-10-05,LABU,HALO,HALOZYME THERAPEUTICS INC,40637H109,COMMON_STOCK,64734.0,109.86,7111677.24,1.181732831,direxion,https://www.direxion.com/holdings/LABU.csv,,,,,
2026-10-05,LABU,CRSP,CRISPR THERAPEUTICS AG,H17182108,COMMON_STOCK,127795.0,55.43,7083676.85,1.1770800636,direxion,https://www.direxion.com/holdings/LABU.csv,,,,,
2026-10-05,LABU,EXEL,EXELIXIS INC,30161Q104,COMMON_STOCK,119182.0,58.39,6959036.98,1.1563689118,direxion,https://www.direxion.com/holdings/LABU.csv,,,,,
2026-10-05,LABU,RVMD,REVOLUTION MEDICINES INC,76155X100,COMMON_STOCK,33475.0,206.64,6917274.0,1.149429243,direxion,https://www.direxion.com/holdings/LABU.csv,,,,,
2026-10-05,LABU,GILD,GILEAD SCIENCES INC,375558103,COMMON_STOCK,47731.0,144.74,6908584.94,1.1479853997,direxion,https://www.direxion.com/holdings/LABU.csv,,,,,
2026-10-05,LABU,TGTX,TG THERAPEUTICS INC,88322Q108,COMMON_STOCK,127207.0,54.29,6906068.03,1.14756717,direxion,https://www.direxion.com/holdings/LABU.csv,,,,,
2026-10-05,LABU,VRTX,VERTEX PHARMACEUTICALS INC,92532F100,COMMON_STOCK,13340.0,504.73,6733098.2,1.1188251278,direxion,https://www.direxion.com/holdings/LABU.csv,,,,,
2026-10-05,LABU,PTGX,PROTAGONIST THERAPEUTICS INC,74366E102,COMMON_STOCK,47685.0,140.06,6678761.1,1.1097960433,direxion,https://www.direxion.com/holdings/LABU.csv,,,,,
2026-10-05,LABU,GRAL,GRAIL INC,384747101,COMMON_STOCK,46261.0,143.26,6627350.86,1.1012533091,direxion,https://www.direxion.com/holdings/LABU.csv,,,,,
2026-10-05,LABU,PTCT,PTC THERAPEUTICS INC,69366J200,COMMON_STOCK,102885.0,63.46,6529082.1,1.0849241906,direxion,https://www.direxion.com/holdings/LABU.csv,,,,,
2026-10-05,LABU,KRYS,KRYSTAL BIOTECH INC,501147102,COMMON_STOCK,19971.0,322.28,6436253.88,1.0694991156,direxion,https://www.direxion.com/holdings/LABU.csv,,,,,
2026-10-05,LABU,ORKA,ORUKA THERAPEUTICS INC,687604108,COMMON_STOCK,75978.0,84.52,6421660.56,1.0670741735,direxion,https://www.direxion.com/holdings/LABU.csv,,,,,
2026-10-05,LABU,NBIX,NEUROCRINE BIOSCIENCES INC,64125C109,COMMON_STOCK,44811.0,143.18,6416038.98,1.0661400471,direxion,https://www.direxion.com/holdings/LABU.csv,,,,,
2026-10-05,LABU,ALKS,ALKERMES PLC,G01767105,COMMON_STOCK,153127.0,41.75,6393052.25,1.0623203893,direxion,https://www.direxion.com/holdings/LABU.csv,,,,,
2026-10-05,LABU,INCY,INCYTE CORP,45337C102,COMMON_STOCK,55172.0,115.3,6361331.6,1.0570494339,direxion,https://www.direxion.com/holdings/LABU.csv,,,,,
2026-10-05,LABU,MDGL,MADRIGAL PHARMACEUTICALS INC,558868105,COMMON_STOCK,12717.0,499.4,6350869.8,1.055311018,direxion,https://www.direxion.com/holdings/LABU.csv,,,,,
2026-10-05,LABU,REGN,REGENERON PHARMACEUTICALS,75886F107,COMMON_STOCK,8607.0,735.2,6327866.4,1.0514885902,direxion,https://www.direxion.com/holdings/LABU.csv,,,,,
2026-10-05,LABU,BMRN,BIOMARIN PHARMACEUTICAL INC,09061G101,COMMON_STOCK,107932.0,57.18,6171551.76,1.0255141068,direxion,https://www.direxion.com/holdings/LABU.csv,,,,,
2026-10-05,LABU,CYTK,CYTOKINETICS INC,23282W605,COMMON_STOCK,93804.0,65.6,6153542.4,1.0225215284,direxion,https://www.direxion.com/holdings/LABU.csv,,,,,
2026-10-05,LABU,BBIO,BRIDGEBIO PHARMA INC,10806X102,COMMON_STOCK,91377.0,67.25,6145103.25,1.0211192121,direxion,https://www.direxion.com/holdings/LABU.csv,,,,,
2026-10-05,LABU,INSM,INSMED INC,457669307,COMMON_STOCK,53975.0,111.12,5997702.0,0.9966258485,direxion,https://www.direxion.com/holdings/LABU.csv,,,,,
2026-10-05,LABU,TVTX,TRAVERE THERAPEUTICS INC,89422G107,COMMON_STOCK,104983.0,56.93,5976682.19,0.9931330298,direxion,https://www.direxion.com/holdings/LABU.csv,,,,,
2026-10-05,LABU,PRAX,PRAXIS PRECISION MEDICINES I,74006W207,COMMON_STOCK,20134.0,295.51,5949798.34,0.9886657955,direxion,https://www.direxion.com/holdings/LABU.csv,,,,,
2026-10-05,LABU,ROIV,ROIVANT SCIENCES LTD,G76279101,COMMON_STOCK,166276.0,35.72,5939378.72,0.9869343886,direxion,https://www.direxion.com/holdings/LABU.csv,,,,,
2026-10-05,LABU,ALNY,ALNYLAM PHARMACEUTICALS INC,02043Q107,COMMON_STOCK,26946.0,219.72,5920575.12,0.983809833,direxion,https://www.direxion.com/holdings/LABU.csv,,,,,
2026-10-05,LABU,ERAS,ERASCA INC,29479A108,COMMON_STOCK,394285.0,14.74,5811760.9,0.965728397,direxion,https://www.direxion.com/holdings/LABU.csv,,,,,
2026-10-05,LABU,DNTH,DIANTHUS THERAPEUTICS INC,252828108,COMMON_STOCK,64946.0,88.21,5728886.66,0.9519573544,direxion,https://www.direxion.com/holdings/LABU.csv,,,,,
2026-10-05,LABU,KOD,KODIAK SCIENCES INC,50015M109,COMMON_STOCK,60549.0,94.45,5718853.05,0.95029009,direxion,https://www.direxion.com/holdings/LABU.csv,,,,,
2026-10-05,LABU,COGT,COGENT BIOSCIENCES INC,19240Q201,COMMON_STOCK,183516.0,31.02,5692666.32,0.9459386948,direxion,https://www.direxion.com/holdings/LABU.csv,,,,,
2026-10-05,LABU,IBRX,IMMUNITYBIO INC,45256X103,COMMON_STOCK,550505.0,10.285,5661943.93,0.9408336182,direxion,https://www.direxion.com/holdings/LABU.csv,,,,,
2026-10-05,LABU,KYMR,KYMERA THERAPEUTICS INC,501575104,COMMON_STOCK,50343.0,107.39,5406334.77,0.898359568,direxion,https://www.direxion.com/holdings/LABU.csv,,,,,
2026-10-05,LABU,IONS,IONIS PHARMACEUTICALS INC,462222100,COMMON_STOCK,124097.0,43.54,5403183.38,0.897835908,direxion,https://www.direxion.com/holdings/LABU.csv,,,,,
2026-10-05,LABU,ARWR,ARROWHEAD PHARMACEUTICALS IN,04280A100,COMMON_STOCK,84135.0,64.19,5400625.65,0.8974108952,direxion,https://www.direxion.com/holdings/LABU.csv,,,,,
2026-10-05,LABU,PCVX,VAXCYTE INC,92243G108,COMMON_STOCK,93637.0,56.48,5288617.76,0.8787987737,direxion,https://www.direxion.com/holdings/LABU.csv,,,,,
2026-10-05,LABU,RYTM,RHYTHM PHARMACEUTICALS INC,76243J105,COMMON_STOCK,55719.0,92.83,5172394.77,0.8594862377,direxion,https://www.direxion.com/holdings/LABU.csv,,,,,
2026-10-05,LABU,VCYT,VERACYTE INC,92337F107,COMMON_STOCK,109707.0,45.81,5025677.67,0.8351065579,direxion,https://www.direxion.com/holdings/LABU.csv,,,,,
2026-10-05,LABU,CGON,CG ONCOLOGY INC,156944100,COMMON_STOCK,72528.0,67.38,4886936.64,0.8120522453,direxion,https://www.direxion.com/holdings/LABU.csv,,,,,
2026-10-05,LABU,VKTX,VIKING THERAPEUTICS INC,92686J106,COMMON_STOCK,162057.0,29.94,4851986.58,0.8062446654,direxion,https://www.direxion.com/holdings/LABU.csv,,,,,
2026-10-05,LABU,MIRM,MIRUM PHARMACEUTICALS INC,604749101,COMMON_STOCK,57818.0,82.93,4794846.74,0.7967498553,direxion,https://www.direxion.com/holdings/LABU.csv,,,,,
2026-10-05,LABU,TNGX,TANGO THERAPEUTICS INC,87583X109,COMMON_STOCK,191237.0,23.24,4444347.88,0.7385081781,direxion,https://www.direxion.com/holdings/LABU.csv,,,,,
2026-10-05,LABU,RLAY,RELAY THERAPEUTICS INC,75943R102,COMMON_STOCK,228772.0,18.96,4337517.12,0.7207563297,direxion,https://www.direxion.com/holdings/LABU.csv,,,,,
2026-10-05,LABU,CDNA,CAREDX INC,14167L103,COMMON_STOCK,62404.0,67.15,4190428.6,0.6963149318,direxion,https://www.direxion.com/holdings/LABU.csv,,,,,
2026-10-05,LABU,CELC,CELCUITY INC,15102K100,COMMON_STOCK,56316.0,72.1,4060383.6,0.6747056207,direxion,https://www.direxion.com/holdings/LABU.csv,,,,,
2026-10-05,LABU,SRRK,SCHOLAR ROCK HOLDING CORP,80706P103,COMMON_STOCK,85766.0,46.81,4014706.46,0.667115544,direxion,https://www.direxion.com/holdings/LABU.csv,,,,,
2026-10-05,LABU,BEAM,BEAM THERAPEUTICS INC,07373V105,COMMON_STOCK,161887.0,24.5,3966231.5,0.6590605592,direxion,https://www.direxion.com/holdings/LABU.csv,,,,,
2026-10-05,LABU,RARE,ULTRAGENYX PHARMACEUTICAL IN,90400D108,COMMON_STOCK,240695.0,15.22,3663377.9,0.6087359972,direxion,https://www.direxion.com/holdings/LABU.csv,,,,,
2026-10-05,LABU,ARQT,ARCUTIS BIOTHERAPEUTICS INC,03969K108,COMMON_STOCK,142656.0,25.16,3589224.96,0.5964141552,direxion,https://www.direxion.com/holdings/LABU.csv,,,,,
2026-10-05,LABU,PURR,HYPERLIQUID STRATEGIES,44916Y106,COMMON_STOCK,283030.0,11.89,3365226.7,0.5591928234,direxion,https://www.direxion.com/holdings/LABU.csv,,,,,
2026-10-05,LABU,IMVT,IMMUNOVANT INC,45258J102,COMMON_STOCK,99532.0,33.62,3346265.84,0.5560421362,direxion,https://www.direxion.com/holdings/LABU.csv,,,,,
2026-10-05,LABU,RXRX,RECURSION PHARMACEUTICALS-A,75629V104,COMMON_STOCK,784583.0,4.12,3232481.96,0.537134902,direxion,https://www.direxion.com/holdings/LABU.csv,,,,,
2026-10-05,LABU,SLS,SELLAS LIFE SCIENCES GROUP I,81642T209,COMMON_STOCK,267624.0,11.74,3141905.76,0.5220840405,direxion,https://www.direxion.com/holdings/LABU.csv,,,,,
2026-10-05,LABU,DYN,DYNE THERAPEUTICS INC,26818M108,COMMON_STOCK,205447.0,15.2,3122794.4,0.518908345,direxion,https://www.direxion.com/holdings/LABU.csv,,,,,
2026-10-05,LABU,DNLI,DENALI THERAPEUTICS INC,24823R105,COMMON_STOCK,144307.0,20.0,2886140.0,0.4795839684,direxion,https://www.direxion.com/holdings/LABU.csv,,,,,
2026-10-05,LABU,SMMT,SUMMIT THERAPEUTICS INC,86627T108,COMMON_STOCK,171693.0,16.755,2876716.22,0.4780180382,direxion,https://www.direxion.com/holdings/LABU.csv,,,,,
2026-10-05,LABU,IDYA,IDEAYA BIOSCIENCES INC,45166A102,COMMON_STOCK,74940.0,37.36,2799758.4,0.465230115,direxion,https://www.direxion.com/holdings/LABU.csv,,,,,
2026-10-05,LABU,BCRX,BIOCRYST PHARMACEUTICALS INC,09058V103,COMMON_STOCK,325491.0,8.17,2659261.47,0.4418840281,direxion,https://www.direxion.com/holdings/LABU.csv,,,,,
2026-10-05,LABU,VERA,VERA THERAPEUTICS INC,92337R101,COMMON_STOCK,86645.0,30.42,2635740.9,0.4379756632,direxion,https://www.direxion.com/holdings/LABU.csv,,,,,
2026-10-05,LABU,ABSI,ABSCI CORP,00091E109,COMMON_STOCK,233637.0,11.07,2586361.59,0.4297704044,direxion,https://www.direxion.com/holdings/LABU.csv,,,,,
2026-10-05,LABU,AGIO,AGIOS PHARMACEUTICALS INC,00847X104,COMMON_STOCK,80468.0,31.8,2558882.4,0.4252042438,direxion,https://www.direxion.com/holdings/LABU.csv,,,,,
2026-10-05,LABU,NTLA,INTELLIA THERAPEUTICS INC,45826J105,COMMON_STOCK,202464.0,12.26,2482208.64,0.4124635222,direxion,https://www.direxion.com/holdings/LABU.csv,,,,,
2026-10-05,LABU,SRPT,SAREPTA THERAPEUTICS INC,803607100,COMMON_STOCK,139799.0,17.5,2446482.5,0.4065269827,direxion,https://www.direxion.com/holdings/LABU.csv,,,,,
2026-10-05,LABU,CLDX,CELLDEX THERAPEUTICS INC,15117B202,COMMON_STOCK,75721.0,31.65,2396569.65,0.3982330668,direxion,https://www.direxion.com/holdings/LABU.csv,,,,,
2026-10-05,LABU,RCUS,ARCUS BIOSCIENCES INC,03969F109,COMMON_STOCK,97820.0,24.44,2390720.8,0.3972611753,direxion,https://www.direxion.com/holdings/LABU.csv,,,,,
2026-10-05,LABU,NRIX,NURIX THERAPEUTICS INC,67080M103,COMMON_STOCK,103560.0,22.99,2380844.4,0.3956200342,direxion,https://www.direxion.com/holdings/LABU.csv,,,,,
2026-10-05,LABU,ACAD,ACADIA PHARMACEUTICALS INC,004225108,COMMON_STOCK,116788.0,19.95,2329920.6,0.3871581307,direxion,https://www.direxion.com/holdings/LABU.csv,,,,,
2026-10-05,LABU,PGEN,PRECIGEN INC,74017N105,COMMON_STOCK,267999.0,8.54,2288711.46,0.3803104924,direxion,https://www.direxion.com/holdings/LABU.csv,,,,,
2026-10-05,LABU,VRDN,VIRIDIAN THERAPEUTICS INC,92790C104,COMMON_STOCK,117866.0,19.4,2286600.4,0.3799597019,direxion,https://www.direxion.com/holdings/LABU.csv,,,,,
2026-10-05,LABU,NVAX,NOVAVAX INC,670002401,COMMON_STOCK,217449.0,10.46,2274516.54,0.3779517516,direxion,https://www.direxion.com/holdings/LABU.csv,,,,,
2026-10-05,LABU,PVLA,PALVELLA THERAPEUTICS INC,697947109,COMMON_STOCK,17112.0,132.47,2266826.64,0.3766739367,direxion,https://www.direxion.com/holdings/LABU.csv,,,,,
2026-10-05,LABU,BHVN,BIOHAVEN LTD,G1110E107,COMMON_STOCK,174732.0,12.87,2248800.84,0.3736786265,direxion,https://www.direxion.com/holdings/LABU.csv,,,,,
2026-10-05,LABU,QURE,UNIQURE NV,N90064101,COMMON_STOCK,95575.0,23.46,2242189.5,0.3725800337,direxion,https://www.direxion.com/holdings/LABU.csv,,,,,
2026-10-05,LABU,IRON,DISC MEDICINE INC,254604101,COMMON_STOCK,33996.0,64.51,2193081.96,0.3644199344,direxion,https://www.direxion.com/holdings/LABU.csv,,,,,
2026-10-05,LABU,SNDX,SYNDAX PHARMACEUTICALS INC,87164F105,COMMON_STOCK,120318.0,17.6,2117596.8,0.3518767201,direxion,https://www.direxion.com/holdings/LABU.csv,,,,,
2026-10-05,LABU,VCEL,VERICEL CORP,92346J108,COMMON_STOCK,52121.0,40.15,2092658.15,0.3477327157,direxion,https://www.direxion.com/holdings/LABU.csv,,,,,
2026-10-05,LABU,ADMA,ADMA BIOLOGICS INC,000899104,COMMON_STOCK,214161.0,9.72,2081644.92,0.3459026698,direxion,https://www.direxion.com/holdings/LABU.csv,,,,,
2026-10-05,LABU,NKTR,NEKTAR THERAPEUTICS,640268306,COMMON_STOCK,46063.0,43.58,2007425.54,0.3335697876,direxion,https://www.direxion.com/holdings/LABU.csv,,,,,
2026-10-05,LABU,IMNM,IMMUNOME INC,45257U108,COMMON_STOCK,92164.0,20.9,1926227.6,0.3200772923,direxion,https://www.direxion.com/holdings/LABU.csv,,,,,
2026-10-05,LABU,MLYS,MINERALYS THERAPEUTICS INC,603170101,COMMON_STOCK,69371.0,23.63,1639236.73,0.2723886077,direxion,https://www.direxion.com/holdings/LABU.csv,,,,,
2026-10-05,LABU,STOK,STOKE THERAPEUTICS INC,86150R107,COMMON_STOCK,61951.0,25.62,1587184.62,0.2637392152,direxion,https://www.direxion.com/holdings/LABU.csv,,,,,
2026-10-05,LABU,REPL,REPLIMUNE GROUP INC,76029N106,COMMON_STOCK,117517.0,13.07,1535947.19,0.2552251965,direxion,https://www.direxion.com/holdings/LABU.csv,,,,,
2026-10-05,LABU,XNCR,XENCOR INC,98401F105,COMMON_STOCK,61586.0,24.84,1529796.24,0.2542031058,direxion,https://www.direxion.com/holdings/LABU.csv,,,,,
2026-10-05,LABU,INBX,INHIBRX BIOSCIENCES INC,45720N103,COMMON_STOCK,15342.0,96.99,1488020.58,0.24726133,direxion,https://www.direxion.com/holdings/LABU.csv,,,,,
2026-10-05,LABU,ANAB,ANAPTYSBIO INC,032724106,COMMON_STOCK,30248.0,48.53,1467935.44,0.2439238234,direxion,https://www.direxion.com/holdings/LABU.csv,,,,,
2026-10-05,LABU,ORIC,ORIC PHARMACEUTICALS INC,68622P109,COMMON_STOCK,114193.0,12.205,1393725.57,0.2315925214,direxion,https://www.direxion.com/holdings/LABU.csv,,,,,
2026-10-05,LABU,ZBIO,ZENAS BIOPHARMA INC,98937L105,COMMON_STOCK,49012.0,28.295,1386794.54,0.2304408064,direxion,https://www.direxion.com/holdings/LABU.csv,,,,,
2026-10-05,LABU,TRAX,FIRST TRACKS BIOTHERAPEUTICS,337185102,COMMON_STOCK,41289.0,33.28,1374097.92,0.228331035,direxion,https://www.direxion.com/holdings/LABU.csv,,,,,
2026-10-05,LABU,VIR,VIR BIOTECHNOLOGY INC,92764N102,COMMON_STOCK,120257.0,11.17,1343270.69,0.2232085374,direxion,https://www.direxion.com/holdings/LABU.csv,,,,,
2026-10-05,LABU,MNKD,MANNKIND CORP,56400P706,COMMON_STOCK,338475.0,3.8,1286205.0,0.2137260487,direxion,https://www.direxion.com/holdings/LABU.csv,,,,,
2026-10-05,LABU,KURA,KURA ONCOLOGY INC,50127T109,COMMON_STOCK,120043.0,10.65,1278457.95,0.2124387372,direxion,https://www.direxion.com/holdings/LABU.csv,,,,,
2026-10-05,LABU,,GOLDMAN SACHS FIN GOV 465 INSTITUT,X9USDGLDS,OTHER,1230283.86,1.0,1230283.86,0.2044337474,direxion,https://www.direxion.com/holdings/LABU.csv,,,,,
2026-10-05,LABU,AVBP,ARRIVENT BIOPHARMA INC,04272N102,COMMON_STOCK,43391.0,28.27,1226663.57,0.2038321713,direxion,https://www.direxion.com/holdings/LABU.csv,,,,,
2026-10-05,LABU,ANNX,ANNEXON INC,03589W102,COMMON_STOCK,276200.0,4.19,1157278.0,0.1923025133,direxion,https://www.direxion.com/holdings/LABU.csv,,,,,
2026-10-05,LABU,ARDX,ARDELYX INC,039697107,COMMON_STOCK,343513.0,3.34,1147333.42,0.1906500428,direxion,https://www.direxion.com/holdings/LABU.csv,,,,,
2026-10-05,LABU,JBIO,JADE BIOSCIENCES INC,008064206,COMMON_STOCK,80992.0,14.12,1143607.04,0.1900308379,direxion,https://www.direxion.com/holdings/LABU.csv,,,,,
2026-10-05,LABU,TSHA,TAYSHA GENE THERAPIES INC,877619106,COMMON_STOCK,242725.0,4.63,1123816.75,0.186742326,direxion,https://www.direxion.com/holdings/LABU.csv,,,,,
2026-10-05,LABU,TYRA,TYRA BIOSCIENCES INC,90240B106,COMMON_STOCK,54549.0,20.43,1114436.07,0.1851835576,direxion,https://www.direxion.com/holdings/LABU.csv,,,,,
2026-10-05,LABU,RIGL,RIGEL PHARMACEUTICALS INC,766559702,COMMON_STOCK,22377.0,47.15,1055075.55,0.1753197417,direxion,https://www.direxion.com/holdings/LABU.csv,,,,,
2026-10-05,LABU,CADL,CANDEL THERAPEUTICS INC,137404109,COMMON_STOCK,102944.0,10.18,1047969.92,0.1741390137,direxion,https://www.direxion.com/holdings/LABU.csv,,,,,
2026-10-05,LABU,GLUE,MONTE ROSA THERAPEUTICS INC,61225M102,COMMON_STOCK,99395.0,10.5,1043647.5,0.173420766,direxion,https://www.direxion.com/holdings/LABU.csv,,,,,
2026-10-05,LABU,AVTX,AVALO THERAPEUTICS INC,05338F306,COMMON_STOCK,69463.0,14.99,1041250.37,0.1730224399,direxion,https://www.direxion.com/holdings/LABU.csv,,,,,
2026-10-05,LABU,GERN,GERON CORP,374163103,COMMON_STOCK,852832.0,1.2,1023398.4,0.1700560146,direxion,https://www.direxion.com/holdings/LABU.csv,,,,,
2026-10-05,LABU,VOR,VOR BIOPHARMA INC,929033207,COMMON_STOCK,51559.0,18.69,963637.71,0.1601257032,direxion,https://www.direxion.com/holdings/LABU.csv,,,,,
2026-10-05,LABU,IMMX,IMMIX BIOPHARMA INC,45258H106,COMMON_STOCK,97175.0,9.68,940654.0,0.1563065472,direxion,https://www.direxion.com/holdings/LABU.csv,,,,,
2026-10-05,LABU,CRVS,CORVUS PHARMACEUTICALS INC,221015100,COMMON_STOCK,85568.0,10.9,932691.2,0.1549833851,direxion,https://www.direxion.com/holdings/LABU.csv,,,,,
2026-10-05,LABU,JANX,JANUX THERAPEUTICS INC,47103J105,COMMON_STOCK,53580.0,16.93,907109.4,0.1507325098,direxion,https://www.direxion.com/holdings/LABU.csv,,,,,
2026-10-05,LABU,BCAX,BICARA THERAPEUTICS INC,055477103,COMMON_STOCK,51418.0,17.63,906499.34,0.1506311374,direxion,https://www.direxion.com/holdings/LABU.csv,,,,,
2026-10-05,LABU,CGEM,CULLINAN THERAPEUTICS INC,230031106,COMMON_STOCK,57922.0,15.51,898370.22,0.1492803382,direxion,https://www.direxion.com/holdings/LABU.csv,,,,,
2026-10-05,LABU,OLMA,OLEMA PHARMACEUTICALS INC,68062P106,COMMON_STOCK,101324.0,8.225,833389.9,0.1384826916,direxion,https://www.direxion.com/holdings/LABU.csv,,,,,
2026-10-05,LABU,VSTM,VERASTEM INC,92337C203,COMMON_STOCK,106134.0,7.7,817231.8,0.1357977332,direxion,https://www.direxion.com/holdings/LABU.csv,,,,,
2026-10-05,LABU,FDMT,4D MOLECULAR THERAPEUTICS IN,35104E100,COMMON_STOCK,55492.0,13.67,758575.64,0.1260509593,direxion,https://www.direxion.com/holdings/LABU.csv,,,,,
2026-10-05,LABU,COAG,HEMAB THERAPEUTICS HOLDINGS,423494103,COMMON_STOCK,24319.0,31.11,756564.09,0.1257167042,direxion,https://www.direxion.com/holdings/LABU.csv,,,,,
2026-10-05,LABU,CAPR,CAPRICOR THERAPEUTICS INC,14070B309,COMMON_STOCK,84051.0,8.95,752256.45,0.1250009125,direxion,https://www.direxion.com/holdings/LABU.csv,,,,,
2026-10-05,LABU,SANA,SANA BIOTECHNOLOGY INC,799566104,COMMON_STOCK,257988.0,2.89,745585.32,0.1238923845,direxion,https://www.direxion.com/holdings/LABU.csv,,,,,
2026-10-05,LABU,SVRA,SAVARA INC,805111101,COMMON_STOCK,150073.0,4.81,721851.13,0.1199485228,direxion,https://www.direxion.com/holdings/LABU.csv,,,,,
2026-10-05,LABU,ACHV,ACHIEVE LIFE SCIENCES INC,004468500,COMMON_STOCK,98984.0,7.24,716644.16,0.1190832912,direxion,https://www.direxion.com/holdings/LABU.csv,,,,,
2026-10-05,LABU,,DAMORA THERAPEUTICS INC,G2646Y104,OTHER,34181.0,20.65,705837.65,0.1172875956,direxion,https://www.direxion.com/holdings/LABU.csv,,,,,
2026-10-05,LABU,RGNX,REGENXBIO INC,75901B107,COMMON_STOCK,93576.0,7.43,695269.68,0.1155315377,direxion,https://www.direxion.com/holdings/LABU.csv,,,,,
2026-10-05,LABU,ALLO,ALLOGENE THERAPEUTICS INC,019770106,COMMON_STOCK,437276.0,1.5,655914.0,0.108991885,direxion,https://www.direxion.com/holdings/LABU.csv,,,,,
2026-10-05,LABU,CTMX,CYTOMX THERAPEUTICS INC,23284F105,COMMON_STOCK,239795.0,2.56,613875.2,0.1020063838,direxion,https://www.direxion.com/holdings/LABU.csv,,,,,
2026-10-05,LABU,MYGN,MYRIAD GENETICS INC,62855J104,COMMON_STOCK,133802.0,4.54,607461.08,0.1009405626,direxion,https://www.direxion.com/holdings/LABU.csv,,,,,
2026-10-05,LABU,KLRA,KAILERA THERAPEUTICS INC,482931102,COMMON_STOCK,57714.0,10.39,599648.46,0.0996423556,direxion,https://www.direxion.com/holdings/LABU.csv,,,,,
2026-10-05,LABU,ABUS,ARBUTUS BIOPHARMA CORP,03879J100,COMMON_STOCK,131914.0,4.45,587017.3,0.0975434616,direxion,https://www.direxion.com/holdings/LABU.csv,,,,,
2026-10-05,LABU,STTK,SHATTUCK LABS INC,82024L103,COMMON_STOCK,86546.0,6.73,582454.58,0.0967852838,direxion,https://www.direxion.com/holdings/LABU.csv,,,,,
2026-10-05,LABU,ALT,ALTIMMUNE INC,02155H200,COMMON_STOCK,210214.0,2.735,574935.29,0.0955358188,direxion,https://www.direxion.com/holdings/LABU.csv,,,,,
2026-10-05,LABU,IRWD,IRONWOOD PHARMACEUTICALS INC,46333X108,COMMON_STOCK,156855.0,3.64,570952.2,0.0948739569,direxion,https://www.direxion.com/holdings/LABU.csv,,,,,
2026-10-05,LABU,SLDB,SOLID BIOSCIENCES INC,83422E204,COMMON_STOCK,82656.0,6.85,566193.6,0.09408323,direxion,https://www.direxion.com/holdings/LABU.csv,,,,,
2026-10-05,LABU,CLYM,CLIMB BIO INC,28658R106,COMMON_STOCK,50832.0,10.94,556102.08,0.0924063429,direxion,https://www.direxion.com/holdings/LABU.csv,,,,,
2026-10-05,LABU,SGMT,SAGIMET BIOSCIENCES INC-A,786700104,COMMON_STOCK,59670.0,9.14,545383.8,0.0906253082,direxion,https://www.direxion.com/holdings/LABU.csv,,,,,
2026-10-05,LABU,DSGN,DESIGN THERAPEUTICS INC,25056L103,COMMON_STOCK,44144.0,12.34,544736.96,0.0905178242,direxion,https://www.direxion.com/holdings/LABU.csv,,,,,
2026-10-05,LABU,EDIT,EDITAS MEDICINE INC,28106W103,COMMON_STOCK,199772.0,2.62,523402.64,0.0869727439,direxion,https://www.direxion.com/holdings/LABU.csv,,,,,
2026-10-05,LABU,OCGN,OCUGEN INC,67577C105,COMMON_STOCK,511530.0,1.02,521760.6,0.0866998895,direxion,https://www.direxion.com/holdings/LABU.csv,,,,,
2026-10-05,LABU,PRME,PRIME MEDICINE INC,74168J101,COMMON_STOCK,170897.0,2.98,509273.06,0.0846248606,direxion,https://www.direxion.com/holdings/LABU.csv,,,,,
2026-10-05,LABU,MNPR,MONOPAR THERAPEUTICS INC,61023L207,COMMON_STOCK,6485.0,77.97,505635.45,0.0840204064,direxion,https://www.direxion.com/holdings/LABU.csv,,,,,
2026-10-05,LABU,EBS,EMERGENT BIOSOLUTIONS INC,29089Q105,COMMON_STOCK,76308.0,6.33,483029.64,0.0802640453,direxion,https://www.direxion.com/holdings/LABU.csv,,,,,
2026-10-05,LABU,CABA,CABALETTA BIO INC,12674W109,COMMON_STOCK,233531.0,2.0,467062.0,0.0776107353,direxion,https://www.direxion.com/holdings/LABU.csv,,,,,
2026-10-05,LABU,AKTS,AKTIS ONCOLOGY INC,01021M104,COMMON_STOCK,24082.0,18.52,445998.64,0.0741106799,direxion,https://www.direxion.com/holdings/LABU.csv,,,,,
2026-10-05,LABU,SPRY,ARS PHARMACEUTICALS INC,82835W108,COMMON_STOCK,102770.0,4.07,418273.9,0.0695037167,direxion,https://www.direxion.com/holdings/LABU.csv,,,,,
2026-10-05,LABU,VNDA,VANDA PHARMACEUTICALS INC,921659108,COMMON_STOCK,84487.0,4.63,391174.81,0.0650007164,direxion,https://www.direxion.com/holdings/LABU.csv,,,,,
2026-10-05,LABU,MDXG,MIMEDX GROUP INC,602496101,COMMON_STOCK,84993.0,4.59,390117.87,0.0648250869,direxion,https://www.direxion.com/holdings/LABU.csv,,,,,
2026-10-05,LABU,PRTA,PROTHENA CORP PLC,G72800108,COMMON_STOCK,42708.0,8.36,357038.88,0.0593284189,direxion,https://www.direxion.com/holdings/LABU.csv,,,,,
2026-10-05,LABU,NGNE,NEUROGENE INC,64135M105,COMMON_STOCK,12612.0,25.65,323497.8,0.0537549664,direxion,https://www.direxion.com/holdings/LABU.csv,,,,,
2026-10-05,LABU,ASMB,ASSEMBLY BIOSCIENCES INC,045396207,COMMON_STOCK,14252.0,22.54,321240.08,0.0533798057,direxion,https://www.direxion.com/holdings/LABU.csv,,,,,
2026-10-05,LABU,OVID,OVID THERAPEUTICS INC,690469101,COMMON_STOCK,131103.0,2.38,312025.14,0.051848578,direxion,https://www.direxion.com/holdings/LABU.csv,,,,,
2026-10-05,LABU,FTH,FAETH THERAPEUTICS INC,81728A207,COMMON_STOCK,10125.0,28.35,287043.75,0.0476974716,direxion,https://www.direxion.com/holdings/LABU.csv,,,,,
2026-10-05,LABU,AURA,AURA BIOSCIENCES INC,05153U107,COMMON_STOCK,44311.0,6.09,269853.99,0.0448410844,direxion,https://www.direxion.com/holdings/LABU.csv,,,,,
2026-10-05,LABU,LXEO,LEXEO THERAPEUTICS INC,52886X107,COMMON_STOCK,74725.0,3.53,263779.25,0.0438316573,direxion,https://www.direxion.com/holdings/LABU.csv,,,,,
2026-10-05,LABU,,DREYFUS TRSRY SECURITIES CASH MGMT,X9USDDTP3,CASH,240949.68,1.0,240949.68,0.0400381145,direxion,https://www.direxion.com/holdings/LABU.csv,,,,,
2026-10-05,LABU,CBIO,CRESCENT BIOPHARMA INC,G2545C104,COMMON_STOCK,15707.0,14.32,224924.24,0.0373752,direxion,https://www.direxion.com/holdings/LABU.csv,,,,,
2026-10-05,LABU,CMPX,COMPASS THERAPEUTICS INC,20454B104,COMMON_STOCK,227097.0,0.8567,194554.0,0.0323286394,direxion,https://www.direxion.com/holdings/LABU.csv,,,,,
2026-10-05,LABU,BBOT,BRIDGEBIO ONCOLOGY THERAPEUT,107924102,COMMON_STOCK,31101.0,3.89,120982.89,0.0201034789,direxion,https://www.direxion.com/holdings/LABU.csv,,,,,
2026-10-05,LABU,,INHIBRX INC CVR,457CVR017,OTHER,164173.0,0.0,0.0,0.0,direxion,https://www.direxion.com/holdings/LABU.csv,,,,,
2026-10-05,LABU,,NOVOB DC CVR,009CVR044,OTHER,128720.0,0.0,0.0,0.0,direxion,https://www.direxion.com/holdings/LABU.csv,,,,,
2026-10-05,LABU,2200963,OMNIAB INC - 12.5 EARNOUT,68218J202,OTHER,14783.0,0.0,0.0,0.0,direxion,https://www.direxion.com/holdings/LABU.csv,,,,,
2026-10-05,LABU,2200964,OMNIAB INC - 15.00 EARNOUT,68218J301,OTHER,14783.0,0.0,0.0,0.0,direxion,https://www.direxion.com/holdings/LABU.csv,,,,,
2026-10-05,LABU,,VERVE THERAPEUTICS INC (CVR),925CVR011,OTHER,82531.0,0.0,0.0,0.0,direxion,https://www.direxion.com/holdings/LABU.csv,,,,,
2026-04-21,LABX,AXSBMTQ7V2CLS,CFD ASTERA LABS INC,,SWAP,657049.0,191.97,126133696.53,200.0,tradr_axs,https://axsetf.filepoint.live/assets/data/BBH_AXS_ETF_PVAL_WEB.20260421.csv,,,,,
2026-04-21,LABX,USD,CASHUSD,CASHUSD,CASH,49895071.94,,49895071.94,79.11,tradr_axs,https://axsetf.filepoint.live/assets/data/BBH_AXS_ETF_PVAL_WEB.20260421.csv,,,,,
2026-04-21,LABX,,NET OTHER ASSETS,,OTHER,-27399025.01,,-27399025.01,-43.44,tradr_axs,https://axsetf.filepoint.live/assets/data/BBH_AXS_ETF_PVAL_WEB.20260421.csv,,,,,
2026-04-21,LABX,AXSBMTQ7V2CLS,CFD ASTERA LABS INC,,SWAP,-85562841.16,100.0,-85562841.16,-135.67,tradr_axs,https://axsetf.filepoint.live/assets/data/BBH_AXS_ETF_PVAL_WEB.20260421.csv,,,,,
2026-07-28,LCDL,,US Dollars,,CASH,-106600.6904,1.0,-106600.6904,100.0,granite_shares,https://graniteshares.com/media/dk5losak/lcdl_holdings_file_20260727.xls,,,,,
2026-07-28,LCDL,LCID,LCID,LCID,OTHER,0.0,,0.0,0.0,granite_shares,https://graniteshares.com/media/dk5losak/lcdl_holdings_file_20260727.xls,,,,,
2026-04-21,LEUX,AXSBQXKDH6MAR,CFD CENTRUS ENERGY CORP-CLASS A,,SWAP,22578.0,191.55,4324815.9,200.0,tradr_axs,https://axsetf.filepoint.live/assets/data/BBH_AXS_ETF_PVAL_WEB.20260421.csv,,,,,
2026-04-21,LEUX,USD,CASHUSD,CASHUSD,CASH,1507146.84,,1507146.84,69.7,tradr_axs,https://axsetf.filepoint.live/assets/data/BBH_AXS_ETF_PVAL_WEB.20260421.csv,,,,,
2026-04-21,LEUX,,NET OTHER ASSETS,,OTHER,363469.81,,363469.81,16.81,tradr_axs,https://axsetf.filepoint.live/assets/data/BBH_AXS_ETF_PVAL_WEB.20260421.csv,,,,,
2026-04-21,LEUX,AXSBQXKDH6MAR,CFD CENTRUS ENERGY CORP-CLASS A,,SWAP,-4032974.86,100.0,-4032974.86,-186.5,tradr_axs,https://axsetf.filepoint.live/assets/data/BBH_AXS_ETF_PVAL_WEB.20260421.csv,,,,,
2026-04-21,LITX,AXSBYM9ZP2CLS,CFD LUMENTUM HOLDINGS INC,,SWAP,710041.0,836.92,594247513.72,114.39,tradr_axs,https://axsetf.filepoint.live/assets/data/BBH_AXS_ETF_PVAL_WEB.20260421.csv,,,,,
2026-04-21,LITX,AXSBYM9ZP2MAR,CFD LUMENTUM HOLDINGS INC,,SWAP,464717.0,836.92,388930951.64,74.87,tradr_axs,https://axsetf.filepoint.live/assets/data/BBH_AXS_ETF_PVAL_WEB.20260421.csv,,,,,
2026-04-21,LITX,USD,CASHUSD,CASHUSD,CASH,309292241.86,,309292241.86,59.54,tradr_axs,https://axsetf.filepoint.live/assets/data/BBH_AXS_ETF_PVAL_WEB.20260421.csv,,,,,
2026-04-21,LITX,AXSBYM9ZP2TDS,CFD LUMENTUM HOLDINGS INC,,SWAP,66603.0,836.92,55741382.76,10.73,tradr_axs,https://axsetf.filepoint.live/assets/data/BBH_AXS_ETF_PVAL_WEB.20260421.csv,,,,,
2026-04-21,LITX,,NET OTHER ASSETS,,OTHER,-17103244.89,,-17103244.89,-3.29,tradr_axs,https://axsetf.filepoint.live/assets/data/BBH_AXS_ETF_PVAL_WEB.20260421.csv,,,,,
2026-04-21,LITX,AXSBYM9ZP2TDS,CFD LUMENTUM HOLDINGS INC,,SWAP,-46806923.33,100.0,-46806923.33,-9.01,tradr_axs,https://axsetf.filepoint.live/assets/data/BBH_AXS_ETF_PVAL_WEB.20260421.csv,,,,,
2026-04-21,LITX,AXSBYM9ZP2MAR,CFD LUMENTUM HOLDINGS INC,,SWAP,-318869316.88,100.0,-318869316.88,-61.38,tradr_axs,https://axsetf.filepoint.live/assets/data/BBH_AXS_ETF_PVAL_WEB.20260421.csv,,,,,
2026-04-21,LITX,AXSBYM9ZP2CLS,CFD LUMENTUM HOLDINGS INC,,SWAP,-445941852.13,100.0,-445941852.13,-85.84,tradr_axs,https://axsetf.filepoint.live/assets/data/BBH_AXS_ETF_PVAL_WEB.20260421.csv,,,,,
2026-10-05,LLYX,912797UZ8,United States Treasury Bill 11/19/2026,912797UZ8,TREASURY,27690000.0,,,66.76,defiance,https://www.defianceetfs.com/llyx-full-holdings/,,,,,
2026-10-05,LLYX,532457108-TRS-10/16/28-L-LLYX,Eli Lilly & Co Swap Ms,532457108-TRS-10/16/28-L-LLYX,SWAP,22400.0,,,62.02,defiance,https://www.defianceetfs.com/llyx-full-holdings/,,,,,
2026-10-05,LLYX,532457108-TRS-03/31/33-L-LLYX,Lly  Swap Nomura,532457108-TRS-03/31/33-L-LLYX,SWAP,9913.0,,,27.45,defiance,https://www.defianceetfs.com/llyx-full-holdings/,,,,,
2026-10-05,LLYX,532457108-TRS-01/31/33-L-LLYX,Eli Lilly And Company-swap-nbcb-l,532457108-TRS-01/31/33-L-LLYX,SWAP,9335.0,,,25.85,defiance,https://www.defianceetfs.com/llyx-full-holdings/,,,,,
2026-10-05,LLYX,532457108-TRS-09/22/33-L-LLYX,Eli Lilly & Co Swap Marex,532457108-TRS-09/22/33-L-LLYX,SWAP,8807.0,,,24.39,defiance,https://www.defianceetfs.com/llyx-full-holdings/,,,,,
2026-10-05,LLYX,532457108-TRS-09/08/28-L-LLYX,Eli Lilly & Co Swap Cantor - L,532457108-TRS-09/08/28-L-LLYX,SWAP,7613.0,,,21.08,defiance,https://www.defianceetfs.com/llyx-full-holdings/,,,,,
2026-10-05,LLYX,532457108-TRS-103026-L-LLYX,Eli Lilly & Co Swap Bmo,532457108-TRS-103026-L-LLYX,SWAP,7094.0,,,19.64,defiance,https://www.defianceetfs.com/llyx-full-holdings/,,,,,
2026-10-05,LLYX,532457108-TRS-01/09/29-L-LLYX,Eli Lilly & Co Swap Cs,532457108-TRS-01/09/29-L-LLYX,SWAP,7035.0,,,19.48,defiance,https://www.defianceetfs.com/llyx-full-holdings/,,,,,
2026-10-05,LLYX,FGXXX,First American Government Obligations Fund 12/01/2031,31846V336,COMMON_STOCK,4671334.0,,,11.32,defiance,https://www.defianceetfs.com/llyx-full-holdings/,,,,,
2026-10-05,LLYX,Cash&Other,Cash & Other,Cash&Other,CASH,-73477742.0,,,-178.02,defiance,https://www.defianceetfs.com/llyx-full-holdings/,,,,,
2026-08-27,LMNX,Cash&Other,Cash & Other,Cash&Other,CASH,3934886.0,,,93.17,defiance,https://www.defianceetfs.com/lmnx-full-holdings/,,,,,
2026-08-27,LMNX,FGXXX,First American Government Obligations Fund 12/01/2031,31846V336,COMMON_STOCK,276312.0,,,6.54,defiance,https://www.defianceetfs.com/lmnx-full-holdings/,,,,,
2026-10-05,LNOK,912797UZ8,United States Treasury Bill 11/19/2026,912797UZ8,TREASURY,19800000.0,,,65.02,defiance,https://www.defianceetfs.com/lnok-full-holdings/,,,,,
2026-10-05,LNOK,654902204-TRS-01/31/33-L-LNOK,Nokia Oyj-swap-nbcb-l,654902204-TRS-01/31/33-L-LNOK,SWAP,966768.0,,,33.82,defiance,https://www.defianceetfs.com/lnok-full-holdings/,,,,,
2026-10-05,LNOK,654902204-TRS-09/08/28-L-LNOK,Nokia Corp Swap Cf-l,654902204-TRS-09/08/28-L-LNOK,SWAP,935934.0,,,32.74,defiance,https://www.defianceetfs.com/lnok-full-holdings/,,,,,
2026-10-05,LNOK,654902204-TRS-03/31/33-L-LNOK,Nokia Corp Swap Nmra-l,654902204-TRS-03/31/33-L-LNOK,SWAP,930551.0,,,32.55,defiance,https://www.defianceetfs.com/lnok-full-holdings/,,,,,
2026-10-05,LNOK,654902204-TRS-01/21/29-L-LNOK,Nokia Corp Swap Marex-l,654902204-TRS-01/21/29-L-LNOK,SWAP,914775.0,,,32.0,defiance,https://www.defianceetfs.com/lnok-full-holdings/,,,,,
2026-10-05,LNOK,654902204-TRS-02/22/28-L-LNOK,Nokia Corp Swap Cs-l,654902204-TRS-02/22/28-L-LNOK,SWAP,868881.0,,,30.4,defiance,https://www.defianceetfs.com/lnok-full-holdings/,,,,,
2026-10-05,LNOK,654902204-TRS-07/25/33-L-LNOK,Nokia Oyj-swap-jnst-l,654902204-TRS-07/25/33-L-LNOK,SWAP,829800.0,,,29.03,defiance,https://www.defianceetfs.com/lnok-full-holdings/,,,,,
2026-10-05,LNOK,654902204-TRS-07/16/31-L-LNOK,Nokia Oyj-swap-mscs-l,654902204-TRS-07/16/31-L-LNOK,SWAP,267181.0,,,9.35,defiance,https://www.defianceetfs.com/lnok-full-holdings/,,,,,
2026-10-05,LNOK,FGXXX,First American Government Obligations Fund 12/01/2031,31846V336,COMMON_STOCK,254507.0,,,0.84,defiance,https://www.defianceetfs.com/lnok-full-holdings/,,,,,
2026-10-05,LNOK,Cash&Other,Cash & Other,Cash&Other,CASH,-50244986.0,,,-165.82,defiance,https://www.defianceetfs.com/lnok-full-holdings/,,,,,
2026-04-21,LRCU,AXSBSML4N7CLS,CFD LAM RESEARCH CORP,,SWAP,191083.0,258.37,49370114.71,200.0,tradr_axs,https://axsetf.filepoint.live/assets/data/BBH_AXS_ETF_PVAL_WEB.20260421.csv,,,,,
2026-04-21,LRCU,USD,CASHUSD,CASHUSD,CASH,25124893.07,,25124893.07,101.78,tradr_axs,https://axsetf.filepoint.live/assets/data/BBH_AXS_ETF_PVAL_WEB.20260421.csv,,,,,
2026-04-21,LRCU,,NET OTHER ASSETS,,OTHER,-5369818.76,,-5369818.76,-21.75,tradr_axs,https://axsetf.filepoint.live/assets/data/BBH_AXS_ETF_PVAL_WEB.20260421.csv,,,,,
2026-04-21,LRCU,AXSBSML4N7CLS,CFD LAM RESEARCH CORP,,SWAP,-44440018.62,100.0,-44440018.62,-180.03,tradr_axs,https://axsetf.filepoint.live/assets/data/BBH_AXS_ETF_PVAL_WEB.20260421.csv,,,,,
2026-10-05,LUNL,912797UZ8,United States Treasury Bill 11/19/2026,912797UZ8,TREASURY,9400000.0,,,42.28,defiance,https://www.defianceetfs.com/lunl-full-holdings/,,,,,
2026-10-05,LUNL,46125A100-TRS-05/31/33-L-LUNL,"Intuitive Machines, Inc.-swap-jnst-l",46125A100-TRS-05/31/33-L-LUNL,SWAP,523954.0,,,34.83,defiance,https://www.defianceetfs.com/lunl-full-holdings/,,,,,
2026-10-05,LUNL,46125A100-TRS-03/31/33-L-LUNL,"Intuitive Machines, Inc.-swap-nmra-l",46125A100-TRS-03/31/33-L-LUNL,SWAP,508186.0,,,33.79,defiance,https://www.defianceetfs.com/lunl-full-holdings/,,,,,
2026-10-05,LUNL,46125A100-TRS-01/13/29-L-LUNL,Intuitive Mach Swap Marex-l,46125A100-TRS-01/13/29-L-LUNL,SWAP,485120.0,,,32.25,defiance,https://www.defianceetfs.com/lunl-full-holdings/,,,,,
2026-10-05,LUNL,46125A100-TRS-01/31/33-L-LUNL,Intuitive Machines Swap Nbc-l,46125A100-TRS-01/31/33-L-LUNL,SWAP,454304.0,,,30.2,defiance,https://www.defianceetfs.com/lunl-full-holdings/,,,,,
2026-10-05,LUNL,46125A100-TRS-09/08/28-L-LUNL,Intuitive Mach Swap Cant-l_r,46125A100-TRS-09/08/28-L-LUNL,SWAP,443017.0,,,29.45,defiance,https://www.defianceetfs.com/lunl-full-holdings/,,,,,
2026-10-05,LUNL,46125A100-TRS-02/22/28-L-LUNL,Intuitive Mach Swap Cs-l,46125A100-TRS-02/22/28-L-LUNL,SWAP,413473.0,,,27.49,defiance,https://www.defianceetfs.com/lunl-full-holdings/,,,,,
2026-10-05,LUNL,46125A100-TRS-07/16/31-L-LUNL,"Intuitive Machines, Inc.-swap-mscs-l",46125A100-TRS-07/16/31-L-LUNL,SWAP,178979.0,,,11.9,defiance,https://www.defianceetfs.com/lunl-full-holdings/,,,,,
2026-10-05,LUNL,FGXXX,First American Government Obligations Fund 12/01/2031,31846V336,COMMON_STOCK,1902251.0,,,8.6,defiance,https://www.defianceetfs.com/lunl-full-holdings/,,,,,
2026-10-05,LUNL,Cash&Other,Cash & Other,Cash&Other,CASH,-33388948.0,,,-150.9,defiance,https://www.defianceetfs.com/lunl-full-holdings/,,,,,
2026-10-02,MAAY,,US Dollars,,CASH,3445149.714310057,1.0,3445149.714310057,70.63928522327026,granite_shares,https://graniteshares.com/media/254oeuji/maay_holdings_file_20261001.xls,,,,,
2026-10-02,MAAY,912797UL9,US TBill 10/22/2026,912797UL9,TREASURY,1000000.0,0.9978847199999998,997884.7199999999,20.460609611022328,granite_shares,https://graniteshares.com/media/254oeuji/maay_holdings_file_20261001.xls,,,,,
2026-10-02,MAAY,912797VV6,US TBill 02/04/2027,912797VV6,TREASURY,600000.0,0.98595265,591571.59,12.129572802719897,granite_shares,https://graniteshares.com/media/254oeuji/maay_holdings_file_20261001.xls,,,,,
2026-10-02,MAAY,MRAL261005P00038080,2MRAL 10/05/2026 P38.08,2MRAL 10/05/2026 P38.08,OPTION_PUT,390.0,3.7297860000000003,145461.654,2.982543029487018,granite_shares,https://graniteshares.com/media/254oeuji/maay_holdings_file_20261001.xls,2MRAL,2026-10-05,38.08,P,long
2026-10-02,MAAY,MRAL261007P00032790,2MRAL 10/07/2026 P32.79,2MRAL 10/07/2026 P32.79,OPTION_PUT,800.0,1.4456440000000002,115651.52,2.3713166002194535,granite_shares,https://graniteshares.com/media/254oeuji/maay_holdings_file_20261001.xls,2MRAL,2026-10-07,32.79,P,long
2026-10-02,MAAY,MRAL261002P00040470,2MRAL 10/02/2026 P40.47,2MRAL 10/02/2026 P40.47,OPTION_PUT,160.0,5.040471,80647.53600000001,1.6535955678195668,granite_shares,https://graniteshares.com/media/254oeuji/maay_holdings_file_20261001.xls,2MRAL,2026-10-02,40.47,P,long
2026-10-02,MAAY,MRAL261002P00042710,2MRAL 10/02/2026 P42.71,2MRAL 10/02/2026 P42.71,OPTION_PUT,-160.0,7.243744,-115899.90400000001,-2.3764094611038495,granite_shares,https://graniteshares.com/media/254oeuji/maay_holdings_file_20261001.xls,2MRAL,2026-10-02,42.71,P,short
2026-10-02,MAAY,MRAL261007P00034610,2MRAL 10/07/2026 P34.61,2MRAL 10/07/2026 P34.61,OPTION_PUT,-800.0,2.195613,-175649.03999999998,-3.601504626697606,granite_shares,https://graniteshares.com/media/254oeuji/maay_holdings_file_20261001.xls,2MRAL,2026-10-07,34.61,P,short
2026-10-02,MAAY,MRAL261005P00040190,2MRAL 10/05/2026 P40.19,2MRAL 10/05/2026 P40.19,OPTION_PUT,-390.0,5.326056,-207716.184,-4.259008746737081,granite_shares,https://graniteshares.com/media/254oeuji/maay_holdings_file_20261001.xls,2MRAL,2026-10-05,40.19,P,short
2026-10-02,MAAY,,"SwapFees (USD, fund-level)",,FUND_FEE_COMPONENT,,,0.1,,granite_shares,https://graniteshares.com/product/1152/en-us/#fee=SwapFees,,,,,
2026-10-02,MAAY,,"ManagementFees (USD, fund-level)",,FUND_FEE_COMPONENT,,,0.0099,,granite_shares,https://graniteshares.com/product/1152/en-us/#fee=ManagementFees,,,,,
2026-10-02,MAAY,,"LicenceFees (USD, fund-level)",,FUND_FEE_COMPONENT,,,0.06,,granite_shares,https://graniteshares.com/product/1152/en-us/#fee=LicenceFees,,,,,
2026-05-01,MARO,912797RF6,United States Treasury Bill 07/09/2026,912797RF6,TREASURY,27974000.0,99.309521,27780845.4,42.16,yieldmax,https://yieldmaxetfs.com/?fund_csv_ticker=MARO,,,,,
2026-05-01,MARO,912797RS8,United States Treasury Bill 09/03/2026,912797RS8,TREASURY,12024000.0,98.758681,11874743.8,18.02,yieldmax,https://yieldmaxetfs.com/?fund_csv_ticker=MARO,,,,,
2026-05-01,MARO,912797RG4,United States Treasury Bill 08/06/2026,912797RG4,TREASURY,10963000.0,99.035389,10857249.7,16.48,yieldmax,https://yieldmaxetfs.com/?fund_csv_ticker=MARO,,,,,
2026-05-01,MARO,Cash&Other,Cash & Other,Cash&Other,CASH,10113016.0,1.0,10113015.58,15.35,yieldmax,https://yieldmaxetfs.com/?fund_csv_ticker=MARO,,,,,
2026-05-01,MARO,2MARA 260515C00012010,MARA 05/15/2026 12.01 C,2MARA 260515C00012010,OPTION_CALL,56255.0,0.9,5062950.0,7.68,yieldmax,https://yieldmaxetfs.com/?fund_csv_ticker=MARO,,,,,
2026-05-01,MARO,FGXXX,First American Government Obligations Fund 12/01/2031,31846V336,COMMON_STOCK,3602160.0,100.0,3602160.49,5.47,yieldmax,https://yieldmaxetfs.com/?fund_csv_ticker=MARO,,,,,
2026-05-01,MARO,912797QX8,United States Treasury Bill 06/11/2026,912797QX8,TREASURY,3394000.0,99.590569,3380103.91,5.13,yieldmax,https://yieldmaxetfs.com/?fund_csv_ticker=MARO,,,,,
2026-05-01,MARO,MARA  260508C00012000,MARA US 05/08/26 C12,MARA  260508C00012000,OPTION_CALL,21955.0,0.67,1470985.0,2.23,yieldmax,https://yieldmaxetfs.com/?fund_csv_ticker=MARO,,,,,
2026-05-01,MARO,MARA  260508C00012500,MARA HOL CLL OPT 05/26 12.500,MARA  260508C00012500,OPTION_CALL,10000.0,0.46,460000.0,0.7,yieldmax,https://yieldmaxetfs.com/?fund_csv_ticker=MARO,,,,,
2026-05-01,MARO,MARA  260501C00013500,MARA US 05/01/26 C13.5,MARA  260501C00013500,OPTION_CALL,22400.0,0.015,33600.0,0.05,yieldmax,https://yieldmaxetfs.com/?fund_csv_ticker=MARO,,,,,
2026-05-01,MARO,MARA  260508C00014000,MARA HOL CLL OPT 05/26 14,MARA  260508C00014000,OPTION_CALL,1900.0,0.125,23750.0,0.04,yieldmax,https://yieldmaxetfs.com/?fund_csv_ticker=MARO,,,,,
2026-05-01,MARO,MARA  260508C00013000,MARA HOL CLL OPT 05/26 13,MARA  260508C00013000,OPTION_CALL,-1900.0,0.295,-56050.0,-0.09,yieldmax,https://yieldmaxetfs.com/?fund_csv_ticker=MARO,,,,,
2026-05-01,MARO,MARA  260501C00012500,MARA US 05/01/26 C12.5,MARA  260501C00012500,OPTION_CALL,-22400.0,0.065,-145600.0,-0.22,yieldmax,https://yieldmaxetfs.com/?fund_csv_ticker=MARO,,,,,
2026-05-01,MARO,MARA  260508C00011500,MARA HOL CLL OPT 05/26 11.500,MARA  260508C00011500,OPTION_CALL,-15000.0,0.925,-1387500.0,-2.11,yieldmax,https://yieldmaxetfs.com/?fund_csv_ticker=MARO,,,,,
2026-05-01,MARO,MARA  260508C00011000,MARA US 05/08/26 C11,MARA  260508C00011000,OPTION_CALL,-16955.0,1.26,-2136330.0,-3.24,yieldmax,https://yieldmaxetfs.com/?fund_csv_ticker=MARO,,,,,
2026-05-01,MARO,2MARA 260515P00012010,MARA 05/15/2026 12.01 P,2MARA 260515P00012010,OPTION_PUT,-56255.0,0.8725,-4908248.75,-7.45,yieldmax,https://yieldmaxetfs.com/?fund_csv_ticker=MARO,,,,,
2026-10-05,METU,,META SWAP ASSET LEG,METAGSL,SWAP,336699.0,728.08,245143807.92,46.0957541725,direxion,https://www.direxion.com/holdings/METU.csv,,,,,
2026-10-05,METU,,META SWAP ASSET LEG,METABCL,SWAP,314195.0,728.08,228759095.6,43.0148455511,direxion,https://www.direxion.com/holdings/METU.csv,,,,,
2026-10-05,METU,,META SWAP ASSET LEG,METAMLL,SWAP,281430.0,728.08,204903554.4,38.5291554081,direxion,https://www.direxion.com/holdings/METU.csv,,,,,
2026-10-05,METU,,META SWAP ASSET LEG,METACTL,SWAP,205230.0,728.08,149423858.4,28.0969994827,direxion,https://www.direxion.com/holdings/METU.csv,,,,,
2026-10-05,METU,,DREYFUS GOVT CASH MAN INS,X9USDDGCM,MONEY_MARKET,148267992.07,1.0,148267992.07,27.8796555055,direxion,https://www.direxion.com/holdings/METU.csv,,,,,
2026-10-05,METU,,META SWAP ASSET LEG,METABPL,SWAP,197138.0,728.08,143532235.04,26.9891647616,direxion,https://www.direxion.com/holdings/METU.csv,,,,,
2026-10-05,METU,,GOLDMAN FINL SQ TRSRY INST 506,X9USDGSFC,OTHER,128574076.44,1.0,128574076.44,24.1764989735,direxion,https://www.direxion.com/holdings/METU.csv,,,,,
2026-10-05,METU,,DREYFUS TRSRY SECURITIES CASH MGMT,X9USDDTP3,CASH,97967634.42,1.0,97967634.42,18.4213993876,direxion,https://www.direxion.com/holdings/METU.csv,,,,,
2026-10-05,METU,META,META PLATFORMS INC-CLASS A,30303M102,COMMON_STOCK,126174.0,728.08,91864765.92,17.2738430674,direxion,https://www.direxion.com/holdings/METU.csv,,,,,
2026-10-05,METU,,GOLDMAN SACHS FIN GOV 465 INSTITUT,X9USDGLDS,OTHER,68593483.85,1.0,68593483.85,12.8980144194,direxion,https://www.direxion.com/holdings/METU.csv,,,,,
2026-10-05,MEXX,,EWW SWAP ASSET LEG,EWWUBL,SWAP,178655.0,71.09,12700583.95,90.3626290197,direxion,https://www.direxion.com/holdings/MEXX.csv,,,,,
2026-10-05,MEXX,,EWW SWAP ASSET LEG,EWWGSL,SWAP,143446.0,71.09,10197576.14,72.5541276894,direxion,https://www.direxion.com/holdings/MEXX.csv,,,,,
2026-10-05,MEXX,,EWW SWAP ASSET LEG,EWWJPL,SWAP,100000.0,71.09,7109000.0,50.5794010913,direxion,https://www.direxion.com/holdings/MEXX.csv,,,,,
2026-10-05,MEXX,EWW,ISHARES MSCI MEXICO ETF,464286822,COMMON_STOCK,97122.0,71.09,6904402.98,49.1237259279,direxion,https://www.direxion.com/holdings/MEXX.csv,,,,,
2026-10-05,MEXX,,EWW SWAP ASSET LEG,EWWBCL,SWAP,72915.0,71.09,5183527.35,36.8799703057,direxion,https://www.direxion.com/holdings/MEXX.csv,,,,,
2026-10-05,MEXX,,DREYFUS GOVT CASH MAN INS,X9USDDGCM,MONEY_MARKET,3895205.55,1.0,3895205.55,27.7137661903,direxion,https://www.direxion.com/holdings/MEXX.csv,,,,,
2026-10-05,MEXX,,DREYFUS TRSRY SECURITIES CASH MGMT,X9USDDTP3,CASH,2060222.87,1.0,2060222.87,14.6581571078,direxion,https://www.direxion.com/holdings/MEXX.csv,,,,,
2026-10-05,MEXX,,GOLDMAN SACHS FIN GOV 465 INSTITUT,X9USDGLDS,OTHER,694979.26,1.0,694979.26,4.9446665834,direxion,https://www.direxion.com/holdings/MEXX.csv,,,,,
2026-10-05,MEXX,,GOLDMAN FINL SQ TRSRY INST 506,X9USDGSFC,OTHER,83452.97,1.0,83452.97,0.5937545705,direxion,https://www.direxion.com/holdings/MEXX.csv,,,,,
2026-10-05,MEXX,,EWW SWAP ASSET LEG,EWWCTL,SWAP,1000.0,71.09,71090.0,0.5057940109,direxion,https://www.direxion.com/holdings/MEXX.csv,,,,,
2026-08-27,MPL,Cash&Other,Cash & Other,Cash&Other,CASH,3974350.0,,,94.19,defiance,https://www.defianceetfs.com/mpl-full-holdings/,,,,,
2026-08-27,MPL,FGXXX,First American Government Obligations Fund 12/01/2031,31846V336,COMMON_STOCK,235946.0,,,5.59,defiance,https://www.defianceetfs.com/mpl-full-holdings/,,,,,
2026-10-05,MRA,,US Dollars,,CASH,3099776.571735295,1.0,,,granite_shares,https://graniteshares.com/media/4qjdntal/mra_holdings_file_20261002.xls,,,,,
2026-10-05,MRA,,Nomura1 MRA,119604003,OTHER,600000.0,,,,granite_shares,https://graniteshares.com/media/4qjdntal/mra_holdings_file_20261002.xls,,,,,
2026-10-05,MRA,,Nomura2 MRA,119604004,OTHER,600000.0,,,,granite_shares,https://graniteshares.com/media/4qjdntal/mra_holdings_file_20261002.xls,,,,,
2026-10-05,MRA,,Nomura3 MRA,119604005,OTHER,600000.0,,,,granite_shares,https://graniteshares.com/media/4qjdntal/mra_holdings_file_20261002.xls,,,,,
2026-10-05,MRA,,Nomura4 MRA,119604006,OTHER,600000.0,,,,granite_shares,https://graniteshares.com/media/4qjdntal/mra_holdings_file_20261002.xls,,,,,
2026-10-05,MRA,,Nomura5 MRA,119604007,OTHER,600000.0,,,,granite_shares,https://graniteshares.com/media/4qjdntal/mra_holdings_file_20261002.xls,,,,,
2026-10-05,MRAL,,US Dollars,,CASH,40306566.59594,1.0,40306566.59594,100.0,granite_shares,https://graniteshares.com/media/z3mdnvv2/mral_holdings_file_20261004.xls,,,,,
2026-10-05,MRAL,MARA,MARA,MARA,OTHER,7180523.0,11.23,80637273.29,2.000598,granite_shares,https://graniteshares.com/media/z3mdnvv2/mral_holdings_file_20261004.xls,,,,,
2026-10-05,MRNX,60770K107-TRS-03/07/28-L-MRNX,Moderna Inc Swap Cs-l,60770K107-TRS-03/07/28-L-MRNX,SWAP,65613.0,,,35.34,defiance,https://www.defianceetfs.com/mrnx-full-holdings/,,,,,
2026-10-05,MRNX,60770K107-TRS-05/31/33-L-MRNX,"Moderna, Inc.-swap-jnst-l",60770K107-TRS-05/31/33-L-MRNX,SWAP,63083.0,,,33.98,defiance,https://www.defianceetfs.com/mrnx-full-holdings/,,,,,
2026-10-05,MRNX,60770K107-TRS-02/04/29-L-MRNX,Moderna Inc Swap Marex-l,60770K107-TRS-02/04/29-L-MRNX,SWAP,62053.0,,,33.42,defiance,https://www.defianceetfs.com/mrnx-full-holdings/,,,,,
2026-10-05,MRNX,60770K107-TRS-09/08/28-L-MRNX,Moderna Inc Swap Cf-l,60770K107-TRS-09/08/28-L-MRNX,SWAP,59601.0,,,32.1,defiance,https://www.defianceetfs.com/mrnx-full-holdings/,,,,,
2026-10-05,MRNX,60770K107-TRS-03/31/33-L-MRNX,Moderna Inc Swap Nomura-l,60770K107-TRS-03/31/33-L-MRNX,SWAP,57661.0,,,31.06,defiance,https://www.defianceetfs.com/mrnx-full-holdings/,,,,,
2026-10-05,MRNX,60770K107-TRS-01/31/33-L-MRNX,"Moderna, Inc.-swap-nbcb-l",60770K107-TRS-01/31/33-L-MRNX,SWAP,55481.0,,,29.88,defiance,https://www.defianceetfs.com/mrnx-full-holdings/,,,,,
2026-10-05,MRNX,912797UZ8,United States Treasury Bill 11/19/2026,912797UZ8,TREASURY,8850000.0,,,24.96,defiance,https://www.defianceetfs.com/mrnx-full-holdings/,,,,,
2026-10-05,MRNX,FGXXX,First American Government Obligations Fund 12/01/2031,31846V336,COMMON_STOCK,2345404.0,,,6.65,defiance,https://www.defianceetfs.com/mrnx-full-holdings/,,,,,
2026-10-05,MRNX,60770K107-TRS-08/31/28-L-MRNX,"Moderna, Inc.-swap-bmob-l",60770K107-TRS-08/31/28-L-MRNX,SWAP,7517.0,,,4.05,defiance,https://www.defianceetfs.com/mrnx-full-holdings/,,,,,
2026-10-05,MRNX,Cash&Other,Cash & Other,Cash&Other,CASH,-46387254.0,,,-131.5,defiance,https://www.defianceetfs.com/mrnx-full-holdings/,,,,,
2026-05-01,MRNY,912797RF6,United States Treasury Bill 07/09/2026,912797RF6,TREASURY,23782000.0,99.309521,23617790.28,27.04,yieldmax,https://yieldmaxetfs.com/?fund_csv_ticker=MRNY,,,,,
2026-05-01,MRNY,912797QX8,United States Treasury Bill 06/11/2026,912797QX8,TREASURY,21790000.0,99.590569,21700784.99,24.84,yieldmax,https://yieldmaxetfs.com/?fund_csv_ticker=MRNY,,,,,
2026-05-01,MRNY,912797RG4,United States Treasury Bill 08/06/2026,912797RG4,TREASURY,19515000.0,99.035389,19326756.16,22.12,yieldmax,https://yieldmaxetfs.com/?fund_csv_ticker=MRNY,,,,,
2026-05-01,MRNY,912797TR8,United States Treasury Bill 05/12/2026,912797TR8,TREASURY,10602000.0,99.890894,10590432.58,12.12,yieldmax,https://yieldmaxetfs.com/?fund_csv_ticker=MRNY,,,,,
2026-05-01,MRNY,912797RS8,United States Treasury Bill 09/03/2026,912797RS8,TREASURY,10605000.0,98.758681,10473358.12,11.99,yieldmax,https://yieldmaxetfs.com/?fund_csv_ticker=MRNY,,,,,
2026-05-01,MRNY,FGXXX,First American Government Obligations Fund 12/01/2031,31846V336,COMMON_STOCK,5512324.0,100.0,5512323.96,6.31,yieldmax,https://yieldmaxetfs.com/?fund_csv_ticker=MRNY,,,,,
2026-05-01,MRNY,Cash&Other,Cash & Other,Cash&Other,CASH,3876668.0,1.0,3876667.85,4.44,yieldmax,https://yieldmaxetfs.com/?fund_csv_ticker=MRNY,,,,,
2026-05-01,MRNY,MRNA  260515C00050000,MRNA US 05/15/26 C50,MRNA  260515C00050000,OPTION_CALL,18910.0,1.5,2836500.0,3.25,yieldmax,https://yieldmaxetfs.com/?fund_csv_ticker=MRNY,,,,,
2026-05-01,MRNY,MRNA  260501C00055000,MRNA US 05/01/26 C55,MRNA  260501C00055000,OPTION_CALL,10000.0,0.095,95000.0,0.11,yieldmax,https://yieldmaxetfs.com/?fund_csv_ticker=MRNY,,,,,
2026-05-01,MRNY,MRNA  260501C00056000,MRNA US 05/01/26 C56,MRNA  260501C00056000,OPTION_CALL,8610.0,0.06,51660.0,0.06,yieldmax,https://yieldmaxetfs.com/?fund_csv_ticker=MRNY,,,,,
2026-05-01,MRNY,MRNA  260501C00051000,MODERNA  CLL OPT 05/26 51,MRNA  260501C00051000,OPTION_CALL,300.0,0.385,11550.0,0.01,yieldmax,https://yieldmaxetfs.com/?fund_csv_ticker=MRNY,,,,,
2026-05-01,MRNY,MRNA  260501C00049000,MODERNA  CLL OPT 05/26 49,MRNA  260501C00049000,OPTION_CALL,-300.0,0.74,-22200.0,-0.03,yieldmax,https://yieldmaxetfs.com/?fund_csv_ticker=MRNY,,,,,
2026-05-01,MRNY,MRNA  260501C00054000,MRNA US 05/01/26 C54,MRNA  260501C00054000,OPTION_CALL,-5000.0,0.14,-70000.0,-0.08,yieldmax,https://yieldmaxetfs.com/?fund_csv_ticker=MRNY,,,,,
2026-05-01,MRNY,MRNA  260501C00053000,MRNA US 05/01/26 C53,MRNA  260501C00053000,OPTION_CALL,-5000.0,0.18,-90000.0,-0.1,yieldmax,https://yieldmaxetfs.com/?fund_csv_ticker=MRNY,,,,,
2026-05-01,MRNY,MRNA  260501C00052000,MRNA US 05/01/26 C52,MRNA  260501C00052000,OPTION_CALL,-8610.0,0.265,-228165.0,-0.26,yieldmax,https://yieldmaxetfs.com/?fund_csv_ticker=MRNY,,,,,
2026-05-01,MRNY,2MRNA 260515P00050010,MRNA 05/15/2026 50.01 P,2MRNA 260515P00050010,OPTION_PUT,-18910.0,5.4784,-10359654.4,-11.86,yieldmax,https://yieldmaxetfs.com/?fund_csv_ticker=MRNY,,,,,
2026-06-09,MSDD,,US Dollars,,CASH,3828052.179574,1.0,3828052.179574,100.0,granite_shares,https://www.graniteshares.com/media/adljz4br/msdd_holdings_file_20260608.xls,,,,,
2026-06-09,MSDD,MSTR,MSTR,MSTR,OTHER,0.0,,0.0,0.0,granite_shares,https://www.graniteshares.com/media/adljz4br/msdd_holdings_file_20260608.xls,,,,,
2026-10-05,MSFL,,US Dollars,,CASH,66122762.161621004,1.0,66122762.161621004,100.0,granite_shares,https://graniteshares.com/media/bionzxjk/msfl_holdings_file_20261004.xls,,,,,
2026-10-05,MSFL,MSFT,MSFT,MSFT,OTHER,255503.0,517.53,132230467.59,1.999772,granite_shares,https://graniteshares.com/media/bionzxjk/msfl_holdings_file_20261004.xls,,,,,
2026-10-05,MSFU,,MSFT SWAP ASSET LEG,MSFTCTL,SWAP,852791.0,517.53,441344926.23,82.3623662572,direxion,https://www.direxion.com/holdings/MSFU.csv,,,,,
2026-10-05,MSFU,,MSFT SWAP ASSET LEG,MSFTBCL,SWAP,535755.0,517.53,277269285.15,51.743099463,direxion,https://www.direxion.com/holdings/MSFU.csv,,,,,
2026-10-05,MSFU,,MSFT SWAP ASSET LEG,MSFTMLL,SWAP,476646.0,517.53,246678604.38,46.0343653099,direxion,https://www.direxion.com/holdings/MSFU.csv,,,,,
2026-10-05,MSFU,,GOLDMAN FINL SQ TRSRY INST 506,X9USDGSFC,OTHER,226346780.67,1.0,226346780.67,42.2401059641,direxion,https://www.direxion.com/holdings/MSFU.csv,,,,,
2026-10-05,MSFU,,DREYFUS GOVT CASH MAN INS,X9USDDGCM,MONEY_MARKET,114230002.38,1.0,114230002.38,21.317234513,direxion,https://www.direxion.com/holdings/MSFU.csv,,,,,
2026-10-05,MSFU,MSFT,MICROSOFT CORP,594918104,COMMON_STOCK,205616.0,517.53,106412448.48,19.8583478254,direxion,https://www.direxion.com/holdings/MSFU.csv,,,,,
2026-10-05,MSFU,,GOLDMAN SACHS FIN GOV 465 INSTITUT,X9USDGLDS,OTHER,82679959.67,1.0,82679959.67,15.4294673299,direxion,https://www.direxion.com/holdings/MSFU.csv,,,,,
2026-10-05,MSFU,,DREYFUS TRSRY SECURITIES CASH MGMT,X9USDDTP3,CASH,25.61,1.0,25.61,4.7793e-06,direxion,https://www.direxion.com/holdings/MSFU.csv,,,,,
2026-10-02,MSFX,,RECV MSFX TRS MSFT EQ,,SWAP,54763.0,,28341495.39,143.95,rex_shares,https://www.rexshares.com/MSFX/,,,,,
2026-10-02,MSFX,,CASH AND CASH EQUIVALENTS,,CASH,19270184.0,,19270184.33,97.87,rex_shares,https://www.rexshares.com/MSFX/,,,,,
2026-10-02,MSFX,,RECV MSFX TRS MSFT EQ,,SWAP,18635.0,,9644171.55,48.98,rex_shares,https://www.rexshares.com/MSFX/,,,,,
2026-10-02,MSFX,,PAYB MSFX TRS MSFT EQ,,SWAP,-9484470.0,,-9484469.6,-48.17,rex_shares,https://www.rexshares.com/MSFX/,,,,,
2026-10-02,MSFX,,PAYB MSFX TRS MSFT EQ,,SWAP,-28082466.0,,-28082466.4,-142.63,rex_shares,https://www.rexshares.com/MSFX/,,,,,
2026-10-05,MSR,,US Dollars,,CASH,572894.1069752732,1.0,,,granite_shares,https://graniteshares.com/media/1zddydee/msr_holdings_file_20261002.xls,,,,,
2026-10-05,MSR,,Nomura6 MSR,134171709,OTHER,110000.0,,,,granite_shares,https://graniteshares.com/media/1zddydee/msr_holdings_file_20261002.xls,,,,,
2026-10-05,MSR,,Nomura7 MSR,134171710,OTHER,110000.0,,,,granite_shares,https://graniteshares.com/media/1zddydee/msr_holdings_file_20261002.xls,,,,,
2026-10-05,MSR,,Nomura8 MSR,134171711,OTHER,110000.0,,,,granite_shares,https://graniteshares.com/media/1zddydee/msr_holdings_file_20261002.xls,,,,,
2026-10-05,MSR,,Nomura9 MSR,134171712,OTHER,110000.0,,,,granite_shares,https://graniteshares.com/media/1zddydee/msr_holdings_file_20261002.xls,,,,,
2026-10-05,MSR,,Nomura10 MSR,134171713,OTHER,110000.0,,,,granite_shares,https://graniteshares.com/media/1zddydee/msr_holdings_file_20261002.xls,,,,,
2026-10-05,MSTP,,US Dollars,,CASH,18046447.082,1.0,18046447.082,100.0,granite_shares,https://graniteshares.com/media/352objmz/mstp_holdings_file_20261004.xls,,,,,
2026-10-05,MSTP,MSTR,MSTR,MSTR,OTHER,225559.0,160.01000000000002,36091695.59,1.9999329999999997,granite_shares,https://graniteshares.com/media/352objmz/mstp_holdings_file_20261004.xls,,,,,
2026-10-02,MSTU,,CASH AND CASH EQUIVALENTS,,CASH,558924473.0,,558924472.81,73.15,rex_shares,https://www.rexshares.com/MSTU/,,,,,
2026-10-02,MSTU,,RECV MSTU TRS MSTR US EQ,,SWAP,3093580.0,,495003735.8,64.78,rex_shares,https://www.rexshares.com/MSTU/,,,,,
2026-10-02,MSTU,,RECV STRG TRS MSTR EQ,,SWAP,2916483.0,,466666444.83,61.07,rex_shares,https://www.rexshares.com/MSTU/,,,,,
2026-10-02,MSTU,,RECV MSTU TRS MSTR EQ,,SWAP,1509584.0,,241548535.84,31.61,rex_shares,https://www.rexshares.com/MSTU/,,,,,
2026-10-02,MSTU,,RECV STRG TRS MSTR EQ,,SWAP,816113.0,,130586241.13,17.09,rex_shares,https://www.rexshares.com/MSTU/,,,,,
2026-10-02,MSTU,,RECV STRG TRS MSTR EQ,,SWAP,799287.0,,127893912.87,16.74,rex_shares,https://www.rexshares.com/MSTU/,,,,,
2026-10-02,MSTU,,RECV STRG TRS MSTR EQ,,SWAP,746116.0,,119386021.16,15.62,rex_shares,https://www.rexshares.com/MSTU/,,,,,
2026-10-02,MSTU,,RECV STRG TRS MSTR EQ,,SWAP,650272.0,,104050022.72,13.62,rex_shares,https://www.rexshares.com/MSTU/,,,,,
2026-10-02,MSTU,,RECV MSTU TRS MSTR US EQ,,SWAP,226662.0,,36268186.62,4.75,rex_shares,https://www.rexshares.com/MSTU/,,,,,
2026-10-02,MSTU,TLDR,THE LADDERED T-BILL ETF,761562842,TREASURY,100.0,,2501.5,0.0,rex_shares,https://www.rexshares.com/MSTU/,,,,,
2026-10-05,MSTX,594972408-TRS-03/17/33-L-MSTX,Strategy Inc Swap Jnst-l,594972408-TRS-03/17/33-L-MSTX,SWAP,963952.0,,,42.39,defiance,https://www.defianceetfs.com/mstx-full-holdings/,,,,,
2026-10-05,MSTX,594972408-TRS-01/31/33-L-MSTX,Strategy Swap Nbc-l,594972408-TRS-01/31/33-L-MSTX,SWAP,889708.0,,,39.12,defiance,https://www.defianceetfs.com/mstx-full-holdings/,,,,,
2026-10-05,MSTX,594972408-TRS-11/09/27-L-MSTX,Strategy Inc Swap Clearstreet,594972408-TRS-11/09/27-L-MSTX,SWAP,863665.0,,,37.98,defiance,https://www.defianceetfs.com/mstx-full-holdings/,,,,,
2026-10-05,MSTX,594972408-TRS-12/01/28-L-MSTX,Strategy Inc Inc Swap Cantor,594972408-TRS-12/01/28-L-MSTX,SWAP,808498.0,,,35.55,defiance,https://www.defianceetfs.com/mstx-full-holdings/,,,,,
2026-10-05,MSTX,594972408-TRS-09/24/28-L-MSTX,Strategy Inc Swap Marex,594972408-TRS-09/24/28-L-MSTX,SWAP,786937.0,,,34.6,defiance,https://www.defianceetfs.com/mstx-full-holdings/,,,,,
2026-10-05,MSTX,912797UZ8,United States Treasury Bill 11/19/2026,912797UZ8,TREASURY,104040000.0,,,28.45,defiance,https://www.defianceetfs.com/mstx-full-holdings/,,,,,
2026-10-05,MSTX,594972408-TRS-08/31/27-L-MSTX,Strategy Inc Swap Bmo,594972408-TRS-08/31/27-L-MSTX,SWAP,231385.0,,,10.17,defiance,https://www.defianceetfs.com/mstx-full-holdings/,,,,,
2026-10-05,MSTX,FGXXX,First American Government Obligations Fund 12/01/2031,31846V336,COMMON_STOCK,13649130.0,,,3.75,defiance,https://www.defianceetfs.com/mstx-full-holdings/,,,,,
2026-10-05,MSTX,DGCXX,Bny Dreyfus Government Cash Management 12/31/2031,262006208,CASH,12.0,,,0.0,defiance,https://www.defianceetfs.com/mstx-full-holdings/,,,,,
2026-10-05,MSTX,Cash&Other,Cash & Other,Cash&Other,CASH,-480633146.0,,,-132.08,defiance,https://www.defianceetfs.com/mstx-full-holdings/,,,,,
2026-05-01,MSTY,Cash&Other,Cash & Other,Cash&Other,CASH,347645403.0,1.0,347645403.35,27.93,yieldmax,https://yieldmaxetfs.com/?fund_csv_ticker=MSTY,,,,,
2026-05-01,MSTY,912797RG4,United States Treasury Bill 08/06/2026,912797RG4,TREASURY,178441000.0,99.035389,176719738.49,14.2,yieldmax,https://yieldmaxetfs.com/?fund_csv_ticker=MSTY,,,,,
2026-05-01,MSTY,912797RF6,United States Treasury Bill 07/09/2026,912797RF6,TREASURY,169519000.0,99.309521,168348506.9,13.52,yieldmax,https://yieldmaxetfs.com/?fund_csv_ticker=MSTY,,,,,
2026-05-01,MSTY,912797QX8,United States Treasury Bill 06/11/2026,912797QX8,TREASURY,121688000.0,99.590569,121189771.6,9.74,yieldmax,https://yieldmaxetfs.com/?fund_csv_ticker=MSTY,,,,,
2026-05-01,MSTY,912797RS8,United States Treasury Bill 09/03/2026,912797RS8,TREASURY,115589000.0,98.758681,114154171.78,9.17,yieldmax,https://yieldmaxetfs.com/?fund_csv_ticker=MSTY,,,,,
2026-05-01,MSTY,MSTR  260618C00130000,MSTR US 06/18/26 C130,MSTR  260618C00130000,OPTION_CALL,24540.0,40.3,98896200.0,7.94,yieldmax,https://yieldmaxetfs.com/?fund_csv_ticker=MSTY,,,,,
2026-05-01,MSTY,MSTR  260618C00125000,MSTR US 06/18/26 C125,MSTR  260618C00125000,OPTION_CALL,20175.0,44.75,90283125.0,7.25,yieldmax,https://yieldmaxetfs.com/?fund_csv_ticker=MSTY,,,,,
2026-05-01,MSTY,MSTR  260515C00140000,MSTR US 05/15/26 C140,MSTR  260515C00140000,OPTION_CALL,30500.0,27.425,83646250.0,6.72,yieldmax,https://yieldmaxetfs.com/?fund_csv_ticker=MSTY,,,,,
2026-05-01,MSTY,912797TR8,United States Treasury Bill 05/12/2026,912797TR8,TREASURY,50031000.0,99.890894,49976413.18,4.01,yieldmax,https://yieldmaxetfs.com/?fund_csv_ticker=MSTY,,,,,
2026-05-01,MSTY,FGXXX,First American Government Obligations Fund 12/01/2031,31846V336,COMMON_STOCK,26404569.0,100.0,26404569.29,2.12,yieldmax,https://yieldmaxetfs.com/?fund_csv_ticker=MSTY,,,,,
2026-05-01,MSTY,MSTR  260508C00177500,MSTR US 05/08/26 C177.5,MSTR  260508C00177500,OPTION_CALL,18000.0,3.1,5580000.0,0.45,yieldmax,https://yieldmaxetfs.com/?fund_csv_ticker=MSTY,,,,,
2026-05-01,MSTY,MSTR  260508C00175000,STRATEGY CLL OPT 05/26 175,MSTR  260508C00175000,OPTION_CALL,14625.0,3.7,5411250.0,0.43,yieldmax,https://yieldmaxetfs.com/?fund_csv_ticker=MSTY,,,,,
2026-05-01,MSTY,MSTR  260501C00170000,MSTR US 05/01/26 C170,MSTR  260501C00170000,OPTION_CALL,3500.0,0.95,332500.0,0.03,yieldmax,https://yieldmaxetfs.com/?fund_csv_ticker=MSTY,,,,,
2026-05-01,MSTY,MSTR  260501C00172500,MSTR US 05/01/26 C172.5,MSTR  260501C00172500,OPTION_CALL,6000.0,0.54,324000.0,0.03,yieldmax,https://yieldmaxetfs.com/?fund_csv_ticker=MSTY,,,,,
2026-05-01,MSTY,MSTR  260501C00182500,MSTR US 05/01/26 C182.5,MSTR  260501C00182500,OPTION_CALL,12500.0,0.05,62500.0,0.01,yieldmax,https://yieldmaxetfs.com/?fund_csv_ticker=MSTY,,,,,
2026-05-01,MSTY,MSTR  260501C00185000,MSTR US 05/01/26 C185,MSTR  260501C00185000,OPTION_CALL,14540.0,0.03,43620.0,0.0,yieldmax,https://yieldmaxetfs.com/?fund_csv_ticker=MSTY,,,,,
2026-05-01,MSTY,MSTR  260501C00177500,MSTR US 05/01/26 C177.5,MSTR  260501C00177500,OPTION_CALL,-14540.0,0.175,-254450.0,-0.02,yieldmax,https://yieldmaxetfs.com/?fund_csv_ticker=MSTY,,,,,
2026-05-01,MSTY,MSTR  260501C00167500,MSTR US 05/01/26 C167.5,MSTR  260501C00167500,OPTION_CALL,-2500.0,1.645,-411250.0,-0.03,yieldmax,https://yieldmaxetfs.com/?fund_csv_ticker=MSTY,,,,,
2026-05-01,MSTY,MSTR  260501C00175000,MSTR US 05/01/26 C175,MSTR  260501C00175000,OPTION_CALL,-12500.0,0.305,-381250.0,-0.03,yieldmax,https://yieldmaxetfs.com/?fund_csv_ticker=MSTY,,,,,
2026-05-01,MSTY,MSTR  260501C00165000,MSTR US 05/01/26 C165,MSTR  260501C00165000,OPTION_CALL,-3500.0,2.7,-945000.0,-0.08,yieldmax,https://yieldmaxetfs.com/?fund_csv_ticker=MSTY,,,,,
2026-05-01,MSTY,MSTR  260501C00162500,MSTR US 05/01/26 C162.5,MSTR  260501C00162500,OPTION_CALL,-3500.0,4.25,-1487500.0,-0.12,yieldmax,https://yieldmaxetfs.com/?fund_csv_ticker=MSTY,,,,,
2026-05-01,MSTY,2MSTR 260515P00140010,MSTR 05/15/2026 140.01 P,2MSTR 260515P00140010,OPTION_PUT,-30500.0,1.7768,-5419240.0,-0.44,yieldmax,https://yieldmaxetfs.com/?fund_csv_ticker=MSTY,,,,,
2026-05-01,MSTY,2MSTR 260618P00125010,MSTR 06/18/2026 125.01 P,2MSTR 260618P00125010,OPTION_PUT,-20175.0,3.317,-6692047.5,-0.54,yieldmax,https://yieldmaxetfs.com/?fund_csv_ticker=MSTY,,,,,
2026-05-01,MSTY,MSTR  260508C00170000,MSTR US 05/08/26 C170,MSTR  260508C00170000,OPTION_CALL,-14000.0,5.25,-7350000.0,-0.59,yieldmax,https://yieldmaxetfs.com/?fund_csv_ticker=MSTY,,,,,
2026-05-01,MSTY,2MSTR 260618P00130010,MSTR 06/18/2026 130.01 P,2MSTR 260618P00130010,OPTION_PUT,-24540.0,4.1043,-10071952.2,-0.81,yieldmax,https://yieldmaxetfs.com/?fund_csv_ticker=MSTY,,,,,
2026-05-01,MSTY,MSTR  260508C00167500,MSTR US 05/08/26 C167.5,MSTR  260508C00167500,OPTION_CALL,-18625.0,6.25,-11640625.0,-0.94,yieldmax,https://yieldmaxetfs.com/?fund_csv_ticker=MSTY,,,,,
2026-10-02,MSTZ,,CASH AND CASH EQUIVALENTS,,CASH,79533002.0,,79533002.15,111.93,rex_shares,https://www.rexshares.com/MSTZ/,,,,,
2026-10-02,MSTZ,,RECV MSTZ TRS MSTR US EQ,594MSTZS2,SWAP,71299830.0,,71299830.42,100.34,rex_shares,https://www.rexshares.com/MSTZ/,,,,,
2026-10-02,MSTZ,,STRG TRS MSTR EQ,,SWAP,33370139.0,,33370138.87,46.96,rex_shares,https://www.rexshares.com/MSTZ/,,,,,
2026-10-02,MSTZ,,RECV MSTZ TRS MSTR EQ,594MSTZX1,SWAP,27642544.0,,27642544.2,38.9,rex_shares,https://www.rexshares.com/MSTZ/,,,,,
2026-10-02,MSTZ,,MSTZ TRS MSTR US EQ,,SWAP,5391738.0,,5391737.87,7.59,rex_shares,https://www.rexshares.com/MSTZ/,,,,,
2026-10-02,MSTZ,,MSTZ TRS MSTR US EQ,,SWAP,-44650.0,,-7144446.5,-10.05,rex_shares,https://www.rexshares.com/MSTZ/,,,,,
2026-10-02,MSTZ,,RECV MSTZ TRS MSTR EQ,594MSTZX1,SWAP,-201183.0,,-32191291.83,-45.3,rex_shares,https://www.rexshares.com/MSTZ/,,,,,
2026-10-02,MSTZ,,STRG TRS MSTR EQ,,SWAP,-201991.0,,-32320579.91,-45.48,rex_shares,https://www.rexshares.com/MSTZ/,,,,,
2026-10-02,MSTZ,,RECV MSTZ TRS MSTR US EQ,594MSTZS2,SWAP,-465738.0,,-74522737.38,-104.88,rex_shares,https://www.rexshares.com/MSTZ/,,,,,
2026-10-05,MTYY,912797UL9,US TBill 10/22/2026,912797UL9,TREASURY,800000.0,0.99819965,798559.72,61.17765030781121,granite_shares,https://graniteshares.com/media/vhfpp1fl/mtyy_holdings_file_20261002.xls,,,,,
2026-10-05,MTYY,,US Dollars,,CASH,423104.79035315645,1.0,423104.79035315645,32.41405277464431,granite_shares,https://graniteshares.com/media/vhfpp1fl/mtyy_holdings_file_20261002.xls,,,,,
2026-10-05,MTYY,912797VV6,US TBill 02/04/2027,912797VV6,TREASURY,100000.0,0.9863021000000001,98630.21,7.556059172588851,granite_shares,https://graniteshares.com/media/vhfpp1fl/mtyy_holdings_file_20261002.xls,,,,,
2026-10-05,MTYY,MSTU261009P00038840,2MSTU 10/09/2026 P38.84,2MSTU 10/09/2026 P38.84,OPTION_PUT,130.0,0.96,12480.0,0.9560926461974364,granite_shares,https://graniteshares.com/media/vhfpp1fl/mtyy_holdings_file_20261002.xls,2MSTU,2026-10-09,38.84,P,long
2026-10-05,MTYY,MSTU261007P00035780,2MSTU 10/07/2026 P35.78,2MSTU 10/07/2026 P35.78,OPTION_PUT,210.0,0.195225,4099.725,0.3140798817253033,granite_shares,https://graniteshares.com/media/vhfpp1fl/mtyy_holdings_file_20261002.xls,2MSTU,2026-10-07,35.78,P,long
2026-10-05,MTYY,MSTU261007P00037770,2MSTU 10/07/2026 P37.77,2MSTU 10/07/2026 P37.77,OPTION_PUT,-210.0,0.450553,-9461.613,-0.7248540553258065,granite_shares,https://graniteshares.com/media/vhfpp1fl/mtyy_holdings_file_20261002.xls,2MSTU,2026-10-07,37.77,P,short
2026-10-05,MTYY,MSTU261009P00041000,2MSTU 10/09/2026 P41.00,2MSTU 10/09/2026 P41.00,OPTION_PUT,-130.0,1.7,-22100.0,-1.6930807276412936,granite_shares,https://graniteshares.com/media/vhfpp1fl/mtyy_holdings_file_20261002.xls,2MSTU,2026-10-09,41.0,P,short
2026-10-05,MULL,,US Dollars,,CASH,757508008.69034,1.0,757508008.69034,100.0,granite_shares,https://graniteshares.com/media/akofjgqv/mull_holdings_file_20261004.xls,,,,,
2026-10-05,MULL,MU,MU,MU,OTHER,1409772.0,1074.89,1515349825.0800002,2.00044,granite_shares,https://graniteshares.com/media/akofjgqv/mull_holdings_file_20261004.xls,,,,,
2026-10-05,MUYY,912797UL9,US TBill 10/22/2026,912797UL9,TREASURY,5000000.0,0.99819965,4990998.25,41.10105430550636,granite_shares,https://graniteshares.com/media/qozijekh/muyy_holdings_file_20261002.xls,,,,,
2026-10-05,MUYY,912797VV6,US TBill 02/04/2027,912797VV6,TREASURY,4000000.0,0.98630211,3945208.44,32.48893672502932,granite_shares,https://graniteshares.com/media/qozijekh/muyy_holdings_file_20261002.xls,,,,,
2026-10-05,MUYY,,US Dollars,,CASH,3350818.2387697655,1.0,3350818.2387697655,27.59411153862002,granite_shares,https://graniteshares.com/media/qozijekh/muyy_holdings_file_20261002.xls,,,,,
2026-10-05,MUYY,MULL261007P00023070,2MULL 10/07/2026 P23.07,2MULL 10/07/2026 P23.07,OPTION_PUT,3280.0,0.175696,57628.288,0.47457107295546747,granite_shares,https://graniteshares.com/media/qozijekh/muyy_holdings_file_20261002.xls,2MULL,2026-10-07,23.07,P,long
2026-10-05,MUYY,MULL261009P00023290,2MULL 10/09/2026 P23.29,2MULL 10/09/2026 P23.29,OPTION_PUT,1330.0,0.26,34580.0,0.28476757287671056,granite_shares,https://graniteshares.com/media/qozijekh/muyy_holdings_file_20261002.xls,2MULL,2026-10-09,23.29,P,long
2026-10-05,MUYY,MULL261005P00022530,2MULL 10/05/2026 P22.53,2MULL 10/05/2026 P22.53,OPTION_PUT,370.0,0.035328,1307.136,0.010764313075181376,granite_shares,https://graniteshares.com/media/qozijekh/muyy_holdings_file_20261002.xls,2MULL,2026-10-05,22.53,P,long
2026-10-05,MUYY,MULL261005P00023780,2MULL 10/05/2026 P23.78,2MULL 10/05/2026 P23.78,OPTION_PUT,-370.0,0.149922,-5547.114,-0.045680687977166616,granite_shares,https://graniteshares.com/media/qozijekh/muyy_holdings_file_20261002.xls,2MULL,2026-10-05,23.78,P,short
2026-10-05,MUYY,MULL261007P00025700,2MULL 10/07/2026 P25.70,2MULL 10/07/2026 P25.70,OPTION_PUT,-150.0,0.9758510000000001,-14637.765000000001,-0.12054253358558889,granite_shares,https://graniteshares.com/media/qozijekh/muyy_holdings_file_20261002.xls,2MULL,2026-10-07,25.7,P,short
2026-10-05,MUYY,MULL261009P00024590,2MULL 10/09/2026 P24.59,2MULL 10/09/2026 P24.59,OPTION_PUT,-1330.0,0.58,-77140.0,-0.6352507394942005,granite_shares,https://graniteshares.com/media/qozijekh/muyy_holdings_file_20261002.xls,2MULL,2026-10-09,24.59,P,short
2026-10-05,MUYY,MULL261007P00024350,2MULL 10/07/2026 P24.35,2MULL 10/07/2026 P24.35,OPTION_PUT,-3130.0,0.44721700000000003,-139978.921,-1.1527315670060965,granite_shares,https://graniteshares.com/media/qozijekh/muyy_holdings_file_20261002.xls,2MULL,2026-10-07,24.35,P,short
2026-08-24,MUZ,Cash&Other,Cash & Other,Cash&Other,CASH,22703901.0,,,248.34,defiance,https://www.defianceetfs.com/muz-full-holdings/,,,,,
2026-08-24,MUZ,Cash&Other,Cash & Other,Cash&Other,CASH,17715500.0,,,234.81,defiance,https://www.defianceetfs.com/muz-full-holdings/,,,,,
2026-08-24,MUZ,912797TY3,United States Treasury Bill 08/27/2026,912797TY3,TREASURY,4633000.0,,,61.39,defiance,https://www.defianceetfs.com/muz-full-holdings/,,,,,
2026-08-24,MUZ,912797TY3,United States Treasury Bill 08/27/2026,912797TY3,TREASURY,4633000.0,,,50.67,defiance,https://www.defianceetfs.com/muz-full-holdings/,,,,,
2026-08-24,MUZ,FGXXX,First American Government Obligations Fund 12/01/2031,31846V336,COMMON_STOCK,274466.0,,,3.64,defiance,https://www.defianceetfs.com/muz-full-holdings/,,,,,
2026-08-24,MUZ,FGXXX,First American Government Obligations Fund 12/01/2031,31846V336,COMMON_STOCK,82389.0,,,0.9,defiance,https://www.defianceetfs.com/muz-full-holdings/,,,,,
2026-08-24,MUZ,595112103-TRS-12/01/28-S-MUZ,"Micron Technology, Inc.-swap-cant-s",595112103-TRS-12/01/28-S-MUZ,SWAP,-2847.0,,,-36.48,defiance,https://www.defianceetfs.com/muz-full-holdings/,,,,,
2026-08-24,MUZ,595112103-TRS-12/01/28-S-MUZ,"Micron Technology, Inc.-swap-cant-s",595112103-TRS-12/01/28-S-MUZ,SWAP,-4334.0,,,-43.16,defiance,https://www.defianceetfs.com/muz-full-holdings/,,,,,
2026-08-24,MUZ,595112103-TRS-07/25/28-S-MUZ,"Micron Technology, Inc.-swap-clst-s",595112103-TRS-07/25/28-S-MUZ,SWAP,-4742.0,,,-47.22,defiance,https://www.defianceetfs.com/muz-full-holdings/,,,,,
2026-08-24,MUZ,595112103-TRS-07/25/28-S-MUZ,"Micron Technology, Inc.-swap-clst-s",595112103-TRS-07/25/28-S-MUZ,SWAP,-3749.0,,,-48.04,defiance,https://www.defianceetfs.com/muz-full-holdings/,,,,,
2026-08-24,MUZ,595112103-TRS-03/31/33-S-MUZ,"Micron Technology, Inc.-swap-nmra-s",595112103-TRS-03/31/33-S-MUZ,SWAP,-5000.0,,,-49.79,defiance,https://www.defianceetfs.com/muz-full-holdings/,,,,,
2026-08-24,MUZ,595112103-TRS-03/31/33-S-MUZ,"Micron Technology, Inc.-swap-nmra-s",595112103-TRS-03/31/33-S-MUZ,SWAP,-4000.0,,,-51.26,defiance,https://www.defianceetfs.com/muz-full-holdings/,,,,,
2026-08-24,MUZ,595112103-TRS-06/09/33-S-MUZ,"Micron Technology, Inc.-swap-mrex-s",595112103-TRS-06/09/33-S-MUZ,SWAP,-6000.0,,,-59.75,defiance,https://www.defianceetfs.com/muz-full-holdings/,,,,,
2026-08-24,MUZ,595112103-TRS-06/09/33-S-MUZ,"Micron Technology, Inc.-swap-mrex-s",595112103-TRS-06/09/33-S-MUZ,SWAP,-5000.0,,,-64.07,defiance,https://www.defianceetfs.com/muz-full-holdings/,,,,,
2026-10-05,MVLL,,US Dollars,,CASH,438151465.94044,1.0,438151465.94044,100.0,granite_shares,https://graniteshares.com/media/0vpoxf1d/mvll_holdings_file_20261004.xls,,,,,
2026-10-05,MVLL,MRVL,MRVL,MRVL,OTHER,3222594.0,272.29,877480120.26,2.002686,granite_shares,https://graniteshares.com/media/0vpoxf1d/mvll_holdings_file_20261004.xls,,,,,
2026-10-05,NBIL,,US Dollars,,CASH,185956335.22769898,1.0,185956335.22769898,100.0,granite_shares,https://graniteshares.com/media/aiklr1kl/nbil_holdings_file_20261004.xls,,,,,
2026-10-05,NBIL,NBIS,NBIS,NBIS,OTHER,1531074.0,242.81,371760077.94,1.9991790000000003,granite_shares,https://graniteshares.com/media/aiklr1kl/nbil_holdings_file_20261004.xls,,,,,
2026-04-21,NBIZ,AXSB5BSZB3CLS,CFD NEBIUS GROUP NV,,SWAP,42172706.6,100.0,42172706.6,189.14,tradr_axs,https://axsetf.filepoint.live/assets/data/BBH_AXS_ETF_PVAL_WEB.20260421.csv,,,,,
2026-04-21,NBIZ,USD,CASHUSD,CASHUSD,CASH,31068930.69,,31068930.69,139.34,tradr_axs,https://axsetf.filepoint.live/assets/data/BBH_AXS_ETF_PVAL_WEB.20260421.csv,,,,,
2026-04-21,NBIZ,,NET OTHER ASSETS,,OTHER,-6350541.66,,-6350541.66,-28.48,tradr_axs,https://axsetf.filepoint.live/assets/data/BBH_AXS_ETF_PVAL_WEB.20260421.csv,,,,,
2026-04-21,NBIZ,AXSB5BSZB3CLS,CFD NEBIUS GROUP NV,,SWAP,-284855.0,156.55,-44594050.25,-200.0,tradr_axs,https://axsetf.filepoint.live/assets/data/BBH_AXS_ETF_PVAL_WEB.20260421.csv,,,,,
2026-04-21,NEBX,AXSB5BSZB3CLS,CFD NEBIUS GROUP NV,,SWAP,1548377.0,156.55,242398419.35,173.18,tradr_axs,https://axsetf.filepoint.live/assets/data/BBH_AXS_ETF_PVAL_WEB.20260421.csv,,,,,
2026-04-21,NEBX,AXSB5BSZB3MAR,CFD NEBIUS GROUP NV,,SWAP,239794.0,156.55,37539750.7,26.82,tradr_axs,https://axsetf.filepoint.live/assets/data/BBH_AXS_ETF_PVAL_WEB.20260421.csv,,,,,
2026-04-21,NEBX,USD,CASHUSD,CASHUSD,CASH,14124258.75,,14124258.75,10.09,tradr_axs,https://axsetf.filepoint.live/assets/data/BBH_AXS_ETF_PVAL_WEB.20260421.csv,,,,,
2026-04-21,NEBX,,NET OTHER ASSETS,,OTHER,437517.55,,437517.55,0.31,tradr_axs,https://axsetf.filepoint.live/assets/data/BBH_AXS_ETF_PVAL_WEB.20260421.csv,,,,,
2026-04-21,NEBX,AXSB5BSZB3MAR,CFD NEBIUS GROUP NV,,SWAP,-18555345.85,100.0,-18555345.85,-13.26,tradr_axs,https://axsetf.filepoint.live/assets/data/BBH_AXS_ETF_PVAL_WEB.20260421.csv,,,,,
2026-04-21,NEBX,AXSB5BSZB3CLS,CFD NEBIUS GROUP NV,,SWAP,-135975414.15,100.0,-135975414.15,-97.15,tradr_axs,https://axsetf.filepoint.live/assets/data/BBH_AXS_ETF_PVAL_WEB.20260421.csv,,,,,
2026-10-02,NFLU,,RECV NFLU TRS NFLX EQ,641NFLUR1,SWAP,382244.0,,25633282.64,166.2,rex_shares,https://www.rexshares.com/NFLU/,,,,,
2026-10-02,NFLU,,CASH AND CASH EQUIVALENTS,,CASH,20950505.0,,20950504.57,135.84,rex_shares,https://www.rexshares.com/NFLU/,,,,,
2026-10-02,NFLU,,RECV NFLU TRS NFLX EQ,,SWAP,309975.0,,20786923.5,134.78,rex_shares,https://www.rexshares.com/NFLU/,,,,,
2026-10-02,NFLU,,PAYB NFLU TRS NFLX EQ,,SWAP,-23453127.0,,-23453126.74,-152.07,rex_shares,https://www.rexshares.com/NFLU/,,,,,
2026-10-02,NFLU,,RECV NFLU TRS NFLX EQ,641NFLUR1,SWAP,-28494545.0,,-28494545.47,-184.75,rex_shares,https://www.rexshares.com/NFLU/,,,,,
2026-05-01,NFLY,912797RG4,United States Treasury Bill 08/06/2026,912797RG4,TREASURY,23574000.0,99.035389,23346602.6,31.51,yieldmax,https://yieldmaxetfs.com/?fund_csv_ticker=NFLY,,,,,
2026-05-01,NFLY,912797RF6,United States Treasury Bill 07/09/2026,912797RF6,TREASURY,22699000.0,99.309521,22542268.17,30.43,yieldmax,https://yieldmaxetfs.com/?fund_csv_ticker=NFLY,,,,,
2026-05-01,NFLY,912797RS8,United States Treasury Bill 09/03/2026,912797RS8,TREASURY,19156000.0,98.758681,18918212.93,25.54,yieldmax,https://yieldmaxetfs.com/?fund_csv_ticker=NFLY,,,,,
2026-05-01,NFLY,912797QX8,United States Treasury Bill 06/11/2026,912797QX8,TREASURY,9021000.0,99.590569,8984065.23,12.13,yieldmax,https://yieldmaxetfs.com/?fund_csv_ticker=NFLY,,,,,
2026-05-01,NFLY,FGXXX,First American Government Obligations Fund 12/01/2031,31846V336,COMMON_STOCK,5881785.0,100.0,5881784.77,7.94,yieldmax,https://yieldmaxetfs.com/?fund_csv_ticker=NFLY,,,,,
2026-05-01,NFLY,NFLX  260515C00095000,NFLX US 05/15/26 C95,NFLX  260515C00095000,OPTION_CALL,7910.0,1.655,1309105.0,1.77,yieldmax,https://yieldmaxetfs.com/?fund_csv_ticker=NFLY,,,,,
2026-05-01,NFLY,NFLX  260508C00097000,NETFLIX  CLL OPT 05/26 97,NFLX  260508C00097000,OPTION_CALL,1750.0,0.54,94500.0,0.13,yieldmax,https://yieldmaxetfs.com/?fund_csv_ticker=NFLY,,,,,
2026-05-01,NFLY,NFLX  260501C00097000,NFLX US 05/01/26 C97,NFLX  260501C00097000,OPTION_CALL,3960.0,0.045,17820.0,0.02,yieldmax,https://yieldmaxetfs.com/?fund_csv_ticker=NFLY,,,,,
2026-05-01,NFLY,NFLX  260501C00098000,NFLX US 05/01/26 C98,NFLX  260501C00098000,OPTION_CALL,2000.0,0.035,7000.0,0.01,yieldmax,https://yieldmaxetfs.com/?fund_csv_ticker=NFLY,,,,,
2026-05-01,NFLY,NFLX  260501C00095000,NFLX US 05/01/26 C95,NFLX  260501C00095000,OPTION_CALL,-2000.0,0.195,-39000.0,-0.05,yieldmax,https://yieldmaxetfs.com/?fund_csv_ticker=NFLY,,,,,
2026-05-01,NFLY,NFLX  260501C00091000,NFLX US 05/01/26 C91,NFLX  260501C00091000,OPTION_CALL,-200.0,2.645,-52900.0,-0.07,yieldmax,https://yieldmaxetfs.com/?fund_csv_ticker=NFLY,,,,,
2026-05-01,NFLY,NFLX  260501C00094000,NFLX US 05/01/26 C94,NFLX  260501C00094000,OPTION_CALL,-2430.0,0.44,-106920.0,-0.14,yieldmax,https://yieldmaxetfs.com/?fund_csv_ticker=NFLY,,,,,
2026-05-01,NFLY,NFLX  260501C00093000,NFLX US 05/01/26 C93,NFLX  260501C00093000,OPTION_CALL,-1330.0,0.95,-126350.0,-0.17,yieldmax,https://yieldmaxetfs.com/?fund_csv_ticker=NFLY,,,,,
2026-05-01,NFLY,NFLX  260508C00094000,NETFLIX  CLL OPT 05/26 94,NFLX  260508C00094000,OPTION_CALL,-1750.0,1.43,-250250.0,-0.34,yieldmax,https://yieldmaxetfs.com/?fund_csv_ticker=NFLY,,,,,
2026-05-01,NFLY,2NFLX 260515P00095010,NFLX 05/15/2026 95.01 P,2NFLX 260515P00095010,OPTION_PUT,-7910.0,2.8606,-2262734.6,-3.05,yieldmax,https://yieldmaxetfs.com/?fund_csv_ticker=NFLY,,,,,
2026-05-01,NFLY,Cash&Other,Cash & Other,Cash&Other,CASH,-4209772.0,1.0,-4209771.54,-5.68,yieldmax,https://yieldmaxetfs.com/?fund_csv_ticker=NFLY,,,,,
2026-10-05,NOWL,,US Dollars,,CASH,189078592.016705,1.0,189078592.016705,100.0,granite_shares,https://graniteshares.com/media/2kvlcwwq/nowl_holdings_file_20261004.xls,,,,,
2026-10-05,NOWL,NOW,NOW,NOW,OTHER,2813962.0,134.38,378140213.56,1.99991,granite_shares,https://graniteshares.com/media/2kvlcwwq/nowl_holdings_file_20261004.xls,,,,,
2026-10-05,NTAL,,US Dollars,,CASH,443878.807992,1.0,443878.807992,100.0,granite_shares,https://graniteshares.com/media/ycolbi02/ntal_holdings_file_20261004.xls,,,,,
2026-10-05,NTAL,NTAP,NTAP,NTAP,OTHER,3925.0,226.27,888109.75,2.000793,granite_shares,https://graniteshares.com/media/ycolbi02/ntal_holdings_file_20261004.xls,,,,,
2026-10-05,NUGT,GDX,VANECK GOLD MINERS ETF,92189F106,COMMON_STOCK,6045565.0,87.78,530679695.7,52.5862627054,direxion,https://www.direxion.com/holdings/NUGT.csv,,,,,
2026-10-05,NUGT,,GDX SWAP ASSET LEG,GDXMLL,SWAP,3475913.0,87.78,305115643.14,30.2346057249,direxion,https://www.direxion.com/holdings/NUGT.csv,,,,,
2026-10-05,NUGT,,DREYFUS GOVT CASH MAN INS,X9USDDGCM,MONEY_MARKET,303315257.88,1.0,303315257.88,30.0562014388,direxion,https://www.direxion.com/holdings/NUGT.csv,,,,,
2026-10-05,NUGT,,GDX SWAP ASSET LEG,GDXJPL,SWAP,3253078.0,87.78,285555186.84,28.2963154493,direxion,https://www.direxion.com/holdings/NUGT.csv,,,,,
2026-10-05,NUGT,,GDX SWAP ASSET LEG,GDXCTL,SWAP,3227541.0,87.78,283313548.98,28.0741864356,direxion,https://www.direxion.com/holdings/NUGT.csv,,,,,
2026-10-05,NUGT,,GDX SWAP ASSET LEG,GDXGSL,SWAP,3132344.0,87.78,274957156.32,27.2461324074,direxion,https://www.direxion.com/holdings/NUGT.csv,,,,,
2026-10-05,NUGT,,GDX SWAP ASSET LEG,GDXUBL,SWAP,2260211.0,87.78,198401321.58,19.6600399492,direxion,https://www.direxion.com/holdings/NUGT.csv,,,,,
2026-10-05,NUGT,,GDX SWAP ASSET LEG,GDXBPL,SWAP,1598123.0,87.78,140283236.94,13.9009862459,direxion,https://www.direxion.com/holdings/NUGT.csv,,,,,
2026-10-05,NUGT,,GOLDMAN FINL SQ TRSRY INST 506,X9USDGSFC,OTHER,108543809.04,1.0,108543809.04,10.7558538672,direxion,https://www.direxion.com/holdings/NUGT.csv,,,,,
2026-10-05,NUGT,,DREYFUS TRSRY SECURITIES CASH MGMT,X9USDDTP3,CASH,54523529.29,1.0,54523529.29,5.4028610066,direxion,https://www.direxion.com/holdings/NUGT.csv,,,,,
2026-10-05,NUGY,912797VV6,US TBill 02/04/2027,912797VV6,TREASURY,2200000.0,0.98630211,2169864.642,39.88147472658853,granite_shares,https://graniteshares.com/media/45vfrgr2/nugy_holdings_file_20261002.xls,,,,,
2026-10-05,NUGY,912797UL9,US TBill 10/22/2026,912797UL9,TREASURY,1800000.0,0.9981996499999999,1796759.3699999999,33.023909426151256,granite_shares,https://graniteshares.com/media/45vfrgr2/nugy_holdings_file_20261002.xls,,,,,
2026-10-05,NUGY,,US Dollars,,CASH,1525682.5153929687,1.0,1525682.5153929687,28.041596466754488,granite_shares,https://graniteshares.com/media/45vfrgr2/nugy_holdings_file_20261002.xls,,,,,
2026-10-05,NUGY,NUGT261007P00132970,2NUGT 10/07/2026 P132.97,2NUGT 10/07/2026 P132.97,OPTION_PUT,270.0,1.020364,27549.828,0.5063577459334724,granite_shares,https://graniteshares.com/media/45vfrgr2/nugy_holdings_file_20261002.xls,2NUGT,2026-10-07,132.97,P,long
2026-10-05,NUGY,NUGT261005P00133160,2NUGT 10/05/2026 P133.16,2NUGT 10/05/2026 P133.16,OPTION_PUT,120.0,0.446264,5355.168,0.09842641477017791,granite_shares,https://graniteshares.com/media/45vfrgr2/nugy_holdings_file_20261002.xls,2NUGT,2026-10-05,133.16,P,long
2026-10-05,NUGY,NUGT261005P00140550,2NUGT 10/05/2026 P140.55,2NUGT 10/05/2026 P140.55,OPTION_PUT,-120.0,1.527338,-18328.056,-0.3368642854504374,granite_shares,https://graniteshares.com/media/45vfrgr2/nugy_holdings_file_20261002.xls,2NUGT,2026-10-05,140.55,P,short
2026-10-05,NUGY,NUGT261007P00140350,2NUGT 10/07/2026 P140.35,2NUGT 10/07/2026 P140.35,OPTION_PUT,-270.0,2.448152,-66100.10399999999,-1.2149004947474844,granite_shares,https://graniteshares.com/media/45vfrgr2/nugy_holdings_file_20261002.xls,2NUGT,2026-10-07,140.35,P,short
2026-10-05,NVD,,US Dollars,,CASH,52229927.139343,1.0,52229927.139343,100.0,granite_shares,https://graniteshares.com/media/nwnlfyi3/nvd_holdings_file_20261004.xls,,,,,
2026-10-05,NVD,NVDA,NVDA,NVDA,OTHER,-445798.0,233.95,-104294442.1,-1.9968329999999999,granite_shares,https://graniteshares.com/media/nwnlfyi3/nvd_holdings_file_20261004.xls,,,,,
2026-10-05,NVDL,,US Dollars,,CASH,3771576316.4287457,1.0,3771576316.4287457,100.0,granite_shares,https://graniteshares.com/media/lurill5v/nvdl_holdings_file_20261004.xls,,,,,
2026-10-05,NVDL,NVDA,NVDA,NVDA,OTHER,32264257.0,233.95,7548222925.15,2.001344,granite_shares,https://graniteshares.com/media/lurill5v/nvdl_holdings_file_20261004.xls,,,,,
2026-10-02,NVDQ,,CASH AND CASH EQUIVALENTS,,CASH,14845244.0,,14845243.96,108.68,rex_shares,https://www.rexshares.com/NVDQ/,,,,,
2026-10-02,NVDQ,,RECV NVDQ TRS NVDA EQ,,SWAP,12090924.0,,12090924.38,88.51,rex_shares,https://www.rexshares.com/NVDQ/,,,,,
2026-10-02,NVDQ,,PAYB NVDQ TRS NVDA EQ,,SWAP,9919909.0,,9919908.73,72.62,rex_shares,https://www.rexshares.com/NVDQ/,,,,,
2026-10-02,NVDQ,,RECV NVDQ TRS NVDA EQ,,SWAP,-45752.0,,-10703680.4,-78.36,rex_shares,https://www.rexshares.com/NVDQ/,,,,,
2026-10-02,NVDQ,,PAYB NVDQ TRS NVDA EQ,,SWAP,-53398.0,,-12492462.1,-91.45,rex_shares,https://www.rexshares.com/NVDQ/,,,,,
2026-04-21,NVDS,USD,CASHUSD,CASHUSD,CASH,22677177.63,,22677177.63,108.73,tradr_axs,https://axsetf.filepoint.live/assets/data/BBH_AXS_ETF_PVAL_WEB.20260421.csv,,,,,
2026-04-21,NVDS,AXS2379504TDS,TRS NVIDIA CORP,,SWAP,17005489.43,100.0,17005489.43,81.53,tradr_axs,https://axsetf.filepoint.live/assets/data/BBH_AXS_ETF_PVAL_WEB.20260421.csv,,,,,
2026-04-21,NVDS,AXS2379504CLS,CFD NVIDIA CORP,,SWAP,13203785.06,100.0,13203785.06,63.31,tradr_axs,https://axsetf.filepoint.live/assets/data/BBH_AXS_ETF_PVAL_WEB.20260421.csv,,,,,
2026-04-21,NVDS,,NET OTHER ASSETS,,OTHER,-743648.39,,-743648.39,-3.57,tradr_axs,https://axsetf.filepoint.live/assets/data/BBH_AXS_ETF_PVAL_WEB.20260421.csv,,,,,
2026-04-21,NVDS,AXS2379504CLS,CFD NVIDIA CORP,,SWAP,-70824.0,199.88,-14156301.12,-67.87,tradr_axs,https://axsetf.filepoint.live/assets/data/BBH_AXS_ETF_PVAL_WEB.20260421.csv,,,,,
2026-04-21,NVDS,AXS2379504TDS,TRS NVIDIA CORP,,SWAP,-85698.0,199.88,-17129316.24,-82.13,tradr_axs,https://axsetf.filepoint.live/assets/data/BBH_AXS_ETF_PVAL_WEB.20260421.csv,,,,,
2026-10-05,NVDU,,NVDA SWAP ASSET LEG,NVDACTL,SWAP,1425481.0,233.95,333491279.95,59.8516974503,direxion,https://www.direxion.com/holdings/NVDU.csv,,,,,
2026-10-05,NVDU,,NVDA SWAP ASSET LEG,NVDAGSL,SWAP,887743.0,233.95,207687474.85,37.2736819709,direxion,https://www.direxion.com/holdings/NVDU.csv,,,,,
2026-10-05,NVDU,,DREYFUS GOVT CASH MAN INS,X9USDDGCM,MONEY_MARKET,204773317.08,1.0,204773317.08,36.7506779236,direxion,https://www.direxion.com/holdings/NVDU.csv,,,,,
2026-10-05,NVDU,,NVDA SWAP ASSET LEG,NVDABPL,SWAP,785272.0,233.95,183714384.4,32.9712301744,direxion,https://www.direxion.com/holdings/NVDU.csv,,,,,
2026-10-05,NVDU,,NVDA SWAP ASSET LEG,NVDANML,SWAP,729304.0,233.95,170620670.8,30.6213007099,direxion,https://www.direxion.com/holdings/NVDU.csv,,,,,
2026-10-05,NVDU,NVDA,NVIDIA CORP,67066G104,COMMON_STOCK,501825.0,233.95,117401958.75,21.0701356756,direxion,https://www.direxion.com/holdings/NVDU.csv,,,,,
2026-10-05,NVDU,,GOLDMAN FINL SQ TRSRY INST 506,X9USDGSFC,OTHER,117401475.05,1.0,117401475.05,21.0700488659,direxion,https://www.direxion.com/holdings/NVDU.csv,,,,,
2026-10-05,NVDU,,NVDA SWAP ASSET LEG,NVDABCL,SWAP,406618.0,233.95,95128281.1,17.0726775831,direxion,https://www.direxion.com/holdings/NVDU.csv,,,,,
2026-10-05,NVDU,,DREYFUS TRSRY SECURITIES CASH MGMT,X9USDDTP3,CASH,76789172.68,1.0,76789172.68,13.7813568361,direxion,https://www.direxion.com/holdings/NVDU.csv,,,,,
2026-10-05,NVDU,,GOLDMAN SACHS FIN GOV 465 INSTITUT,X9USDGLDS,OTHER,28237503.31,1.0,28237503.31,5.0677861955,direxion,https://www.direxion.com/holdings/NVDU.csv,,,,,
2026-10-05,NVDU,,NVDA SWAP ASSET LEG,NVDAMLL,SWAP,27062.0,233.95,6331154.9,1.1362527009,direxion,https://www.direxion.com/holdings/NVDU.csv,,,,,
2026-10-02,NVDX,,RECV NVDX TRS NVDA EQ,,SWAP,1132039.0,,264840524.05,70.41,rex_shares,https://www.rexshares.com/NVDX/,,,,,
2026-10-02,NVDX,,CASH AND CASH EQUIVALENTS,,CASH,255786715.0,,255786715.11,68.01,rex_shares,https://www.rexshares.com/NVDX/,,,,,
2026-10-02,NVDX,,RECV NVDX TRS NVDA EQ,,SWAP,939112.0,,219705252.4,58.41,rex_shares,https://www.rexshares.com/NVDX/,,,,,
2026-10-02,NVDX,,RECV NVDX TRS NVDA EQ,,SWAP,879427.0,,205741946.65,54.7,rex_shares,https://www.rexshares.com/NVDX/,,,,,
2026-10-02,NVDX,,RECV NVDX TRS NVDA EQ,,SWAP,745815.0,,174483419.25,46.39,rex_shares,https://www.rexshares.com/NVDX/,,,,,
2026-10-02,NVDX,,RECV NVDX TRS NVDA EQ,,SWAP,475414.0,,111223105.3,29.57,rex_shares,https://www.rexshares.com/NVDX/,,,,,
2026-10-02,NVDX,,PAYB NVDX TRS NVDA EQ,,SWAP,-98105468.0,,-98105467.66,-26.08,rex_shares,https://www.rexshares.com/NVDX/,,,,,
2026-10-02,NVDX,,PAYB NVDX TRS NVDA EQ,,SWAP,-158383110.0,,-158383109.57,-42.11,rex_shares,https://www.rexshares.com/NVDX/,,,,,
2026-10-02,NVDX,,PAYB NVDX TRS NVDA EQ,,SWAP,-197189873.0,,-197189873.41,-52.43,rex_shares,https://www.rexshares.com/NVDX/,,,,,
2026-10-02,NVDX,,PAYB NVDX TRS NVDA EQ,,SWAP,-200719639.0,,-200719638.54,-53.37,rex_shares,https://www.rexshares.com/NVDX/,,,,,
2026-05-01,NVDY,912797RF6,United States Treasury Bill 07/09/2026,912797RF6,TREASURY,402865000.0,99.309521,400083301.78,28.84,yieldmax,https://yieldmaxetfs.com/?fund_csv_ticker=NVDY,,,,,
2026-05-01,NVDY,912797TR8,United States Treasury Bill 05/12/2026,912797TR8,TREASURY,302468000.0,99.890894,302137989.26,21.78,yieldmax,https://yieldmaxetfs.com/?fund_csv_ticker=NVDY,,,,,
2026-05-01,NVDY,912797RS8,United States Treasury Bill 09/03/2026,912797RS8,TREASURY,216673000.0,98.758681,213983396.88,15.42,yieldmax,https://yieldmaxetfs.com/?fund_csv_ticker=NVDY,,,,,
2026-05-01,NVDY,912797RG4,United States Treasury Bill 08/06/2026,912797RG4,TREASURY,210747000.0,99.035389,208714111.26,15.04,yieldmax,https://yieldmaxetfs.com/?fund_csv_ticker=NVDY,,,,,
2026-05-01,NVDY,912797QX8,United States Treasury Bill 06/11/2026,912797QX8,TREASURY,200064000.0,99.590569,199244875.96,14.36,yieldmax,https://yieldmaxetfs.com/?fund_csv_ticker=NVDY,,,,,
2026-05-01,NVDY,FGXXX,First American Government Obligations Fund 12/01/2031,31846V336,COMMON_STOCK,37643283.0,100.0,37643283.05,2.71,yieldmax,https://yieldmaxetfs.com/?fund_csv_ticker=NVDY,,,,,
2026-05-01,NVDY,NVDA  260515C00200000,NVDA US 05/15/26 C200,NVDA  260515C00200000,OPTION_CALL,43810.0,6.175,27052675.0,1.95,yieldmax,https://yieldmaxetfs.com/?fund_csv_ticker=NVDY,,,,,
2026-05-01,NVDY,NVDA  260515C00195000,NVDA US 05/15/26 C195,NVDA  260515C00195000,OPTION_CALL,25840.0,9.05,23385200.0,1.69,yieldmax,https://yieldmaxetfs.com/?fund_csv_ticker=NVDY,,,,,
2026-05-01,NVDY,Cash&Other,Cash & Other,Cash&Other,CASH,20286858.0,1.0,20286857.56,1.46,yieldmax,https://yieldmaxetfs.com/?fund_csv_ticker=NVDY,,,,,
2026-05-01,NVDY,NVDA  260508C00212500,NVIDIA C CLL OPT 05/26 212.500,NVDA  260508C00212500,OPTION_CALL,36640.0,0.91,3334240.0,0.24,yieldmax,https://yieldmaxetfs.com/?fund_csv_ticker=NVDY,,,,,
2026-05-01,NVDY,NVDA  260508C00210000,NVIDIA C CLL OPT 05/26 210,NVDA  260508C00210000,OPTION_CALL,10000.0,1.27,1270000.0,0.09,yieldmax,https://yieldmaxetfs.com/?fund_csv_ticker=NVDY,,,,,
2026-05-01,NVDY,NVDA  260501C00210000,NVDA US 05/01/26 C210,NVDA  260501C00210000,OPTION_CALL,5000.0,0.14,70000.0,0.01,yieldmax,https://yieldmaxetfs.com/?fund_csv_ticker=NVDY,,,,,
2026-05-01,NVDY,NVDA  260501C00212500,NVDA US 05/01/26 C212.5,NVDA  260501C00212500,OPTION_CALL,-5700.0,0.105,-59850.0,0.0,yieldmax,https://yieldmaxetfs.com/?fund_csv_ticker=NVDY,,,,,
2026-05-01,NVDY,NVDA  260501C00217500,NVDA US 05/01/26 C217.5,NVDA  260501C00217500,OPTION_CALL,5700.0,0.065,37050.0,0.0,yieldmax,https://yieldmaxetfs.com/?fund_csv_ticker=NVDY,,,,,
2026-05-01,NVDY,NVDA  260501C00205000,NVDA US 05/01/26 C205,NVDA  260501C00205000,OPTION_CALL,-5000.0,0.385,-192500.0,-0.01,yieldmax,https://yieldmaxetfs.com/?fund_csv_ticker=NVDY,,,,,
2026-05-01,NVDY,2NVDA 260515P00195010,NVDA 05/15/2026 195.01 P,2NVDA 260515P00195010,OPTION_PUT,-25840.0,4.1042,-10605252.8,-0.76,yieldmax,https://yieldmaxetfs.com/?fund_csv_ticker=NVDY,,,,,
2026-05-01,NVDY,NVDA  260508C00205000,NVIDIA C CLL OPT 05/26 205,NVDA  260508C00205000,OPTION_CALL,-46640.0,2.465,-11496760.0,-0.83,yieldmax,https://yieldmaxetfs.com/?fund_csv_ticker=NVDY,,,,,
2026-05-01,NVDY,2NVDA 260515P00200010,NVDA 05/15/2026 200.01 P,2NVDA 260515P00200010,OPTION_PUT,-43810.0,6.2182,-27241934.2,-1.96,yieldmax,https://yieldmaxetfs.com/?fund_csv_ticker=NVDY,,,,,
2026-10-05,NVOX,912797UZ8,United States Treasury Bill 11/19/2026,912797UZ8,TREASURY,23000000.0,,,60.01,defiance,https://www.defianceetfs.com/nvox-full-holdings/,,,,,
2026-10-05,NVOX,670100205-TRS-11/01/30-L-NVOX,Novo-nordisk Swap Ms,670100205-TRS-11/01/30-L-NVOX,SWAP,462500.0,,,45.26,defiance,https://www.defianceetfs.com/nvox-full-holdings/,,,,,
2026-10-05,NVOX,670100205-TRS-09/26/33-L-NVOX,Novo-nordisk Swap Marex,670100205-TRS-09/26/33-L-NVOX,SWAP,302926.0,,,29.64,defiance,https://www.defianceetfs.com/nvox-full-holdings/,,,,,
2026-10-05,NVOX,670100205-TRS-01/09/29-L,Novo-nordisk Swap Clearstreet,670100205-TRS-01/09/29-L,SWAP,299280.0,,,29.28,defiance,https://www.defianceetfs.com/nvox-full-holdings/,,,,,
2026-10-05,NVOX,670100205-TRS-09/08/28-L-NVOX,Novo-nordisk Inc Swap Cantor,670100205-TRS-09/08/28-L-NVOX,SWAP,295395.0,,,28.9,defiance,https://www.defianceetfs.com/nvox-full-holdings/,,,,,
2026-10-05,NVOX,670100205-TRS-03/31/33-L-NVOX,Novo-nordisk A/s-spons Adr Nomura,670100205-TRS-03/31/33-L-NVOX,SWAP,272054.0,,,26.62,defiance,https://www.defianceetfs.com/nvox-full-holdings/,,,,,
2026-10-05,NVOX,670100205-TRS-01/31/33-L-NVOX,Novo-nordisk Swap Nbc-l,670100205-TRS-01/31/33-L-NVOX,SWAP,259326.0,,,25.38,defiance,https://www.defianceetfs.com/nvox-full-holdings/,,,,,
2026-10-05,NVOX,670100205-TRS-12/31/26-L-NVOX,Novo-nordisk Swap Bmo-l,670100205-TRS-12/31/26-L-NVOX,SWAP,151500.0,,,14.82,defiance,https://www.defianceetfs.com/nvox-full-holdings/,,,,,
2026-10-05,NVOX,FGXXX,First American Government Obligations Fund 12/01/2031,31846V336,COMMON_STOCK,3624011.0,,,9.5,defiance,https://www.defianceetfs.com/nvox-full-holdings/,,,,,
2026-10-05,NVOX,Cash&Other,Cash & Other,Cash&Other,CASH,-64636956.0,,,-169.47,defiance,https://www.defianceetfs.com/nvox-full-holdings/,,,,,
2026-04-21,NVTX,AXSBMGMH68MAR,CFD NAVITAS SEMICONDUCTOR CORP,,SWAP,4610596.0,15.33,70680436.68,200.0,tradr_axs,https://axsetf.filepoint.live/assets/data/BBH_AXS_ETF_PVAL_WEB.20260421.csv,,,,,
2026-04-21,NVTX,USD,CASHUSD,CASHUSD,CASH,12102123.57,,12102123.57,34.24,tradr_axs,https://axsetf.filepoint.live/assets/data/BBH_AXS_ETF_PVAL_WEB.20260421.csv,,,,,
2026-04-21,NVTX,,NET OTHER ASSETS,,OTHER,-8000721.98,,-8000721.98,-22.64,tradr_axs,https://axsetf.filepoint.live/assets/data/BBH_AXS_ETF_PVAL_WEB.20260421.csv,,,,,
2026-04-21,NVTX,AXSBMGMH68MAR,CFD NAVITAS SEMICONDUCTOR CORP,,SWAP,-39441616.49,100.0,-39441616.49,-111.61,tradr_axs,https://axsetf.filepoint.live/assets/data/BBH_AXS_ETF_PVAL_WEB.20260421.csv,,,,,
2026-10-05,NVYY,,US Dollars,,CASH,10443653.708049668,1.0,10443653.708049668,40.058195817814386,granite_shares,https://graniteshares.com/media/cojn0cac/nvyy_holdings_file_20261002.xls,,,,,
2026-10-05,NVYY,912797UL9,US TBill 10/22/2026,912797UL9,TREASURY,9000000.0,0.9981996500000002,8983796.850000001,34.45869649310404,granite_shares,https://graniteshares.com/media/cojn0cac/nvyy_holdings_file_20261002.xls,,,,,
2026-10-05,NVYY,912797VV6,US TBill 02/04/2027,912797VV6,TREASURY,6800000.0,0.98630211,6706854.348,25.725142972393368,granite_shares,https://graniteshares.com/media/cojn0cac/nvyy_holdings_file_20261002.xls,,,,,
2026-10-05,NVYY,NVDL261009P00034650,2NVDL 10/09/2026 P34.65,2NVDL 10/09/2026 P34.65,OPTION_PUT,1760.0,0.15,26400.0,0.10126114855523993,granite_shares,https://graniteshares.com/media/cojn0cac/nvyy_holdings_file_20261002.xls,2NVDL,2026-10-09,34.65,P,long
2026-10-05,NVYY,NVDL261007P00033040,2NVDL 10/07/2026 P33.04,2NVDL 10/07/2026 P33.04,OPTION_PUT,3290.0,0.012635,4156.915,0.01594446921767065,granite_shares,https://graniteshares.com/media/cojn0cac/nvyy_holdings_file_20261002.xls,2NVDL,2026-10-07,33.04,P,long
2026-10-05,NVYY,NVDL261005P00033210,2NVDL 10/05/2026 P33.21,2NVDL 10/05/2026 P33.21,OPTION_PUT,2320.0,0.001701,394.632,0.0015136700597216455,granite_shares,https://graniteshares.com/media/cojn0cac/nvyy_holdings_file_20261002.xls,2NVDL,2026-10-05,33.21,P,long
2026-10-05,NVYY,NVDL261005P00035060,2NVDL 10/05/2026 P35.06,2NVDL 10/05/2026 P35.06,OPTION_PUT,-2320.0,0.021961999999999995,-5095.183999999999,-0.01954334030076824,granite_shares,https://graniteshares.com/media/cojn0cac/nvyy_holdings_file_20261002.xls,2NVDL,2026-10-05,35.06,P,short
2026-10-05,NVYY,NVDL261007P00034870,2NVDL 10/07/2026 P34.87,2NVDL 10/07/2026 P34.87,OPTION_PUT,-3290.0,0.067106,-22077.874,-0.0846829878370405,granite_shares,https://graniteshares.com/media/cojn0cac/nvyy_holdings_file_20261002.xls,2NVDL,2026-10-07,34.87,P,short
2026-10-05,NVYY,NVDL261009P00036580,2NVDL 10/09/2026 P36.58,2NVDL 10/09/2026 P36.58,OPTION_PUT,-1760.0,0.38,-66880.0,-0.2565282430066078,granite_shares,https://graniteshares.com/media/cojn0cac/nvyy_holdings_file_20261002.xls,2NVDL,2026-10-09,36.58,P,short
2026-10-05,OKLL,912797UZ8,United States Treasury Bill 11/19/2026,912797UZ8,TREASURY,72500000.0,,,67.96,defiance,https://www.defianceetfs.com/okll-full-holdings/,,,,,
2026-10-05,OKLL,02156V109-TRS-03/17/33-L-OKLL,Oklo Inc Swap Jnst-l,02156V109-TRS-03/17/33-L-OKLL,SWAP,927973.0,,,31.36,defiance,https://www.defianceetfs.com/okll-full-holdings/,,,,,
2026-10-05,OKLL,02156V109-TRS-03/31/33-L-OKLL,Oklo Inc Swap Nomura,02156V109-TRS-03/31/33-L-OKLL,SWAP,878762.0,,,29.69,defiance,https://www.defianceetfs.com/okll-full-holdings/,,,,,
2026-10-05,OKLL,02156V109-TRS-09/18/28-L-OKLL,Oklko Inc Swap Marex,02156V109-TRS-09/18/28-L-OKLL,SWAP,838433.0,,,28.33,defiance,https://www.defianceetfs.com/okll-full-holdings/,,,,,
2026-10-05,OKLL,02156V109-TRS-01/25/28-L-OKLL,Oklo Inc Swap Cs-l,02156V109-TRS-01/25/28-L-OKLL,SWAP,822902.0,,,27.81,defiance,https://www.defianceetfs.com/okll-full-holdings/,,,,,
2026-10-05,OKLL,02156V109-TRS-01/31/33-L-OKLL,Oklo Inc Swap Nbc-l,02156V109-TRS-01/31/33-L-OKLL,SWAP,803653.0,,,27.15,defiance,https://www.defianceetfs.com/okll-full-holdings/,,,,,
2026-10-05,OKLL,02156V109-TRS-10/18/27-L-OKLL,Oklo Inc Swap Cantor,02156V109-TRS-10/18/27-L-OKLL,SWAP,781681.0,,,26.41,defiance,https://www.defianceetfs.com/okll-full-holdings/,,,,,
2026-10-05,OKLL,02156V109-TRS-07/16/31-L-OKLL,Oklo Inc.-swap-mscs-l,02156V109-TRS-07/16/31-L-OKLL,SWAP,491950.0,,,16.62,defiance,https://www.defianceetfs.com/okll-full-holdings/,,,,,
2026-10-05,OKLL,02156V109-TRS-11/30/26-L-OKLL,Oklo Inc Swap Bmo,02156V109-TRS-11/30/26-L-OKLL,SWAP,370800.0,,,12.53,defiance,https://www.defianceetfs.com/okll-full-holdings/,,,,,
2026-10-05,OKLL,FGXXX,First American Government Obligations Fund 12/01/2031,31846V336,COMMON_STOCK,5725495.0,,,5.39,defiance,https://www.defianceetfs.com/okll-full-holdings/,,,,,
2026-10-05,OKLL,Cash&Other,Cash & Other,Cash&Other,CASH,-184031146.0,,,-173.36,defiance,https://www.defianceetfs.com/okll-full-holdings/,,,,,
2026-08-27,OKLS,Cash&Other,Cash & Other,Cash&Other,CASH,4175844.0,,,97.4,defiance,https://www.defianceetfs.com/okls-full-holdings/,,,,,
2026-08-27,OKLS,FGXXX,First American Government Obligations Fund 12/01/2031,31846V336,COMMON_STOCK,103661.0,,,2.42,defiance,https://www.defianceetfs.com/okls-full-holdings/,,,,,
2026-10-05,ONDL,912797UZ8,United States Treasury Bill 11/19/2026,912797UZ8,TREASURY,13300000.0,,,48.76,defiance,https://www.defianceetfs.com/ondl-full-holdings/,,,,,
2026-10-05,ONDL,68236H204-TRS-05/31/33-L-ONDL,Ondas Inc.-swap-jnst-l,68236H204-TRS-05/31/33-L-ONDL,SWAP,1235267.0,,,32.95,defiance,https://www.defianceetfs.com/ondl-full-holdings/,,,,,
2026-10-05,ONDL,68236H204-TRS-12/30/28-L-ONDL,Ondas Hldgs Inc Swap Marex-l,68236H204-TRS-12/30/28-L-ONDL,SWAP,1147857.0,,,30.62,defiance,https://www.defianceetfs.com/ondl-full-holdings/,,,,,
2026-10-05,ONDL,68236H204-TRS-03/31/33-L-ONDL,Ondas Inc.-swap-nmra-l,68236H204-TRS-03/31/33-L-ONDL,SWAP,1113675.0,,,29.71,defiance,https://www.defianceetfs.com/ondl-full-holdings/,,,,,
2026-10-05,ONDL,68236H204-TRS-02/08/28-L-ONDL,Ondas Holdings Inc Swap Cs-l,68236H204-TRS-02/08/28-L-ONDL,SWAP,1039951.0,,,27.74,defiance,https://www.defianceetfs.com/ondl-full-holdings/,,,,,
2026-10-05,ONDL,68236H204-TRS-01/31/33-L-ONDL,Ondas Inc Swap Nbc-l,68236H204-TRS-01/31/33-L-ONDL,SWAP,1014383.0,,,27.06,defiance,https://www.defianceetfs.com/ondl-full-holdings/,,,,,
2026-10-05,ONDL,68236H204-TRS-04/14/31-L-ONDL,Ondas Inc.-swap-mscs-l,68236H204-TRS-04/14/31-L-ONDL,SWAP,981000.0,,,26.17,defiance,https://www.defianceetfs.com/ondl-full-holdings/,,,,,
2026-10-05,ONDL,68236H204-TRS-09/08/28-L-ONDL,Ondas Hldgs Inc Swap Cantor-l,68236H204-TRS-09/08/28-L-ONDL,SWAP,962801.0,,,25.68,defiance,https://www.defianceetfs.com/ondl-full-holdings/,,,,,
2026-10-05,ONDL,FGXXX,First American Government Obligations Fund 12/01/2031,31846V336,COMMON_STOCK,809600.0,,,2.98,defiance,https://www.defianceetfs.com/ondl-full-holdings/,,,,,
2026-10-05,ONDL,Cash&Other,Cash & Other,Cash&Other,CASH,-41199599.0,,,-151.79,defiance,https://www.defianceetfs.com/ondl-full-holdings/,,,,,
2026-04-21,OPEX,AXSBL96T19MAR,CFD OPENDOOR TECHNOLOGIES INC,,SWAP,5329542.0,5.45,29046003.9,200.0,tradr_axs,https://axsetf.filepoint.live/assets/data/BBH_AXS_ETF_PVAL_WEB.20260421.csv,,,,,
2026-04-21,OPEX,USD,CASHUSD,CASHUSD,CASH,9540808.45,,9540808.45,65.69,tradr_axs,https://axsetf.filepoint.live/assets/data/BBH_AXS_ETF_PVAL_WEB.20260421.csv,,,,,
2026-04-21,OPEX,AXSBL96T19CLS,CFD OPENDOOR TECHNOLOGIES INC,,SWAP,53.0,5.45,288.85,0.0,tradr_axs,https://axsetf.filepoint.live/assets/data/BBH_AXS_ETF_PVAL_WEB.20260421.csv,,,,,
2026-04-21,OPEX,AXSBL96T19CLS,CFD OPENDOOR TECHNOLOGIES INC,,SWAP,-361.73,100.0,-361.73,-0.0,tradr_axs,https://axsetf.filepoint.live/assets/data/BBH_AXS_ETF_PVAL_WEB.20260421.csv,,,,,
2026-04-21,OPEX,,NET OTHER ASSETS,,OTHER,-80655.76,,-80655.76,-0.56,tradr_axs,https://axsetf.filepoint.live/assets/data/BBH_AXS_ETF_PVAL_WEB.20260421.csv,,,,,
2026-04-21,OPEX,AXSBL96T19MAR,CFD OPENDOOR TECHNOLOGIES INC,,SWAP,-23982934.61,100.0,-23982934.61,-165.14,tradr_axs,https://axsetf.filepoint.live/assets/data/BBH_AXS_ETF_PVAL_WEB.20260421.csv,,,,,
2026-10-05,ORCX,912797UZ8,United States Treasury Bill 11/19/2026,912797UZ8,TREASURY,165000000.0,,,67.52,defiance,https://www.defianceetfs.com/orcx-full-holdings/,,,,,
2026-10-05,ORCX,68389X105-TRS-01/23/29-L-ORCX,Oracle Corp Swap Ms-l,68389X105-TRS-01/23/29-L-ORCX,SWAP,645000.0,,,37.75,defiance,https://www.defianceetfs.com/orcx-full-holdings/,,,,,
2026-10-05,ORCX,68389X105-TRS-09/08/28-L-ORCX,Oracle Corp Swap Cf-l,68389X105-TRS-09/08/28-L-ORCX,SWAP,543976.0,,,31.83,defiance,https://www.defianceetfs.com/orcx-full-holdings/,,,,,
2026-10-05,ORCX,68389X105-TRS-01/04/28-L-ORCX,Oracle Corp Swap Cs,68389X105-TRS-01/04/28-L-ORCX,SWAP,535954.0,,,31.36,defiance,https://www.defianceetfs.com/orcx-full-holdings/,,,,,
2026-10-05,ORCX,68389X105-TRS-03/31/33-L-ORCX,Orcl  Nomura,68389X105-TRS-03/31/33-L-ORCX,SWAP,523643.0,,,30.64,defiance,https://www.defianceetfs.com/orcx-full-holdings/,,,,,
2026-10-05,ORCX,68389X105-TRS-02/05/29-L-ORCX,Oracle Corp Swap Marex-l,68389X105-TRS-02/05/29-L-ORCX,SWAP,520011.0,,,30.43,defiance,https://www.defianceetfs.com/orcx-full-holdings/,,,,,
2026-10-05,ORCX,68389X105-TRS-01/31/33-L-ORCX,Oracle Corp Swap Nbc-l,68389X105-TRS-01/31/33-L-ORCX,SWAP,441441.0,,,25.83,defiance,https://www.defianceetfs.com/orcx-full-holdings/,,,,,
2026-10-05,ORCX,68389X105-TRS-08/31/27-L-ORCX,Oracle Corp Swap Bmo,68389X105-TRS-08/31/27-L-ORCX,SWAP,205686.0,,,12.04,defiance,https://www.defianceetfs.com/orcx-full-holdings/,,,,,
2026-10-05,ORCX,FGXXX,First American Government Obligations Fund 12/01/2031,31846V336,COMMON_STOCK,25906096.0,,,10.65,defiance,https://www.defianceetfs.com/orcx-full-holdings/,,,,,
2026-10-05,ORCX,Cash&Other,Cash & Other,Cash&Other,CASH,-433091051.0,,,-178.11,defiance,https://www.defianceetfs.com/orcx-full-holdings/,,,,,
2026-10-05,OSCX,687793109-TRS-01/31/33-L-OSCX,"Oscar Health, Inc.-swap-nbcb-l",687793109-TRS-01/31/33-L-OSCX,SWAP,103491.0,,,37.46,defiance,https://www.defianceetfs.com/oscx-full-holdings/,,,,,
2026-10-05,OSCX,687793109-TRS-03/31/33-L-OSCX,Oscar Health Inc Swap Nomura,687793109-TRS-03/31/33-L-OSCX,SWAP,102216.0,,,37.0,defiance,https://www.defianceetfs.com/oscx-full-holdings/,,,,,
2026-10-05,OSCX,687793109-TRS-03/17/33-L-OSCX,Oscar Health Inc Swap Jnst-l,687793109-TRS-03/17/33-L-OSCX,SWAP,94747.0,,,34.3,defiance,https://www.defianceetfs.com/oscx-full-holdings/,,,,,
2026-10-05,OSCX,687793109-TRS-09/30/28-L-OSCX,Oscar Health Inc Swap Marex,687793109-TRS-09/30/28-L-OSCX,SWAP,92686.0,,,33.55,defiance,https://www.defianceetfs.com/oscx-full-holdings/,,,,,
2026-10-05,OSCX,687793109-TRS-11/09/27-L-OSCX,Oscar Health Inc Swap Clearstreet,687793109-TRS-11/09/27-L-OSCX,SWAP,90089.0,,,32.61,defiance,https://www.defianceetfs.com/oscx-full-holdings/,,,,,
2026-10-05,OSCX,687793109-TRS-09/08/28-L-OSCX,Oscar Health Inc Swap Cantor,687793109-TRS-09/08/28-L-OSCX,SWAP,68965.0,,,24.96,defiance,https://www.defianceetfs.com/oscx-full-holdings/,,,,,
2026-10-05,OSCX,912797UZ8,United States Treasury Bill 11/19/2026,912797UZ8,TREASURY,1500000.0,,,17.46,defiance,https://www.defianceetfs.com/oscx-full-holdings/,,,,,
2026-10-05,OSCX,FGXXX,First American Government Obligations Fund 12/01/2031,31846V336,COMMON_STOCK,814267.0,,,9.53,defiance,https://www.defianceetfs.com/oscx-full-holdings/,,,,,
2026-10-05,OSCX,Cash&Other,Cash & Other,Cash&Other,CASH,-10850622.0,,,-126.95,defiance,https://www.defianceetfs.com/oscx-full-holdings/,,,,,
2026-10-05,OSSL,68247W109-TRS-07/18/28-L-OSSL,"One Stop Systems, Inc.-swap-clst-l",68247W109-TRS-07/18/28-L-OSSL,SWAP,10506.0,,,89.45,defiance,https://www.defianceetfs.com/ossl-full-holdings/,,,,,
2026-10-05,OSSL,68247W109-TRS-01/31/33-L-OSSL,"One Stop Systems, Inc.-swap-nbcb-l",68247W109-TRS-01/31/33-L-OSSL,SWAP,5575.0,,,47.47,defiance,https://www.defianceetfs.com/ossl-full-holdings/,,,,,
2026-10-05,OSSL,68247W109-TRS-05/27/33-L-OSSL,"One Stop Systems, Inc.-swap-mrex-l",68247W109-TRS-05/27/33-L-OSSL,SWAP,4845.0,,,41.25,defiance,https://www.defianceetfs.com/ossl-full-holdings/,,,,,
2026-10-05,OSSL,68247W109-TRS-12/01/28-L-OSSL,"One Stop Systems, Inc.-swap-cant-l",68247W109-TRS-12/01/28-L-OSSL,SWAP,2558.0,,,21.78,defiance,https://www.defianceetfs.com/ossl-full-holdings/,,,,,
2026-10-05,OSSL,FGXXX,First American Government Obligations Fund 12/01/2031,31846V336,COMMON_STOCK,21029.0,,,20.67,defiance,https://www.defianceetfs.com/ossl-full-holdings/,,,,,
2026-10-05,OSSL,Cash&Other,Cash & Other,Cash&Other,CASH,-122812.0,,,-120.74,defiance,https://www.defianceetfs.com/ossl-full-holdings/,,,,,
2026-10-05,OUSL,68989M202-TRS-07/13/33-L-OUSL,"Ouster, Inc.-swap-jnst-l",68989M202-TRS-07/13/33-L-OUSL,SWAP,36840.0,,,51.69,defiance,https://www.defianceetfs.com/ousl-full-holdings/,,,,,
2026-10-05,OUSL,68989M202-TRS-08/22/28-L-OUSL,"Ouster, Inc.-swap-clst-l",68989M202-TRS-08/22/28-L-OUSL,SWAP,36423.0,,,51.11,defiance,https://www.defianceetfs.com/ousl-full-holdings/,,,,,
2026-10-05,OUSL,68989M202-TRS-07/14/33-L-OUSL,"Ouster, Inc.-swap-mrex-l",68989M202-TRS-07/14/33-L-OUSL,SWAP,32191.0,,,45.17,defiance,https://www.defianceetfs.com/ousl-full-holdings/,,,,,
2026-10-05,OUSL,68989M202-TRS-12/01/27-L-OUSL,"Ouster, Inc.-swap-cant-l",68989M202-TRS-12/01/27-L-OUSL,SWAP,27289.0,,,38.29,defiance,https://www.defianceetfs.com/ousl-full-holdings/,,,,,
2026-10-05,OUSL,68989M202-TRS-03/31/33-L-OUSL,"Ouster, Inc.-swap-nmra-l",68989M202-TRS-03/31/33-L-OUSL,SWAP,6122.0,,,8.59,defiance,https://www.defianceetfs.com/ousl-full-holdings/,,,,,
2026-10-05,OUSL,68989M202-TRS-02/01/33-L-OUSL,"Ouster, Inc.-swap-nbcb-l",68989M202-TRS-02/01/33-L-OUSL,SWAP,3626.0,,,5.09,defiance,https://www.defianceetfs.com/ousl-full-holdings/,,,,,
2026-10-05,OUSL,FGXXX,First American Government Obligations Fund 12/01/2031,31846V336,COMMON_STOCK,84328.0,,,2.67,defiance,https://www.defianceetfs.com/ousl-full-holdings/,,,,,
2026-10-05,OUSL,Cash&Other,Cash & Other,Cash&Other,CASH,-3247902.0,,,-102.66,defiance,https://www.defianceetfs.com/ousl-full-holdings/,,,,,
2026-07-07,PAAU,697900108-TRS-03/15/28-L,PAN AMERICAN SILVER CORP SWAP CLEAR STREET,,SWAP,40748.0,,1799431.68,200.0,rex_shares,https://www.rexshares.com/PAAU/,,,,,
2026-07-07,PAAU,FGXXX,FIRST AMERICAN GOVERNMENT OBLI FIRST AM GOV OBLIG X,31846V336,COMMON_STOCK,70659.0,,70659.18,7.85,rex_shares,https://www.rexshares.com/PAAU/,,,,,
2026-07-07,PAAU,Cash&Other,Cash & Other,,CASH,-970783.0,,-970782.56,-107.9,rex_shares,https://www.rexshares.com/PAAU/,,,,,
2026-10-05,PDDL,,US Dollars,,CASH,5811010.115558,1.0,5811010.115558,100.0,granite_shares,https://graniteshares.com/media/203ivwba/pddl_holdings_file_20261004.xls,,,,,
2026-10-05,PDDL,PDD,PDD,PDD,OTHER,154084.0,75.38,11614851.92,1.998766,granite_shares,https://graniteshares.com/media/203ivwba/pddl_holdings_file_20261004.xls,,,,,
2026-10-05,PLA,,US Dollars,,CASH,5868692.772697376,1.0,,,granite_shares,https://graniteshares.com/media/e5mfj1m3/pla_holdings_file_20261002.xls,,,,,
2026-10-05,PLA,,Nomura1 PLA,119240633,OTHER,1150000.0,,,,granite_shares,https://graniteshares.com/media/e5mfj1m3/pla_holdings_file_20261002.xls,,,,,
2026-10-05,PLA,,Nomura2 PLA,119240634,OTHER,1150000.0,,,,granite_shares,https://graniteshares.com/media/e5mfj1m3/pla_holdings_file_20261002.xls,,,,,
2026-10-05,PLA,,Nomura3 PLA,119240635,OTHER,1150000.0,,,,granite_shares,https://graniteshares.com/media/e5mfj1m3/pla_holdings_file_20261002.xls,,,,,
2026-10-05,PLA,,Nomura4 PLA,119240636,OTHER,1150000.0,,,,granite_shares,https://graniteshares.com/media/e5mfj1m3/pla_holdings_file_20261002.xls,,,,,
2026-10-05,PLA,,Nomura5 PLA,119240637,OTHER,1150000.0,,,,granite_shares,https://graniteshares.com/media/e5mfj1m3/pla_holdings_file_20261002.xls,,,,,
2026-10-05,PLTU,,PLTR SWAP ASSET LEG,PLTRMLL,SWAP,2677138.0,188.75,505309797.5,114.5360739471,direxion,https://www.direxion.com/holdings/PLTU.csv,,,,,
2026-10-05,PLTU,,PLTR SWAP ASSET LEG,PLTRBCL,SWAP,1148822.0,188.75,216840152.5,49.1500854809,direxion,https://www.direxion.com/holdings/PLTU.csv,,,,,
2026-10-05,PLTU,,GOLDMAN FINL SQ TRSRY INST 506,X9USDGSFC,OTHER,184162009.48,1.0,184162009.48,41.7430923374,direxion,https://www.direxion.com/holdings/PLTU.csv,,,,,
2026-10-05,PLTU,PLTR,PALANTIR TECHNOLOGIES INC-A,69608A108,COMMON_STOCK,465952.0,188.75,87948440.0,19.9348381472,direxion,https://www.direxion.com/holdings/PLTU.csv,,,,,
2026-10-05,PLTU,,DREYFUS GOVT CASH MAN INS,X9USDDGCM,MONEY_MARKET,83434198.68,1.0,83434198.68,18.9116173821,direxion,https://www.direxion.com/holdings/PLTU.csv,,,,,
2026-10-05,PLTU,,GOLDMAN SACHS FIN GOV 465 INSTITUT,X9USDGLDS,OTHER,65686185.65,1.0,65686185.65,14.8887630007,direxion,https://www.direxion.com/holdings/PLTU.csv,,,,,
2026-10-05,PLTU,,PLTR SWAP ASSET LEG,PLTRGSL,SWAP,282769.0,188.75,53372648.75,12.09771446,direxion,https://www.direxion.com/holdings/PLTU.csv,,,,,
2026-10-05,PLTU,,DREYFUS TRSRY SECURITIES CASH MGMT,X9USDDTP3,CASH,25740803.32,1.0,25740803.32,5.8345406464,direxion,https://www.direxion.com/holdings/PLTU.csv,,,,,
2026-10-05,PLTU,,PLTR SWAP ASSET LEG,PLTRBPL,SWAP,50000.0,188.75,9437500.0,2.1391514735,direxion,https://www.direxion.com/holdings/PLTU.csv,,,,,
2026-10-05,PLTU,,PLTR SWAP ASSET LEG,PLTRCTL,SWAP,50000.0,188.75,9437500.0,2.1391514735,direxion,https://www.direxion.com/holdings/PLTU.csv,,,,,
2026-05-01,PLTY,912797RG4,United States Treasury Bill 08/06/2026,912797RG4,TREASURY,130884000.0,99.035389,129621478.54,37.17,yieldmax,https://yieldmaxetfs.com/?fund_csv_ticker=PLTY,,,,,
2026-05-01,PLTY,912797RF6,United States Treasury Bill 07/09/2026,912797RF6,TREASURY,99457000.0,99.309521,98770270.3,28.32,yieldmax,https://yieldmaxetfs.com/?fund_csv_ticker=PLTY,,,,,
2026-05-01,PLTY,912797QX8,United States Treasury Bill 06/11/2026,912797QX8,TREASURY,62645000.0,99.590569,62388511.95,17.89,yieldmax,https://yieldmaxetfs.com/?fund_csv_ticker=PLTY,,,,,
2026-05-01,PLTY,912797RS8,United States Treasury Bill 09/03/2026,912797RS8,TREASURY,44859000.0,98.758681,44302156.71,12.7,yieldmax,https://yieldmaxetfs.com/?fund_csv_ticker=PLTY,,,,,
2026-05-01,PLTY,912797TR8,United States Treasury Bill 05/12/2026,912797TR8,TREASURY,19444000.0,99.890894,19422785.43,5.57,yieldmax,https://yieldmaxetfs.com/?fund_csv_ticker=PLTY,,,,,
2026-05-01,PLTY,FGXXX,First American Government Obligations Fund 12/01/2031,31846V336,COMMON_STOCK,15821776.0,100.0,15821775.56,4.54,yieldmax,https://yieldmaxetfs.com/?fund_csv_ticker=PLTY,,,,,
2026-05-01,PLTY,Cash&Other,Cash & Other,Cash&Other,CASH,8631366.0,1.0,8631366.02,2.47,yieldmax,https://yieldmaxetfs.com/?fund_csv_ticker=PLTY,,,,,
2026-05-01,PLTY,PLTR  260618C00150000,PLTR US 06/18/26 C150,PLTR  260618C00150000,OPTION_CALL,11680.0,7.375,8614000.0,2.47,yieldmax,https://yieldmaxetfs.com/?fund_csv_ticker=PLTY,,,,,
2026-05-01,PLTY,PLTR  260515C00150000,PLTR US 05/15/26 C150,PLTR  260515C00150000,OPTION_CALL,13376.0,3.975,5316960.0,1.52,yieldmax,https://yieldmaxetfs.com/?fund_csv_ticker=PLTY,,,,,
2026-05-01,PLTY,PLTR  260508C00149000,PLTR US 05/08/26 C149,PLTR  260508C00149000,OPTION_CALL,10901.0,3.35,3651835.0,1.05,yieldmax,https://yieldmaxetfs.com/?fund_csv_ticker=PLTY,,,,,
2026-05-01,PLTY,PLTR  260508C00152500,PALANTIR CLL OPT 05/26 152.500,PLTR  260508C00152500,OPTION_CALL,5755.0,2.49,1432995.0,0.41,yieldmax,https://yieldmaxetfs.com/?fund_csv_ticker=PLTY,,,,,
2026-05-01,PLTY,PLTR  260508C00148000,PLTR US 05/08/26 C148,PLTR  260508C00148000,OPTION_CALL,2400.0,3.625,870000.0,0.25,yieldmax,https://yieldmaxetfs.com/?fund_csv_ticker=PLTY,,,,,
2026-05-01,PLTY,PLTR  260501C00149000,PLTR US 05/01/26 C149,PLTR  260501C00149000,OPTION_CALL,1000.0,0.045,4500.0,0.0,yieldmax,https://yieldmaxetfs.com/?fund_csv_ticker=PLTY,,,,,
2026-05-01,PLTY,PLTR  260501C00143000,PLTR US 05/01/26 C143,PLTR  260501C00143000,OPTION_CALL,-1000.0,0.325,-32500.0,-0.01,yieldmax,https://yieldmaxetfs.com/?fund_csv_ticker=PLTY,,,,,
2026-05-01,PLTY,PLTR  260508C00146000,PLTR US 05/08/26 C146,PLTR  260508C00146000,OPTION_CALL,-1000.0,4.25,-425000.0,-0.12,yieldmax,https://yieldmaxetfs.com/?fund_csv_ticker=PLTY,,,,,
2026-05-01,PLTY,PLTR  260508C00145000,PALANTIR CLL OPT 05/26 145,PLTR  260508C00145000,OPTION_CALL,-4755.0,4.625,-2199187.5,-0.63,yieldmax,https://yieldmaxetfs.com/?fund_csv_ticker=PLTY,,,,,
2026-05-01,PLTY,PLTR  260508C00142000,PLTR US 05/08/26 C142,PLTR  260508C00142000,OPTION_CALL,-13301.0,5.75,-7648075.0,-2.19,yieldmax,https://yieldmaxetfs.com/?fund_csv_ticker=PLTY,,,,,
2026-05-01,PLTY,2PLTR 260515P00150010,PLTR 05/15/2026 150.01 P,2PLTR 260515P00150010,OPTION_PUT,-13376.0,14.6239,-19560928.64,-5.61,yieldmax,https://yieldmaxetfs.com/?fund_csv_ticker=PLTY,,,,,
2026-05-01,PLTY,2PLTR 260618P00150010,PLTR 06/18/2026 150.01 P,2PLTR 260618P00150010,OPTION_PUT,-11680.0,17.4289,-20356955.2,-5.84,yieldmax,https://yieldmaxetfs.com/?fund_csv_ticker=PLTY,,,,,
2026-10-05,PLTZ,Cash&Other,Cash & Other,Cash&Other,CASH,85533305.0,,,249.5,defiance,https://www.defianceetfs.com/pltz-full-holdings/,,,,,
2026-10-05,PLTZ,912797UZ8,United States Treasury Bill 11/19/2026,912797UZ8,TREASURY,17220000.0,,,49.99,defiance,https://www.defianceetfs.com/pltz-full-holdings/,,,,,
2026-10-05,PLTZ,FGXXX,First American Government Obligations Fund 12/01/2031,31846V336,COMMON_STOCK,125243.0,,,0.37,defiance,https://www.defianceetfs.com/pltz-full-holdings/,,,,,
2026-10-05,PLTZ,69608A108-TRS-02/29/28-S-PLTZ,Palantir Technologies Swap Bmob-s,69608A108-TRS-02/29/28-S-PLTZ,SWAP,-13800.0,,,-7.6,defiance,https://www.defianceetfs.com/pltz-full-holdings/,,,,,
2026-10-05,PLTZ,69608A108-TRS-10/18/27-S-PLTZ,Palantir Technologies Inc Swap Cantor-s,69608A108-TRS-10/18/27-S-PLTZ,SWAP,-84897.0,,,-46.74,defiance,https://www.defianceetfs.com/pltz-full-holdings/,,,,,
2026-10-05,PLTZ,69608A108-TRS-09/30/33-S-PLTZ,Palantir Technologies Inc Swap Marex - S,69608A108-TRS-09/30/33-S-PLTZ,SWAP,-85000.0,,,-46.8,defiance,https://www.defianceetfs.com/pltz-full-holdings/,,,,,
2026-10-05,PLTZ,69608A108-TRS-03/31/33-S-PLTZ,Palantir Technologies Swap Nomura-s,69608A108-TRS-03/31/33-S-PLTZ,SWAP,-86000.0,,,-47.35,defiance,https://www.defianceetfs.com/pltz-full-holdings/,,,,,
2026-10-05,PLTZ,69608A108-TRS-01/04/28-S-PLTZ,Palantir Technologies Swap Cs-s,69608A108-TRS-01/04/28-S-PLTZ,SWAP,-93289.0,,,-51.36,defiance,https://www.defianceetfs.com/pltz-full-holdings/,,,,,
2026-10-05,PLU,72703X106-TRS-09/08/28-L-PLU,Planet Labs Pbc Swap Cantor-l,72703X106-TRS-09/08/28-L-PLU,SWAP,183069.0,,,38.09,defiance,https://www.defianceetfs.com/plu-full-holdings/,,,,,
2026-10-05,PLU,72703X106-TRS-01/08/29-L-PLU,Planet Labs Pbc Swap Marex-l,72703X106-TRS-01/08/29-L-PLU,SWAP,163637.0,,,34.05,defiance,https://www.defianceetfs.com/plu-full-holdings/,,,,,
2026-10-05,PLU,72703X106-TRS-02/22/28-L-PLU,Planet Labs Pbc Swap Cs-l,72703X106-TRS-02/22/28-L-PLU,SWAP,155753.0,,,32.4,defiance,https://www.defianceetfs.com/plu-full-holdings/,,,,,
2026-10-05,PLU,72703X106-TRS-05/31/33-L-PLU,Planet Labs Pbc-swap-jnst-l,72703X106-TRS-05/31/33-L-PLU,SWAP,145200.0,,,30.21,defiance,https://www.defianceetfs.com/plu-full-holdings/,,,,,
2026-10-05,PLU,72703X106-TRS-01/31/33-L-PLU,Planet Labs Swap Nbc-l,72703X106-TRS-01/31/33-L-PLU,SWAP,129815.0,,,27.01,defiance,https://www.defianceetfs.com/plu-full-holdings/,,,,,
2026-10-05,PLU,72703X106-TRS-03/31/33-L-PLU,Planet Labs Pbc-swap-nmra-l,72703X106-TRS-03/31/33-L-PLU,SWAP,125247.0,,,26.06,defiance,https://www.defianceetfs.com/plu-full-holdings/,,,,,
2026-10-05,PLU,72703X106-TRS-07/16/31-L-PLU,Planet Labs Pbc-swap-mscs-l,72703X106-TRS-07/16/31-L-PLU,SWAP,58364.0,,,12.14,defiance,https://www.defianceetfs.com/plu-full-holdings/,,,,,
2026-10-05,PLU,912797UZ8,United States Treasury Bill 11/19/2026,912797UZ8,TREASURY,900000.0,,,10.65,defiance,https://www.defianceetfs.com/plu-full-holdings/,,,,,
2026-10-05,PLU,FGXXX,First American Government Obligations Fund 12/01/2031,31846V336,COMMON_STOCK,207109.0,,,2.46,defiance,https://www.defianceetfs.com/plu-full-holdings/,,,,,
2026-10-05,PLU,Cash&Other,Cash & Other,Cash&Other,CASH,-9518338.0,,,-113.16,defiance,https://www.defianceetfs.com/plu-full-holdings/,,,,,
2026-10-05,PLYY,912797UL9,US TBill 10/22/2026,912797UL9,TREASURY,1000000.0,0.99819965,998199.65,45.51655421105557,granite_shares,https://graniteshares.com/media/uswkm4g4/plyy_holdings_file_20261002.xls,,,,,
2026-10-05,PLYY,,US Dollars,,CASH,621588.6877468853,1.0,621588.6877468853,28.343603609568486,granite_shares,https://graniteshares.com/media/uswkm4g4/plyy_holdings_file_20261002.xls,,,,,
2026-10-05,PLYY,912797VV6,US TBill 02/04/2027,912797VV6,TREASURY,600000.0,0.98630212,591781.272,26.98442575899062,granite_shares,https://graniteshares.com/media/uswkm4g4/plyy_holdings_file_20261002.xls,,,,,
2026-10-05,PLYY,PTIR261007P00018950,2PTIR 10/07/2026 P18.95,2PTIR 10/07/2026 P18.95,OPTION_PUT,870.0,0.074839,6510.993,0.2968924762218694,granite_shares,https://graniteshares.com/media/uswkm4g4/plyy_holdings_file_20261002.xls,2PTIR,2026-10-07,18.95,P,long
2026-10-05,PLYY,PTIR261009P00019260,2PTIR 10/09/2026 P19.26,2PTIR 10/09/2026 P19.26,OPTION_PUT,220.0,0.18,3960.0,0.18057064503657164,granite_shares,https://graniteshares.com/media/uswkm4g4/plyy_holdings_file_20261002.xls,2PTIR,2026-10-09,19.26,P,long
2026-10-05,PLYY,PTIR261009P00020330,2PTIR 10/09/2026 P20.33,2PTIR 10/09/2026 P20.33,OPTION_PUT,-220.0,0.4099999999999999,-9019.999999999998,-0.411299802583302,granite_shares,https://graniteshares.com/media/uswkm4g4/plyy_holdings_file_20261002.xls,2PTIR,2026-10-09,20.33,P,short
2026-10-05,PLYY,PTIR261007P00020010,2PTIR 10/07/2026 P20.01,2PTIR 10/07/2026 P20.01,OPTION_PUT,-870.0,0.229576,-19973.112,-0.9107468982898206,granite_shares,https://graniteshares.com/media/uswkm4g4/plyy_holdings_file_20261002.xls,2PTIR,2026-10-07,20.01,P,short
2026-10-05,POEL,73044W302-TRS-03/31/33-L-POEL,Poet Technologies Inc.-swap-nmra-l,73044W302-TRS-03/31/33-L-POEL,SWAP,697992.0,,,34.44,defiance,https://www.defianceetfs.com/poel-full-holdings/,,,,,
2026-10-05,POEL,73044W302-TRS-07/11/28-L-POEL,Poet Technologies Inc.-swap-clst-l,73044W302-TRS-07/11/28-L-POEL,SWAP,692536.0,,,34.17,defiance,https://www.defianceetfs.com/poel-full-holdings/,,,,,
2026-10-05,POEL,73044W302-TRS-05/01/33-L-POEL,Poet Technologies Inc.-swap-mrex-l,73044W302-TRS-05/01/33-L-POEL,SWAP,665163.0,,,32.82,defiance,https://www.defianceetfs.com/poel-full-holdings/,,,,,
2026-10-05,POEL,912797UZ8,United States Treasury Bill 11/19/2026,912797UZ8,TREASURY,5000000.0,,,31.52,defiance,https://www.defianceetfs.com/poel-full-holdings/,,,,,
2026-10-05,POEL,73044W302-TRS-06/10/33-L-POEL,Poet Technologies Inc.-swap-jnst-l,73044W302-TRS-06/10/33-L-POEL,SWAP,637111.0,,,31.44,defiance,https://www.defianceetfs.com/poel-full-holdings/,,,,,
2026-10-05,POEL,73044W302-TRS-01/31/33-L-POEL,Poet Technologies Inc.-swap-nbcb-l,73044W302-TRS-01/31/33-L-POEL,SWAP,598665.0,,,29.54,defiance,https://www.defianceetfs.com/poel-full-holdings/,,,,,
2026-10-05,POEL,73044W302-TRS-12/01/28-L-POEL,Poet Technologies Inc.-swap-cant-l,73044W302-TRS-12/01/28-L-POEL,SWAP,495594.0,,,24.46,defiance,https://www.defianceetfs.com/poel-full-holdings/,,,,,
2026-10-05,POEL,73044W302-TRS-04/28/28-L-POEL,Poet Technologies Inc.-swap-bmob-l,73044W302-TRS-04/28/28-L-POEL,SWAP,264000.0,,,13.03,defiance,https://www.defianceetfs.com/poel-full-holdings/,,,,,
2026-10-05,POEL,FGXXX,First American Government Obligations Fund 12/01/2031,31846V336,COMMON_STOCK,217965.0,,,1.38,defiance,https://www.defianceetfs.com/poel-full-holdings/,,,,,
2026-10-05,POEL,Cash&Other,Cash & Other,Cash&Other,CASH,-20992719.0,,,-132.98,defiance,https://www.defianceetfs.com/poel-full-holdings/,,,,,
2026-04-21,PONX,AXSBRWKBD6MAR,CFD PONY AI INC,,SWAP,847276.0,11.15,9447127.4,200.0,tradr_axs,https://axsetf.filepoint.live/assets/data/BBH_AXS_ETF_PVAL_WEB.20260421.csv,,,,,
2026-04-21,PONX,USD,CASHUSD,CASHUSD,CASH,2781355.84,,2781355.84,58.88,tradr_axs,https://axsetf.filepoint.live/assets/data/BBH_AXS_ETF_PVAL_WEB.20260421.csv,,,,,
2026-04-21,PONX,,NET OTHER ASSETS,,OTHER,-75639.93,,-75639.93,-1.6,tradr_axs,https://axsetf.filepoint.live/assets/data/BBH_AXS_ETF_PVAL_WEB.20260421.csv,,,,,
2026-04-21,PONX,AXSBRWKBD6MAR,CFD PONY AI INC,,SWAP,-7429275.22,100.0,-7429275.22,-157.28,tradr_axs,https://axsetf.filepoint.live/assets/data/BBH_AXS_ETF_PVAL_WEB.20260421.csv,,,,,
2026-10-05,PTIR,,US Dollars,,CASH,361053349.503557,1.0,361053349.503557,100.0,granite_shares,https://graniteshares.com/media/3nlmygqg/ptir_holdings_file_20261004.xls,,,,,
2026-10-05,PTIR,PLTR,PLTR,PLTR,OTHER,3820880.0,188.75,721191100.0,1.997464,granite_shares,https://graniteshares.com/media/3nlmygqg/ptir_holdings_file_20261004.xls,,,,,
2026-10-05,PUL,,US Dollars,,CASH,2099064.973071,1.0,2099064.973071,100.0,granite_shares,https://graniteshares.com/media/2cflfalq/pul_holdings_file_20261004.xls,,,,,
2026-10-05,PUL,P,P,P,OTHER,30030.0,140.14000000000001,4208404.2,2.004894,granite_shares,https://graniteshares.com/media/2cflfalq/pul_holdings_file_20261004.xls,,,,,
2026-10-05,PUR,44916Y106-TRS-08/15/28-L-PUR,Hyperliquid Strategies Inc.-swap-clst-l,44916Y106-TRS-08/15/28-L-PUR,SWAP,454731.0,,,43.07,defiance,https://www.defianceetfs.com/pur-full-holdings/,,,,,
2026-10-05,PUR,44916Y106-TRS-07/08/33-L-PUR,Hyperliquid Strategies Inc.-swap-mrex-l,44916Y106-TRS-07/08/33-L-PUR,SWAP,453212.0,,,42.93,defiance,https://www.defianceetfs.com/pur-full-holdings/,,,,,
2026-10-05,PUR,44916Y106-TRS-07/07/33-L-PUR,Hyperliquid Strategies Inc.-swap-jnst-l,44916Y106-TRS-07/07/33-L-PUR,SWAP,421128.0,,,39.89,defiance,https://www.defianceetfs.com/pur-full-holdings/,,,,,
2026-10-05,PUR,44916Y106-TRS-12/01/27-L-PUR,Hyperliquid Strategies Inc.-swap-cant-l,44916Y106-TRS-12/01/27-L-PUR,SWAP,405746.0,,,38.43,defiance,https://www.defianceetfs.com/pur-full-holdings/,,,,,
2026-10-05,PUR,44916Y106-TRS-01/31/33-L-PUR,Hyperliquid Strategies Inc.-swap-nbcb-l,44916Y106-TRS-01/31/33-L-PUR,SWAP,376018.0,,,35.61,defiance,https://www.defianceetfs.com/pur-full-holdings/,,,,,
2026-10-05,PUR,FGXXX,First American Government Obligations Fund 12/01/2031,31846V336,COMMON_STOCK,716979.0,,,5.71,defiance,https://www.defianceetfs.com/pur-full-holdings/,,,,,
2026-10-05,PUR,Cash&Other,Cash & Other,Cash&Other,CASH,-13273980.0,,,-105.74,defiance,https://www.defianceetfs.com/pur-full-holdings/,,,,,
2026-05-01,PYPY,912797RS8,United States Treasury Bill 09/03/2026,912797RS8,TREASURY,11916000.0,98.758681,11768084.43,39.38,yieldmax,https://yieldmaxetfs.com/?fund_csv_ticker=PYPY,,,,,
2026-05-01,PYPY,912797RF6,United States Treasury Bill 07/09/2026,912797RF6,TREASURY,8691000.0,99.309521,8630990.47,28.88,yieldmax,https://yieldmaxetfs.com/?fund_csv_ticker=PYPY,,,,,
2026-05-01,PYPY,912797RG4,United States Treasury Bill 08/06/2026,912797RG4,TREASURY,8709000.0,99.035389,8624992.03,28.86,yieldmax,https://yieldmaxetfs.com/?fund_csv_ticker=PYPY,,,,,
2026-05-01,PYPY,PYPL  260515C00050000,PYPL US 05/15/26 C50,PYPL  260515C00050000,OPTION_CALL,6020.0,2.535,1526070.0,5.11,yieldmax,https://yieldmaxetfs.com/?fund_csv_ticker=PYPY,,,,,
2026-05-01,PYPY,FGXXX,First American Government Obligations Fund 12/01/2031,31846V336,COMMON_STOCK,977251.0,100.0,977251.19,3.27,yieldmax,https://yieldmaxetfs.com/?fund_csv_ticker=PYPY,,,,,
2026-05-01,PYPY,PYPL  260501C00053000,PYPL US 05/01/26 C53,PYPL  260501C00053000,OPTION_CALL,3300.0,0.02,6600.0,0.02,yieldmax,https://yieldmaxetfs.com/?fund_csv_ticker=PYPY,,,,,
2026-05-01,PYPY,PYPL  260501C00052000,PYPL US 05/01/26 C52,PYPL  260501C00052000,OPTION_CALL,2720.0,0.015,4080.0,0.01,yieldmax,https://yieldmaxetfs.com/?fund_csv_ticker=PYPY,,,,,
2026-05-01,PYPY,PYPL  260501C00051000,PYPL US 05/01/26 C51,PYPL  260501C00051000,OPTION_CALL,-3300.0,0.115,-37950.0,-0.13,yieldmax,https://yieldmaxetfs.com/?fund_csv_ticker=PYPY,,,,,
2026-05-01,PYPY,PYPL  260501C00050000,PYPL US 05/01/26 C50,PYPL  260501C00050000,OPTION_CALL,-2720.0,0.46,-125120.0,-0.42,yieldmax,https://yieldmaxetfs.com/?fund_csv_ticker=PYPY,,,,,
2026-05-01,PYPY,Cash&Other,Cash & Other,Cash&Other,CASH,-140777.0,1.0,-140776.99,-0.47,yieldmax,https://yieldmaxetfs.com/?fund_csv_ticker=PYPY,,,,,
2026-05-01,PYPY,2PYPL 260515P00050010,PYPL 05/15/2026 50.01 P,2PYPL 260515P00050010,OPTION_PUT,-6020.0,2.2507,-1354921.4,-4.53,yieldmax,https://yieldmaxetfs.com/?fund_csv_ticker=PYPY,,,,,
2026-04-21,QBTX,AXSBMCCXH5CLS,CFD D-WAVE QUANTUM INC,,SWAP,7359002.0,20.36,149829280.72,178.86,tradr_axs,https://axsetf.filepoint.live/assets/data/BBH_AXS_ETF_PVAL_WEB.20260421.csv,,,,,
2026-04-21,QBTX,USD,CASHUSD,CASHUSD,CASH,113398819.92,,113398819.92,135.37,tradr_axs,https://axsetf.filepoint.live/assets/data/BBH_AXS_ETF_PVAL_WEB.20260421.csv,,,,,
2026-04-21,QBTX,AXSBMCCXH5MAR,CFD D-WAVE QUANTUM INC,,SWAP,869925.0,20.36,17711673.0,21.14,tradr_axs,https://axsetf.filepoint.live/assets/data/BBH_AXS_ETF_PVAL_WEB.20260421.csv,,,,,
2026-04-21,QBTX,AXSBMCCXH5MAR,CFD D-WAVE QUANTUM INC,,SWAP,-18195810.38,100.0,-18195810.38,-21.72,tradr_axs,https://axsetf.filepoint.live/assets/data/BBH_AXS_ETF_PVAL_WEB.20260421.csv,,,,,
2026-04-21,QBTX,,NET OTHER ASSETS,,OTHER,-56088833.99,,-56088833.99,-66.96,tradr_axs,https://axsetf.filepoint.live/assets/data/BBH_AXS_ETF_PVAL_WEB.20260421.csv,,,,,
2026-04-21,QBTX,AXSBMCCXH5CLS,CFD D-WAVE QUANTUM INC,,SWAP,-122884622.04,100.0,-122884622.04,-146.69,tradr_axs,https://axsetf.filepoint.live/assets/data/BBH_AXS_ETF_PVAL_WEB.20260421.csv,,,,,
2026-10-05,QBTZ,Cash&Other,Cash & Other,Cash&Other,CASH,11118701.0,,,295.56,defiance,https://www.defianceetfs.com/qbtz-full-holdings/,,,,,
2026-10-05,QBTZ,FGXXX,First American Government Obligations Fund 12/01/2031,31846V336,COMMON_STOCK,161846.0,,,4.3,defiance,https://www.defianceetfs.com/qbtz-full-holdings/,,,,,
2026-10-05,QBTZ,26740W109-TRS-03/17/33-S-QBTZ,D-wave Quantum Swap Jnst-s,26740W109-TRS-03/17/33-S-QBTZ,SWAP,-77522.0,,,-32.5,defiance,https://www.defianceetfs.com/qbtz-full-holdings/,,,,,
2026-10-05,QBTZ,26740W109-TRS-10/10/28-S-QBTZ,D-wave Quantum Inc Swap Marex,26740W109-TRS-10/10/28-S-QBTZ,SWAP,-88454.0,,,-37.08,defiance,https://www.defianceetfs.com/qbtz-full-holdings/,,,,,
2026-10-05,QBTZ,26740W109-TRS-09/08/28-S-QBTZ,D-wave Quantum Inc S Cantor,26740W109-TRS-09/08/28-S-QBTZ,SWAP,-89683.0,,,-37.6,defiance,https://www.defianceetfs.com/qbtz-full-holdings/,,,,,
2026-10-05,QBTZ,26740W109-TRS-11/16/27-S-QBTZ,D-wave Quantum Inc Com Swap Cs,26740W109-TRS-11/16/27-S-QBTZ,SWAP,-101447.0,,,-42.53,defiance,https://www.defianceetfs.com/qbtz-full-holdings/,,,,,
2026-10-05,QBTZ,26740W109-TRS-03/31/33-S-QBTZ,D-wave Quantum Inc.-swap-nmra-s,26740W109-TRS-03/31/33-S-QBTZ,SWAP,-119811.0,,,-50.23,defiance,https://www.defianceetfs.com/qbtz-full-holdings/,,,,,
2026-10-05,QBY,912797VV6,US TBill 02/04/2027,912797VV6,TREASURY,800000.0,0.98630211,789041.688,37.917801096690816,granite_shares,https://graniteshares.com/media/hvyap3hs/qby_holdings_file_20261002.xls,,,,,
2026-10-05,QBY,,US Dollars,,CASH,748445.9919336531,1.0,748445.9919336531,35.9669541994538,granite_shares,https://graniteshares.com/media/hvyap3hs/qby_holdings_file_20261002.xls,,,,,
2026-10-05,QBY,912797UL9,US TBill 10/22/2026,912797UL9,TREASURY,600000.0,0.9981996500000001,598919.79,28.781396237320017,granite_shares,https://graniteshares.com/media/hvyap3hs/qby_holdings_file_20261002.xls,,,,,
2026-10-05,QBY,QBTX261007P00020350,2QBTX 10/07/2026 P20.35,2QBTX 10/07/2026 P20.35,OPTION_PUT,400.0,1.066153,42646.119999999995,2.0493810660427463,granite_shares,https://graniteshares.com/media/hvyap3hs/qby_holdings_file_20261002.xls,2QBTX,2026-10-07,20.35,P,long
2026-10-05,QBY,QBTX261005P00020960,2QBTX 10/05/2026 P20.96,2QBTX 10/05/2026 P20.96,OPTION_PUT,190.0,1.117712,21236.528000000002,1.0205321935896312,granite_shares,https://graniteshares.com/media/hvyap3hs/qby_holdings_file_20261002.xls,2QBTX,2026-10-05,20.96,P,long
2026-10-05,QBY,QBTX261009P00018510,2QBTX 10/09/2026 P18.51,2QBTX 10/09/2026 P18.51,OPTION_PUT,350.0,0.49,17150.0,0.8241520045113859,granite_shares,https://graniteshares.com/media/hvyap3hs/qby_holdings_file_20261002.xls,2QBTX,2026-10-09,18.51,P,long
2026-10-05,QBY,QBTX261007P00020360,2QBTX 10/07/2026 P20.36,2QBTX 10/07/2026 P20.36,OPTION_PUT,50.0,1.0709819999999999,5354.91,0.2573329335555723,granite_shares,https://graniteshares.com/media/hvyap3hs/qby_holdings_file_20261002.xls,2QBTX,2026-10-07,20.36,P,long
2026-10-05,QBY,QBTX261007P00021490,2QBTX 10/07/2026 P21.49,2QBTX 10/07/2026 P21.49,OPTION_PUT,-50.0,1.7021019999999998,-8510.509999999998,-0.40897690238566725,granite_shares,https://graniteshares.com/media/hvyap3hs/qby_holdings_file_20261002.xls,2QBTX,2026-10-07,21.49,P,short
2026-10-05,QBY,QBTX261009P00019540,2QBTX 10/09/2026 P19.54,2QBTX 10/09/2026 P19.54,OPTION_PUT,-350.0,0.84,-29400.0,-1.4128320077338044,granite_shares,https://graniteshares.com/media/hvyap3hs/qby_holdings_file_20261002.xls,2QBTX,2026-10-09,19.54,P,short
2026-10-05,QBY,QBTX261005P00022130,2QBTX 10/05/2026 P22.13,2QBTX 10/05/2026 P22.13,OPTION_PUT,-190.0,1.9013700000000002,-36126.030000000006,-1.7360548128010769,granite_shares,https://graniteshares.com/media/hvyap3hs/qby_holdings_file_20261002.xls,2QBTX,2026-10-05,22.13,P,short
2026-10-05,QBY,QBTX261007P00021480,2QBTX 10/07/2026 P21.48,2QBTX 10/07/2026 P21.48,OPTION_PUT,-400.0,1.6957919999999997,-67831.68,-3.259686008243433,granite_shares,https://graniteshares.com/media/hvyap3hs/qby_holdings_file_20261002.xls,2QBTX,2026-10-07,21.48,P,short
2026-10-05,QCML,,US Dollars,,CASH,56852407.427239,1.0,56852407.427239,100.0,granite_shares,https://graniteshares.com/media/kgamfkfe/qcml_holdings_file_20261004.xls,,,,,
2026-10-05,QCML,QCOM,QCOM,QCOM,OTHER,615120.0,184.87,113717234.4,2.000218,granite_shares,https://graniteshares.com/media/kgamfkfe/qcml_holdings_file_20261004.xls,,,,,
2026-10-05,QPUX,912797UZ8,United States Treasury Bill 11/19/2026,912797UZ8,TREASURY,14140000.0,,,40.13,defiance,https://www.defianceetfs.com/qpux-full-holdings/,,,,,
2026-10-05,QPUX,46222L108-TRS-11/23/27-L-QPUX,Ionq Inc Swap L-cs,46222L108-TRS-11/23/27-L-QPUX,SWAP,205804.0,,,25.69,defiance,https://www.defianceetfs.com/qpux-full-holdings/,,,,,
2026-10-05,QPUX,74768A104-TRS-09/03/33-L-QPUX,Quantinuum Inc.-swap-mrex-l,74768A104-TRS-09/03/33-L-QPUX,SWAP,132843.0,,,17.46,defiance,https://www.defianceetfs.com/qpux-full-holdings/,,,,,
2026-10-05,QPUX,26740W109-TRS-03/14/28-L-QPUX,D-wave Quantum Swap Cs-l,26740W109-TRS-03/14/28-L-QPUX,SWAP,255994.0,,,11.51,defiance,https://www.defianceetfs.com/qpux-full-holdings/,,,,,
2026-10-05,QPUX,26740W109-TRS-10/08/27-L,D-wave Quantum Inc Swap Marex,26740W109-TRS-10/08/27-L,SWAP,250488.0,,,11.26,defiance,https://www.defianceetfs.com/qpux-full-holdings/,,,,,
2026-10-05,QPUX,G0567U127-TRS-09/03/33-L-QPUX,Arqit Quantum Inc.-swap-mrex-l,G0567U127-TRS-09/03/33-L-QPUX,SWAP,140877.0,,,9.89,defiance,https://www.defianceetfs.com/qpux-full-holdings/,,,,,
2026-10-05,QPUX,46222L108-TRS-10/08/27-L,Ionq Inc Swap Marex,46222L108-TRS-10/08/27-L,SWAP,72587.0,,,9.06,defiance,https://www.defianceetfs.com/qpux-full-holdings/,,,,,
2026-10-05,QPUX,462921107-TRS-09/03/33-L-QPUX,Iqm Quantum Computers Oyj-swap-mrex-l,462921107-TRS-09/03/33-L-QPUX,SWAP,291129.0,,,8.59,defiance,https://www.defianceetfs.com/qpux-full-holdings/,,,,,
2026-10-05,QPUX,45676K103-TRS-09/03/33-L-QPUX,"Infleqtion, Inc.-swap-mrex-l",45676K103-TRS-09/03/33-L-QPUX,SWAP,217721.0,,,8.16,defiance,https://www.defianceetfs.com/qpux-full-holdings/,,,,,
2026-10-05,QPUX,46222L108-TRS-03/31/33-L-QPUX,"Ionq, Inc.-swap-nmra-l",46222L108-TRS-03/31/33-L-QPUX,SWAP,61500.0,,,7.68,defiance,https://www.defianceetfs.com/qpux-full-holdings/,,,,,
2026-10-05,QPUX,G0567U127-TRS-01/09/29-L-QPUX,Arqit Quantum Inc.-swap-clst-l,G0567U127-TRS-01/09/29-L-QPUX,SWAP,109173.0,,,7.66,defiance,https://www.defianceetfs.com/qpux-full-holdings/,,,,,
2026-10-05,QPUX,055869101-TRS-09/03/33-L-QPUX,Btq Technologies Corp.-swap-mrex-l,055869101-TRS-09/03/33-L-QPUX,SWAP,710529.0,,,6.42,defiance,https://www.defianceetfs.com/qpux-full-holdings/,,,,,
2026-10-05,QPUX,74768A104-TRS-01/09/29-L-QPUX,Quantinuum Inc.-swap-clst-l,74768A104-TRS-01/09/29-L-QPUX,SWAP,45517.0,,,5.98,defiance,https://www.defianceetfs.com/qpux-full-holdings/,,,,,
2026-10-05,QPUX,FGXXX,First American Government Obligations Fund 12/01/2031,31846V336,COMMON_STOCK,2064395.0,,,5.89,defiance,https://www.defianceetfs.com/qpux-full-holdings/,,,,,
2026-10-05,QPUX,26740W109-TRS-03/31/33-L-QPUX,D-wave Quantum Inc.-swap-nmra-l,26740W109-TRS-03/31/33-L-QPUX,SWAP,130000.0,,,5.85,defiance,https://www.defianceetfs.com/qpux-full-holdings/,,,,,
2026-10-05,QPUX,74768A104-TRS-03/31/33-L-QPUX,Quantinuum Inc.-swap-nmra-l,74768A104-TRS-03/31/33-L-QPUX,SWAP,43500.0,,,5.72,defiance,https://www.defianceetfs.com/qpux-full-holdings/,,,,,
2026-10-05,QPUX,055869101-TRS-01/09/29-L-QPUX,Btq Technologies Corp.-swap-clst-l,055869101-TRS-01/09/29-L-QPUX,SWAP,592027.0,,,5.35,defiance,https://www.defianceetfs.com/qpux-full-holdings/,,,,,
2026-10-05,QPUX,74766W108-TRS-11/23/27-L-QPUX,Quantum Computing Inc Swap L-cs,74766W108-TRS-11/23/27-L-QPUX,SWAP,227128.0,,,5.3,defiance,https://www.defianceetfs.com/qpux-full-holdings/,,,,,
2026-10-05,QPUX,76655K103-TRS-03/14/28-L-QPUX,Rigetti Computing Swap Cs-l,76655K103-TRS-03/14/28-L-QPUX,SWAP,119685.0,,,5.2,defiance,https://www.defianceetfs.com/qpux-full-holdings/,,,,,
2026-10-05,QPUX,74766W108-TRS-10/08/27-L,Quantum Computing Inc Swap Marex,74766W108-TRS-10/08/27-L,SWAP,222523.0,,,5.19,defiance,https://www.defianceetfs.com/qpux-full-holdings/,,,,,
2026-10-05,QPUX,76655K103-TRS-10/08/27-L,Rigetti Computing Inc Swap Marex,76655K103-TRS-10/08/27-L,SWAP,115459.0,,,5.02,defiance,https://www.defianceetfs.com/qpux-full-holdings/,,,,,
2026-10-05,QPUX,45676K103-TRS-01/09/29-L-QPUX,"Infleqtion, Inc.-swap-clst-l",45676K103-TRS-01/09/29-L-QPUX,SWAP,133699.0,,,5.01,defiance,https://www.defianceetfs.com/qpux-full-holdings/,,,,,
2026-10-05,QPUX,Y4000A102-TRS-09/03/33-L-QPUX,Horizon Quantum Holdings Ltd.-swap-mrex-l,Y4000A102-TRS-09/03/33-L-QPUX,SWAP,107209.0,,,4.83,defiance,https://www.defianceetfs.com/qpux-full-holdings/,,,,,
2026-10-05,QPUX,45676K103-TRS-03/31/33-L-QPUX,"Infleqtion, Inc.-swap-nmra-l",45676K103-TRS-03/31/33-L-QPUX,SWAP,120500.0,,,4.52,defiance,https://www.defianceetfs.com/qpux-full-holdings/,,,,,
2026-10-05,QPUX,Y4000A102-TRS-01/09/29-L-QPUX,Horizon Quantum Holdings Ltd.-swap-clst-l,Y4000A102-TRS-01/09/29-L-QPUX,SWAP,92508.0,,,4.17,defiance,https://www.defianceetfs.com/qpux-full-holdings/,,,,,
2026-10-05,QPUX,462921107-TRS-01/09/29-L-QPUX,Iqm Quantum Computers Oyj-swap-clst-l,462921107-TRS-01/09/29-L-QPUX,SWAP,125640.0,,,3.71,defiance,https://www.defianceetfs.com/qpux-full-holdings/,,,,,
2026-10-05,QPUX,98390R102-TRS-09/03/33-L-QPUX,Xanadu Quantum Technologies Limited-swap-mrex-l,98390R102-TRS-09/03/33-L-QPUX,SWAP,254669.0,,,3.12,defiance,https://www.defianceetfs.com/qpux-full-holdings/,,,,,
2026-10-05,QPUX,76655K103-TRS-03/31/33-L-QPUX,"Rigetti Computing, Inc.-swap-nmra-l",76655K103-TRS-03/31/33-L-QPUX,SWAP,57900.0,,,2.52,defiance,https://www.defianceetfs.com/qpux-full-holdings/,,,,,
2026-10-05,QPUX,74766W108-TRS-03/31/33-L-QPUX,Quantum Computing Inc.-swap-nmra-l,74766W108-TRS-03/31/33-L-QPUX,SWAP,104100.0,,,2.43,defiance,https://www.defianceetfs.com/qpux-full-holdings/,,,,,
2026-10-05,QPUX,98390R102-TRS-01/09/29-L-QPUX,Xanadu Quantum Technologies Limited-swap-clst-l,98390R102-TRS-01/09/29-L-QPUX,SWAP,190031.0,,,2.33,defiance,https://www.defianceetfs.com/qpux-full-holdings/,,,,,
2026-10-05,QPUX,Cash&Other,Cash & Other,Cash&Other,CASH,-51105793.0,,,-145.74,defiance,https://www.defianceetfs.com/qpux-full-holdings/,,,,,
2026-10-05,QSU,74767V109-TRS-04/14/31-L-QSU,Quantumscape Corporation-swap-mscs-l,74767V109-TRS-04/14/31-L-QSU,SWAP,798000.0,,,62.9,defiance,https://www.defianceetfs.com/qsu-full-holdings/,,,,,
2026-10-05,QSU,912797UZ8,United States Treasury Bill 11/19/2026,912797UZ8,TREASURY,2000000.0,,,34.33,defiance,https://www.defianceetfs.com/qsu-full-holdings/,,,,,
2026-10-05,QSU,74767V109-TRS-03/17/33-L-QSU,Quantumscape Corp Swap Jnst-l,74767V109-TRS-03/17/33-L-QSU,SWAP,341684.0,,,26.93,defiance,https://www.defianceetfs.com/qsu-full-holdings/,,,,,
2026-10-05,QSU,74767V109-TRS-01/31/33-L-QSU,Quantumscape Corporation-swap-nbcb-l,74767V109-TRS-01/31/33-L-QSU,SWAP,329437.0,,,25.97,defiance,https://www.defianceetfs.com/qsu-full-holdings/,,,,,
2026-10-05,QSU,74767V109-TRS-03/31/33-L-QSU,Quantumscape Corp Swap Nm,74767V109-TRS-03/31/33-L-QSU,SWAP,316086.0,,,24.92,defiance,https://www.defianceetfs.com/qsu-full-holdings/,,,,,
2026-10-05,QSU,74767V109-TRS-10/21/28-L-QSU,Quantumscap Swap Mar-l,74767V109-TRS-10/21/28-L-QSU,SWAP,277327.0,,,21.86,defiance,https://www.defianceetfs.com/qsu-full-holdings/,,,,,
2026-10-05,QSU,74767V109-TRS-11/01/28-L-QSU,Quantumscape  Inc Swap Cantor,74767V109-TRS-11/01/28-L-QSU,SWAP,239509.0,,,18.88,defiance,https://www.defianceetfs.com/qsu-full-holdings/,,,,,
2026-10-05,QSU,74767V109-TRS-01/04/28-L-QSU,Quantumscape Corp Swap Cs,74767V109-TRS-01/04/28-L-QSU,SWAP,235620.0,,,18.57,defiance,https://www.defianceetfs.com/qsu-full-holdings/,,,,,
2026-10-05,QSU,FGXXX,First American Government Obligations Fund 12/01/2031,31846V336,COMMON_STOCK,339352.0,,,5.85,defiance,https://www.defianceetfs.com/qsu-full-holdings/,,,,,
2026-10-05,QSU,Cash&Other,Cash & Other,Cash&Other,CASH,-8137698.0,,,-140.37,defiance,https://www.defianceetfs.com/qsu-full-holdings/,,,,,
2026-04-21,QUBX,AXSBFYDQ34MAR,CFD QUANTUM COMPUTING INC,,SWAP,5670636.0,9.41,53360684.76,197.67,tradr_axs,https://axsetf.filepoint.live/assets/data/BBH_AXS_ETF_PVAL_WEB.20260421.csv,,,,,
2026-04-21,QUBX,USD,CASHUSD,CASHUSD,CASH,17200422.38,,17200422.38,63.72,tradr_axs,https://axsetf.filepoint.live/assets/data/BBH_AXS_ETF_PVAL_WEB.20260421.csv,,,,,
2026-04-21,QUBX,AXSBFYDQ34CLS,CFD QUANTUM COMPUTING INC,,SWAP,66918.0,9.41,629698.38,2.33,tradr_axs,https://axsetf.filepoint.live/assets/data/BBH_AXS_ETF_PVAL_WEB.20260421.csv,,,,,
2026-04-21,QUBX,AXSBFYDQ34CLS,CFD QUANTUM COMPUTING INC,,SWAP,-631036.74,100.0,-631036.74,-2.34,tradr_axs,https://axsetf.filepoint.live/assets/data/BBH_AXS_ETF_PVAL_WEB.20260421.csv,,,,,
2026-04-21,QUBX,,NET OTHER ASSETS,,OTHER,-736796.01,,-736796.01,-2.73,tradr_axs,https://axsetf.filepoint.live/assets/data/BBH_AXS_ETF_PVAL_WEB.20260421.csv,,,,,
2026-04-21,QUBX,AXSBFYDQ34MAR,CFD QUANTUM COMPUTING INC,,SWAP,-42827780.15,100.0,-42827780.15,-158.65,tradr_axs,https://axsetf.filepoint.live/assets/data/BBH_AXS_ETF_PVAL_WEB.20260421.csv,,,,,
2026-10-02,RBLU,771049103-TRS-06/20/28-L,ROBLOX CORPORATION-SWAP-CLST-L,,SWAP,462745.0,,20416309.4,187.69,rex_shares,https://www.rexshares.com/RBLU/,,,,,
2026-10-02,RBLU,771049103-TRS-09/04/28-L,ROBLOX CORP CL A SWAP CANTOR,,SWAP,30367.0,,1339792.04,12.32,rex_shares,https://www.rexshares.com/RBLU/,,,,,
2026-10-02,RBLU,FGXXX,FIRST AMERICAN GOVERNMENT OBLI FIRST AM GOV OBLIG X,31846V336,COMMON_STOCK,380467.0,,380467.01,3.5,rex_shares,https://www.rexshares.com/RBLU/,,,,,
2026-10-02,RBLU,Cash&Other,Cash & Other,,CASH,-11262713.0,,-11262713.15,-103.54,rex_shares,https://www.rexshares.com/RBLU/,,,,,
2026-05-01,RBLY,912797RS8,United States Treasury Bill 09/03/2026,912797RS8,TREASURY,1054000.0,98.758681,1040916.5,64.1,yieldmax,https://yieldmaxetfs.com/?fund_csv_ticker=RBLY,,,,,
2026-05-01,RBLY,FGXXX,First American Government Obligations Fund 12/01/2031,31846V336,COMMON_STOCK,532451.0,100.0,532451.42,32.79,yieldmax,https://yieldmaxetfs.com/?fund_csv_ticker=RBLY,,,,,
2026-05-01,RBLY,912797RG4,United States Treasury Bill 08/06/2026,912797RG4,TREASURY,165000.0,99.035389,163408.39,10.06,yieldmax,https://yieldmaxetfs.com/?fund_csv_ticker=RBLY,,,,,
2026-05-01,RBLY,2RBLX 260508C00056010,RBLX 05/08/2026 56.01 C,2RBLX 260508C00056010,OPTION_CALL,297.0,4.51,133947.0,8.25,yieldmax,https://yieldmaxetfs.com/?fund_csv_ticker=RBLY,,,,,
2026-05-01,RBLY,RBLX  260501C00061000,RBLX US 05/01/26 C61,RBLX  260501C00061000,OPTION_CALL,69.0,2.0,13800.0,0.85,yieldmax,https://yieldmaxetfs.com/?fund_csv_ticker=RBLY,,,,,
2026-05-01,RBLY,RBLX  260501C00060000,RBLX US 05/01/26 C60,RBLX  260501C00060000,OPTION_CALL,50.0,2.295,11475.0,0.71,yieldmax,https://yieldmaxetfs.com/?fund_csv_ticker=RBLY,,,,,
2026-05-01,RBLY,RBLX  260501C00068000,RBLX US 05/01/26 C68,RBLX  260501C00068000,OPTION_CALL,100.0,0.76,7600.0,0.47,yieldmax,https://yieldmaxetfs.com/?fund_csv_ticker=RBLY,,,,,
2026-05-01,RBLY,RBLX  260501C00067000,RBLX US 05/01/26 C67,RBLX  260501C00067000,OPTION_CALL,78.0,0.78,6084.0,0.37,yieldmax,https://yieldmaxetfs.com/?fund_csv_ticker=RBLY,,,,,
2026-05-01,RBLY,RBLX  260501C00062000,RBLX US 05/01/26 C62,RBLX  260501C00062000,OPTION_CALL,-78.0,1.68,-13104.0,-0.81,yieldmax,https://yieldmaxetfs.com/?fund_csv_ticker=RBLY,,,,,
2026-05-01,RBLY,RBLX  260501C00063000,RBLX US 05/01/26 C63,RBLX  260501C00063000,OPTION_CALL,-100.0,1.525,-15250.0,-0.94,yieldmax,https://yieldmaxetfs.com/?fund_csv_ticker=RBLY,,,,,
2026-05-01,RBLY,RBLX  260501C00055000,RBLX US 05/01/26 C55,RBLX  260501C00055000,OPTION_CALL,-119.0,4.075,-48492.5,-2.99,yieldmax,https://yieldmaxetfs.com/?fund_csv_ticker=RBLY,,,,,
2026-05-01,RBLY,Cash&Other,Cash & Other,Cash&Other,CASH,-55115.0,1.0,-55114.87,-3.39,yieldmax,https://yieldmaxetfs.com/?fund_csv_ticker=RBLY,,,,,
2026-05-01,RBLY,2RBLX 260508P00056010,RBLX 05/08/2026 56.01 P,2RBLX 260508P00056010,OPTION_PUT,-297.0,4.39,-130383.0,-8.03,yieldmax,https://yieldmaxetfs.com/?fund_csv_ticker=RBLY,,,,,
2026-10-05,RCAX,75644T100-TRS-03/31/33-L-RCAX,"Red Cat Holdings, Inc.-swap-nmra-l",75644T100-TRS-03/31/33-L-RCAX,SWAP,333756.0,,,40.83,defiance,https://www.defianceetfs.com/rcax-full-holdings/,,,,,
2026-10-05,RCAX,75644T100-TRS-05/31/33-L-RCAX,"Red Cat Holdings, Inc.-swap-jnst-l",75644T100-TRS-05/31/33-L-RCAX,SWAP,307289.0,,,37.59,defiance,https://www.defianceetfs.com/rcax-full-holdings/,,,,,
2026-10-05,RCAX,75644T100-TRS-02/22/28-L-RCAX,Red Cat Hldgs Swap Cs-l,75644T100-TRS-02/22/28-L-RCAX,SWAP,275067.0,,,33.65,defiance,https://www.defianceetfs.com/rcax-full-holdings/,,,,,
2026-10-05,RCAX,75644T100-TRS-02/03/29-L-RCAX,Red Cat Hldgs Swap Marex-l,75644T100-TRS-02/03/29-L-RCAX,SWAP,246208.0,,,30.12,defiance,https://www.defianceetfs.com/rcax-full-holdings/,,,,,
2026-10-05,RCAX,75644T100-TRS-01/31/33-L-RCAX,"Red Cat Holdings, Inc.-swap-nbcb-l",75644T100-TRS-01/31/33-L-RCAX,SWAP,240747.0,,,29.45,defiance,https://www.defianceetfs.com/rcax-full-holdings/,,,,,
2026-10-05,RCAX,75644T100-TRS-09/08/28-L-RCAX,Red Cat Hldgs Swap Cf-l,75644T100-TRS-09/08/28-L-RCAX,SWAP,231364.0,,,28.3,defiance,https://www.defianceetfs.com/rcax-full-holdings/,,,,,
2026-10-05,RCAX,912797UZ8,United States Treasury Bill 11/19/2026,912797UZ8,TREASURY,500000.0,,,9.51,defiance,https://www.defianceetfs.com/rcax-full-holdings/,,,,,
2026-10-05,RCAX,FGXXX,First American Government Obligations Fund 12/01/2031,31846V336,COMMON_STOCK,365863.0,,,6.99,defiance,https://www.defianceetfs.com/rcax-full-holdings/,,,,,
2026-10-05,RCAX,Cash&Other,Cash & Other,Cash&Other,CASH,-6098916.0,,,-116.58,defiance,https://www.defianceetfs.com/rcax-full-holdings/,,,,,
2026-10-05,RDTL,,US Dollars,,CASH,61830682.707715996,1.0,61830682.707715996,100.0,granite_shares,https://graniteshares.com/media/11mlroii/rdtl_holdings_file_20261004.xls,,,,,
2026-10-05,RDTL,RDDT,RDDT,RDDT,OTHER,835771.0,147.86,123577100.06,1.9986369999999998,granite_shares,https://graniteshares.com/media/11mlroii/rdtl_holdings_file_20261004.xls,,,,,
2026-10-02,RDWU,75776W103-TRS-06/20/27-L,REDWIRE CORPORATION-SWAP-MREX-L,,SWAP,2616770.0,,28470457.6,88.69,rex_shares,https://www.rexshares.com/RDWU/,,,,,
2026-10-02,RDWU,75776W103-TRS-02/02/28-L,REDWIRE CORPORATION SWAP CS,,SWAP,2336614.0,,25422360.32,79.2,rex_shares,https://www.rexshares.com/RDWU/,,,,,
2026-10-02,RDWU,75776W103-TRS-07/06/27-L,REDWIRE CORPORATION-SWAP-JNST-L,,SWAP,947542.0,,10309256.96,32.12,rex_shares,https://www.rexshares.com/RDWU/,,,,,
2026-10-02,RDWU,FGXXX,FIRST AMERICAN GOVERNMENT OBLI FIRST AM GOV OBLIG X,31846V336,COMMON_STOCK,2055281.0,,2055281.34,6.4,rex_shares,https://www.rexshares.com/RDWU/,,,,,
2026-10-02,RDWU,Cash&Other,Cash & Other,,CASH,-34185491.0,,-34185490.96,-106.5,rex_shares,https://www.rexshares.com/RDWU/,,,,,
2026-05-12,RDYY,912797RG4,United States Treasury Bill 08/06/2026,912797RG4,TREASURY,5419000.0,99.138806,5372331.9,44.72,yieldmax,https://yieldmaxetfs.com/?fund_csv_ticker=RDYY,,,,,
2026-05-12,RDYY,912797RS8,United States Treasury Bill 09/03/2026,912797RS8,TREASURY,2253000.0,98.866333,2227458.48,18.54,yieldmax,https://yieldmaxetfs.com/?fund_csv_ticker=RDYY,,,,,
2026-05-12,RDYY,Cash&Other,Cash & Other,Cash&Other,CASH,2034315.0,1.0,2034314.71,16.93,yieldmax,https://yieldmaxetfs.com/?fund_csv_ticker=RDYY,,,,,
2026-05-12,RDYY,912797RF6,United States Treasury Bill 07/09/2026,912797RF6,TREASURY,1720000.0,99.421607,1710051.64,14.23,yieldmax,https://yieldmaxetfs.com/?fund_csv_ticker=RDYY,,,,,
2026-05-12,RDYY,FGXXX,First American Government Obligations Fund 12/01/2031,31846V336,COMMON_STOCK,1133746.0,100.0,1133745.53,9.44,yieldmax,https://yieldmaxetfs.com/?fund_csv_ticker=RDYY,,,,,
2026-05-12,RDYY,2RDDT 260717C00165010,RDDT 07/17/2026 165.01 C,2RDDT 260717C00165010,OPTION_CALL,751.0,15.0692,1131696.92,9.42,yieldmax,https://yieldmaxetfs.com/?fund_csv_ticker=RDYY,,,,,
2026-05-12,RDYY,RDDT  260515C00170000,RDDT US 05/15/26 C170,RDDT  260515C00170000,OPTION_CALL,396.0,1.33,52668.0,0.44,yieldmax,https://yieldmaxetfs.com/?fund_csv_ticker=RDYY,,,,,
2026-05-12,RDYY,RDDT  260515C00167500,RDDT US 05/15/26 C167.5,RDDT  260515C00167500,OPTION_CALL,150.0,1.88,28200.0,0.23,yieldmax,https://yieldmaxetfs.com/?fund_csv_ticker=RDYY,,,,,
2026-05-12,RDYY,RDDT  260515C00172500,RDDT US 05/15/26 C172.5,RDDT  260515C00172500,OPTION_CALL,205.0,1.02,20910.0,0.17,yieldmax,https://yieldmaxetfs.com/?fund_csv_ticker=RDYY,,,,,
2026-05-12,RDYY,RDDT  260515C00165000,RDDT US 05/15/26 C165,RDDT  260515C00165000,OPTION_CALL,-205.0,2.53,-51865.0,-0.43,yieldmax,https://yieldmaxetfs.com/?fund_csv_ticker=RDYY,,,,,
2026-05-12,RDYY,RDDT  260515C00160000,RDDT US 05/15/26 C160,RDDT  260515C00160000,OPTION_CALL,-150.0,4.45,-66750.0,-0.56,yieldmax,https://yieldmaxetfs.com/?fund_csv_ticker=RDYY,,,,,
2026-05-12,RDYY,RDDT  260515C00162500,RDDT US 05/15/26 C162.5,RDDT  260515C00162500,OPTION_CALL,-396.0,3.375,-133650.0,-1.11,yieldmax,https://yieldmaxetfs.com/?fund_csv_ticker=RDYY,,,,,
2026-05-12,RDYY,2RDDT 260717P00165010,RDDT 07/17/2026 165.01 P,2RDDT 260717P00165010,OPTION_PUT,-751.0,19.2562,-1446140.62,-12.04,yieldmax,https://yieldmaxetfs.com/?fund_csv_ticker=RDYY,,,,,
2026-04-21,RGTU,AXSBN45WL6MAR,CFD RIGETTI COMPUTING INC,,SWAP,1160069.0,18.25,21171259.25,200.0,tradr_axs,https://axsetf.filepoint.live/assets/data/BBH_AXS_ETF_PVAL_WEB.20260421.csv,,,,,
2026-04-21,RGTU,USD,CASHUSD,CASHUSD,CASH,5371675.03,,5371675.03,50.74,tradr_axs,https://axsetf.filepoint.live/assets/data/BBH_AXS_ETF_PVAL_WEB.20260421.csv,,,,,
2026-04-21,RGTU,,NET OTHER ASSETS,,OTHER,-75585.84,,-75585.84,-0.71,tradr_axs,https://axsetf.filepoint.live/assets/data/BBH_AXS_ETF_PVAL_WEB.20260421.csv,,,,,
2026-04-21,RGTU,AXSBN45WL6MAR,CFD RIGETTI COMPUTING INC,,SWAP,-15881712.15,100.0,-15881712.15,-150.03,tradr_axs,https://axsetf.filepoint.live/assets/data/BBH_AXS_ETF_PVAL_WEB.20260421.csv,,,,,
2026-10-05,RGTX,912797UZ8,United States Treasury Bill 11/19/2026,912797UZ8,TREASURY,21750000.0,,,67.66,defiance,https://www.defianceetfs.com/rgtx-full-holdings/,,,,,
2026-10-05,RGTX,76655K103-TRS-04/14/31-L-RGTX,"Rigetti Computing, Inc.-swap-mscs-l",76655K103-TRS-04/14/31-L-RGTX,SWAP,735000.0,,,35.04,defiance,https://www.defianceetfs.com/rgtx-full-holdings/,,,,,
2026-10-05,RGTX,76655K103-TRS-03/31/33-L-RGTX,Rigetti Computing Inc Swap Nomura,76655K103-TRS-03/31/33-L-RGTX,SWAP,584253.0,,,27.85,defiance,https://www.defianceetfs.com/rgtx-full-holdings/,,,,,
2026-10-05,RGTX,76655K103-TRS-01/31/33-L-RGTX,Rigetti Computing Swap Nbc-l,76655K103-TRS-01/31/33-L-RGTX,SWAP,573248.0,,,27.33,defiance,https://www.defianceetfs.com/rgtx-full-holdings/,,,,,
2026-10-05,RGTX,76655K103-TRS-03/17/33-L-RGTX,Rigetti Computing Inc Swap Jnst-l,76655K103-TRS-03/17/33-L-RGTX,SWAP,571516.0,,,27.25,defiance,https://www.defianceetfs.com/rgtx-full-holdings/,,,,,
2026-10-05,RGTX,76655K103-TRS-03/07/28-L-RGTX,Rigetti Computing Swap Cs-l,76655K103-TRS-03/07/28-L-RGTX,SWAP,548411.0,,,26.15,defiance,https://www.defianceetfs.com/rgtx-full-holdings/,,,,,
2026-10-05,RGTX,76655K103-TRS-02/05/29-L-RGTX,Rigetti Computing Swap Marex-l,76655K103-TRS-02/05/29-L-RGTX,SWAP,510465.0,,,24.34,defiance,https://www.defianceetfs.com/rgtx-full-holdings/,,,,,
2026-10-05,RGTX,76655K103-TRS-09/08/28-L-RGTX,Rigetti Computing Inc Swap Cantor,76655K103-TRS-09/08/28-L-RGTX,SWAP,439419.0,,,20.95,defiance,https://www.defianceetfs.com/rgtx-full-holdings/,,,,,
2026-10-05,RGTX,76655K103-TRS-06/30/27-L-RGTX,Rigetti Computing Inc Swap Bmo,76655K103-TRS-06/30/27-L-RGTX,SWAP,230332.0,,,10.98,defiance,https://www.defianceetfs.com/rgtx-full-holdings/,,,,,
2026-10-05,RGTX,FGXXX,First American Government Obligations Fund 12/01/2031,31846V336,COMMON_STOCK,453134.0,,,1.42,defiance,https://www.defianceetfs.com/rgtx-full-holdings/,,,,,
2026-10-05,RGTX,Cash&Other,Cash & Other,Cash&Other,CASH,-54089042.0,,,-169.1,defiance,https://www.defianceetfs.com/rgtx-full-holdings/,,,,,
2026-10-05,RGTZ,Cash&Other,Cash & Other,Cash&Other,CASH,17717341.0,,,294.11,defiance,https://www.defianceetfs.com/rgtz-full-holdings/,,,,,
2026-10-05,RGTZ,FGXXX,First American Government Obligations Fund 12/01/2031,31846V336,COMMON_STOCK,344983.0,,,5.73,defiance,https://www.defianceetfs.com/rgtz-full-holdings/,,,,,
2026-10-05,RGTZ,76655K103-TRS-01/31/28-S-RGTZ,Rigetti Computing Swap Bmob-s,76655K103-TRS-01/31/28-S-RGTZ,SWAP,-67500.0,,,-17.09,defiance,https://www.defianceetfs.com/rgtz-full-holdings/,,,,,
2026-10-05,RGTZ,76655K103-TRS-03/31/33-S-RGTZ,Rigetti Computing Inc Swap Nm,76655K103-TRS-03/31/33-S-RGTZ,SWAP,-128000.0,,,-32.4,defiance,https://www.defianceetfs.com/rgtz-full-holdings/,,,,,
2026-10-05,RGTZ,76655K103-TRS-03/17/33-S-RGTZ,Rigetti Computing Swap Jnst-s,76655K103-TRS-03/17/33-S-RGTZ,SWAP,-129398.0,,,-32.76,defiance,https://www.defianceetfs.com/rgtz-full-holdings/,,,,,
2026-10-05,RGTZ,76655K103-TRS-11/16/27-S-RGTZ,Rigetti Computing Inc Swap Cs,76655K103-TRS-11/16/27-S-RGTZ,SWAP,-146044.0,,,-36.97,defiance,https://www.defianceetfs.com/rgtz-full-holdings/,,,,,
2026-10-05,RGTZ,76655K103-TRS-10/14/28-S-RGTZ,Rigetti Computing Inc Swap Marex,76655K103-TRS-10/14/28-S-RGTZ,SWAP,-156368.0,,,-39.59,defiance,https://www.defianceetfs.com/rgtz-full-holdings/,,,,,
2026-10-05,RGTZ,76655K103-TRS-09/08/28-S-RGTZ,Rigetti Computing Inc Swap Cantor,76655K103-TRS-09/08/28-S-RGTZ,SWAP,-162529.0,,,-41.14,defiance,https://www.defianceetfs.com/rgtz-full-holdings/,,,,,
2026-10-05,RGYY,912797UL9,US TBill 10/22/2026,912797UL9,TREASURY,1200000.0,0.9981996500000001,1197839.58,42.81508132472503,granite_shares,https://graniteshares.com/media/wsvjnvbc/rgyy_holdings_file_20261002.xls,,,,,
2026-10-05,RGYY,,US Dollars,,CASH,1175802.530514363,1.0,1175802.530514363,42.02739816444363,granite_shares,https://graniteshares.com/media/wsvjnvbc/rgyy_holdings_file_20261002.xls,,,,,
2026-10-05,RGYY,912797VV6,US TBill 02/04/2027,912797VV6,TREASURY,500000.0,0.98630212,493151.06,17.626987028825972,granite_shares,https://graniteshares.com/media/wsvjnvbc/rgyy_holdings_file_20261002.xls,,,,,
2026-10-05,RGYY,RGTX261007P00008430,2RGTX 10/07/2026 P8.43,2RGTX 10/07/2026 P8.43,OPTION_PUT,1720.0,0.36369300000000004,62555.196,2.2359469905178067,granite_shares,https://graniteshares.com/media/wsvjnvbc/rgyy_holdings_file_20261002.xls,2RGTX,2026-10-07,8.43,P,long
2026-10-05,RGYY,RGTX261005P00008740,2RGTX 10/05/2026 P8.74,2RGTX 10/05/2026 P8.74,OPTION_PUT,650.0,0.385718,25071.670000000002,0.8961513777969073,granite_shares,https://graniteshares.com/media/wsvjnvbc/rgyy_holdings_file_20261002.xls,2RGTX,2026-10-05,8.74,P,long
2026-10-05,RGYY,RGTX261009P00007900,2RGTX 10/09/2026 P7.90,2RGTX 10/09/2026 P7.90,OPTION_PUT,820.0,0.2,16400.0,0.586194800580467,granite_shares,https://graniteshares.com/media/wsvjnvbc/rgyy_holdings_file_20261002.xls,2RGTX,2026-10-09,7.9,P,long
2026-10-05,RGYY,RGTX261009P00008340,2RGTX 10/09/2026 P8.34,2RGTX 10/09/2026 P8.34,OPTION_PUT,-820.0,0.35,-28700.0,-1.0258409010158174,granite_shares,https://graniteshares.com/media/wsvjnvbc/rgyy_holdings_file_20261002.xls,2RGTX,2026-10-09,8.34,P,short
2026-10-05,RGYY,RGTX261005P00009220,2RGTX 10/05/2026 P9.22,2RGTX 10/05/2026 P9.22,OPTION_PUT,-650.0,0.6672450000000001,-43370.925,-1.5502323616686216,granite_shares,https://graniteshares.com/media/wsvjnvbc/rgyy_holdings_file_20261002.xls,2RGTX,2026-10-05,9.22,P,short
2026-10-05,RGYY,RGTX261007P00008900,2RGTX 10/07/2026 P8.90,2RGTX 10/07/2026 P8.90,OPTION_PUT,-1720.0,0.587467,-101044.324,-3.6116864242053714,granite_shares,https://graniteshares.com/media/wsvjnvbc/rgyy_holdings_file_20261002.xls,2RGTX,2026-10-07,8.9,P,short
2026-10-05,RIOX,912797UZ8,United States Treasury Bill 11/19/2026,912797UZ8,TREASURY,7002000.0,,,49.6,defiance,https://www.defianceetfs.com/riox-full-holdings/,,,,,
2026-10-05,RIOX,767292105-TRS-01/31/33-L-RIOX,"Riot Platforms, Inc.-swap-nbcb-l",767292105-TRS-01/31/33-L-RIOX,SWAP,237828.0,,,33.4,defiance,https://www.defianceetfs.com/riox-full-holdings/,,,,,
2026-10-05,RIOX,767292105-TRS-02/04/29-L-RIOX,Riot Platforms Inc Swap - L -marex,767292105-TRS-02/04/29-L-RIOX,SWAP,221602.0,,,31.12,defiance,https://www.defianceetfs.com/riox-full-holdings/,,,,,
2026-10-05,RIOX,767292105-TRS-03/31/33-L-RIOX,Riot Platforms Swap Nomura-l,767292105-TRS-03/31/33-L-RIOX,SWAP,216007.0,,,30.34,defiance,https://www.defianceetfs.com/riox-full-holdings/,,,,,
2026-10-05,RIOX,767292105-TRS-03/17/33-L-RIOX,Riot Platforms Inc Swap Jnst-l,767292105-TRS-03/17/33-L-RIOX,SWAP,209456.0,,,29.42,defiance,https://www.defianceetfs.com/riox-full-holdings/,,,,,
2026-10-05,RIOX,767292105-TRS-01/09/29-L,Riot Platforms Inc Swap Cs,767292105-TRS-01/09/29-L,SWAP,191234.0,,,26.86,defiance,https://www.defianceetfs.com/riox-full-holdings/,,,,,
2026-10-05,RIOX,767292105-TRS-09/08/28-L-RIOX,Riot Platforms Swap - L -cantor,767292105-TRS-09/08/28-L-RIOX,SWAP,154173.0,,,21.65,defiance,https://www.defianceetfs.com/riox-full-holdings/,,,,,
2026-10-05,RIOX,767292105-TRS-07/16/31-L-RIOX,"Riot Platforms, Inc.-swap-mscs-l",767292105-TRS-07/16/31-L-RIOX,SWAP,137500.0,,,19.31,defiance,https://www.defianceetfs.com/riox-full-holdings/,,,,,
2026-10-05,RIOX,767292105-TRS-08/31/27-L,Riot Platforms Inc Swap Bmo,767292105-TRS-08/31/27-L,SWAP,55022.0,,,7.73,defiance,https://www.defianceetfs.com/riox-full-holdings/,,,,,
2026-10-05,RIOX,FGXXX,First American Government Obligations Fund 12/01/2031,31846V336,COMMON_STOCK,1018372.0,,,7.25,defiance,https://www.defianceetfs.com/riox-full-holdings/,,,,,
2026-10-05,RIOX,Cash&Other,Cash & Other,Cash&Other,CASH,-22023452.0,,,-156.78,defiance,https://www.defianceetfs.com/riox-full-holdings/,,,,,
2026-10-05,RKLX,912797UZ8,United States Treasury Bill 11/19/2026,912797UZ8,TREASURY,166000000.0,,,77.98,defiance,https://www.defianceetfs.com/rklx-full-holdings/,,,,,
2026-10-05,RKLX,773121108-TRS-01/23/29-L-RKLX,Rocket Lab Corp Inc Swap Ms-l,773121108-TRS-01/23/29-L-RKLX,SWAP,943000.0,,,32.91,defiance,https://www.defianceetfs.com/rklx-full-holdings/,,,,,
2026-10-05,RKLX,773121108-TRS-03/17/33-L-RKLX,Rocket Lab Corp Swap Jnst-l,773121108-TRS-03/17/33-L-RKLX,SWAP,869174.0,,,30.33,defiance,https://www.defianceetfs.com/rklx-full-holdings/,,,,,
2026-10-05,RKLX,773121108-TRS-03/31/33-L-RKLX,Rocket Lab Corp Swap Nomura,773121108-TRS-03/31/33-L-RKLX,SWAP,764395.0,,,26.67,defiance,https://www.defianceetfs.com/rklx-full-holdings/,,,,,
2026-10-05,RKLX,773121108-TRS-10/18/27-L-RKLX,Rocket Lab Corp Swap Cantor,773121108-TRS-10/18/27-L-RKLX,SWAP,764274.0,,,26.67,defiance,https://www.defianceetfs.com/rklx-full-holdings/,,,,,
2026-10-05,RKLX,773121108-TRS-09/18/28-L-RKLX,Rocket Lab Usa Marex,773121108-TRS-09/18/28-L-RKLX,SWAP,760841.0,,,26.55,defiance,https://www.defianceetfs.com/rklx-full-holdings/,,,,,
2026-10-05,RKLX,773121108-TRS-01/31/33-L-RKLX,Rocket Lab Corp Swap Nbc-l,773121108-TRS-01/31/33-L-RKLX,SWAP,688047.0,,,24.01,defiance,https://www.defianceetfs.com/rklx-full-holdings/,,,,,
2026-10-05,RKLX,773121108-TRS-01/09/29-L,Rocket Lab Corp Swap Clearstreet,773121108-TRS-01/09/29-L,SWAP,668959.0,,,23.34,defiance,https://www.defianceetfs.com/rklx-full-holdings/,,,,,
2026-10-05,RKLX,773121108-TRS-08/31/27-L-RKLX,Rocket Lab Corp Swap Bmo,773121108-TRS-08/31/27-L-RKLX,SWAP,268917.0,,,9.38,defiance,https://www.defianceetfs.com/rklx-full-holdings/,,,,,
2026-10-05,RKLX,FGXXX,First American Government Obligations Fund 12/01/2031,31846V336,COMMON_STOCK,4962585.0,,,2.34,defiance,https://www.defianceetfs.com/rklx-full-holdings/,,,,,
2026-10-05,RKLX,Cash&Other,Cash & Other,Cash&Other,CASH,-381852155.0,,,-180.26,defiance,https://www.defianceetfs.com/rklx-full-holdings/,,,,,
2026-10-05,RKLZ,Cash&Other,Cash & Other,Cash&Other,CASH,1514421.0,,,298.83,defiance,https://www.defianceetfs.com/rklz-full-holdings/,,,,,
2026-10-05,RKLZ,FGXXX,First American Government Obligations Fund 12/01/2031,31846V336,COMMON_STOCK,3554.0,,,0.7,defiance,https://www.defianceetfs.com/rklz-full-holdings/,,,,,
2026-10-05,RKLZ,773121108-TRS-03/31/33-S-RKLZ,Rocket Lab Corp Swap Nomura-s,773121108-TRS-03/31/33-S-RKLZ,SWAP,-447.0,,,-6.52,defiance,https://www.defianceetfs.com/rklz-full-holdings/,,,,,
2026-10-05,RKLZ,773121108-TRS-03/17/33-S-RKLZ,Rocket Lab Corp Swap Jnst-s,773121108-TRS-03/17/33-S-RKLZ,SWAP,-551.0,,,-8.04,defiance,https://www.defianceetfs.com/rklz-full-holdings/,,,,,
2026-10-05,RKLZ,773121108-TRS-11/18/28-S-RKLZ,Rocket Lab Swap Marex,773121108-TRS-11/18/28-S-RKLZ,SWAP,-2566.0,,,-37.43,defiance,https://www.defianceetfs.com/rklz-full-holdings/,,,,,
2026-10-05,RKLZ,773121108-TRS-11/01/28-S-RKLZ,Rocket Lab Corp Swao Cantor-s,773121108-TRS-11/01/28-S-RKLZ,SWAP,-4926.0,,,-71.85,defiance,https://www.defianceetfs.com/rklz-full-holdings/,,,,,
2026-10-05,RKLZ,773121108-TRS-01/11/28-S-RKLZ,Rocket Lab Swap Cs,773121108-TRS-01/11/28-S-RKLZ,SWAP,-5192.0,,,-75.73,defiance,https://www.defianceetfs.com/rklz-full-holdings/,,,,,
2026-08-26,RKTL,77311W101-TRS-01/13/29-L-RKTL,Rocket Cos Swap Marex-l,77311W101-TRS-01/13/29-L-RKTL,SWAP,46234.0,,,45.34,defiance,https://www.defianceetfs.com/rktl-full-holdings/,,,,,
2026-08-26,RKTL,77311W101-TRS-09/08/28-L-RKTL,Rocket Cos Swap Cant-l_r,77311W101-TRS-09/08/28-L-RKTL,SWAP,42405.0,,,41.58,defiance,https://www.defianceetfs.com/rktl-full-holdings/,,,,,
2026-08-26,RKTL,77311W101-TRS-02/22/28-L-RKTL,Rocket Cos Swap Cs-l,77311W101-TRS-02/22/28-L-RKTL,SWAP,41705.0,,,40.9,defiance,https://www.defianceetfs.com/rktl-full-holdings/,,,,,
2026-08-26,RKTL,77311W101-TRS-05/31/33-L-RKTL,"Rocket Companies, Inc.-swap-jnst-l",77311W101-TRS-05/31/33-L-RKTL,SWAP,41557.0,,,40.75,defiance,https://www.defianceetfs.com/rktl-full-holdings/,,,,,
2026-08-26,RKTL,912797TY3,United States Treasury Bill 08/27/2026,912797TY3,TREASURY,371000.0,,,26.17,defiance,https://www.defianceetfs.com/rktl-full-holdings/,,,,,
2026-08-26,RKTL,FGXXX,First American Government Obligations Fund 12/01/2031,31846V336,COMMON_STOCK,278828.0,,,19.67,defiance,https://www.defianceetfs.com/rktl-full-holdings/,,,,,
2026-08-26,RKTL,77311W101-TRS-01/31/33-L-RKTL,Rocket Cos Inc Swap Nbc-l,77311W101-TRS-01/31/33-L-RKTL,SWAP,16080.0,,,15.77,defiance,https://www.defianceetfs.com/rktl-full-holdings/,,,,,
2026-08-26,RKTL,77311W101-TRS-03/31/33-L-RKTL,Rocket Cos Swap Nomura-l,77311W101-TRS-03/31/33-L-RKTL,SWAP,15915.0,,,15.61,defiance,https://www.defianceetfs.com/rktl-full-holdings/,,,,,
2026-08-26,RKTL,Cash&Other,Cash & Other,Cash&Other,CASH,-2067462.0,,,-145.85,defiance,https://www.defianceetfs.com/rktl-full-holdings/,,,,,
2026-10-02,ROBN,770700102-TRS-05/21/27-L,ROBINHOOD MKTS SWAP CANTOR,,SWAP,773863.0,,87245314.62,71.83,rex_shares,https://www.rexshares.com/ROBN/,,,,,
2026-10-02,ROBN,770700102-TRS-02/02/27-L,ROBINHOOD MKTS SWAP CLEAR STREET,,SWAP,646119.0,,72843456.06,59.98,rex_shares,https://www.rexshares.com/ROBN/,,,,,
2026-10-02,ROBN,770700102-TRS-03/28/28-L,ROBINHOOD MKTS SWAP MAREX,,SWAP,622438.0,,70173660.12,57.78,rex_shares,https://www.rexshares.com/ROBN/,,,,,
2026-10-02,ROBN,FGXXX,FIRST AMERICAN GOVERNMENT OBLI FIRST AM GOV OBLIG X,31846V336,COMMON_STOCK,15881382.0,,15881382.3,13.08,rex_shares,https://www.rexshares.com/ROBN/,,,,,
2026-10-02,ROBN,770700102-TRS-03/16/27-L,ROBINHOOD MKTS SWAP JANE STREET,,SWAP,112251.0,,12655177.74,10.42,rex_shares,https://www.rexshares.com/ROBN/,,,,,
2026-10-02,ROBN,TLDR,THE LADDERED T-BILL ETF,761562842,TREASURY,100.0,,2501.5,0.0,rex_shares,https://www.rexshares.com/ROBN/,,,,,
2026-10-02,ROBN,Cash&Other,Cash & Other,,CASH,-137400392.0,,-137400391.84,-113.13,rex_shares,https://www.rexshares.com/ROBN/,,,,,
2026-10-05,RTYY,,US Dollars,,CASH,3969971.511339761,1.0,3969971.511339761,70.64928742407761,granite_shares,https://graniteshares.com/media/0h0h4enx/rtyy_holdings_file_20261002.xls,,,,,
2026-10-05,RTYY,912797UL9,US TBill 10/22/2026,912797UL9,TREASURY,1000000.0,0.99819965,998199.65,17.76387910543578,granite_shares,https://graniteshares.com/media/0h0h4enx/rtyy_holdings_file_20261002.xls,,,,,
2026-10-05,RTYY,912797VV6,US TBill 02/04/2027,912797VV6,TREASURY,800000.0,0.98630211,789041.688,14.041721167484859,granite_shares,https://graniteshares.com/media/0h0h4enx/rtyy_holdings_file_20261002.xls,,,,,
2026-10-05,RTYY,RIOX261007P00020720,2RIOX 10/07/2026 P20.72,2RIOX 10/07/2026 P20.72,OPTION_PUT,1330.0,0.924037,122896.921,2.1870635268949368,granite_shares,https://graniteshares.com/media/0h0h4enx/rtyy_holdings_file_20261002.xls,2RIOX,2026-10-07,20.72,P,long
2026-10-05,RTYY,RIOX261009P00019790,2RIOX 10/09/2026 P19.79,2RIOX 10/09/2026 P19.79,OPTION_PUT,1050.0,0.78,81900.0,1.4574856830847316,granite_shares,https://graniteshares.com/media/0h0h4enx/rtyy_holdings_file_20261002.xls,2RIOX,2026-10-09,19.79,P,long
2026-10-05,RTYY,RIOX261005P00024110,2RIOX 10/05/2026 P24.11,2RIOX 10/05/2026 P24.11,OPTION_PUT,100.0,2.561138,25611.38,0.45577801799807866,granite_shares,https://graniteshares.com/media/0h0h4enx/rtyy_holdings_file_20261002.xls,2RIOX,2026-10-05,24.11,P,long
2026-10-05,RTYY,RIOX261007P00019630,2RIOX 10/07/2026 P19.63,2RIOX 10/07/2026 P19.63,OPTION_PUT,150.0,0.559609,8394.135,0.1493813380266234,granite_shares,https://graniteshares.com/media/0h0h4enx/rtyy_holdings_file_20261002.xls,2RIOX,2026-10-07,19.63,P,long
2026-10-05,RTYY,RIOX261005P00025450,2RIOX 10/05/2026 P25.45,2RIOX 10/05/2026 P25.45,OPTION_PUT,-100.0,3.673741,-36737.41,-0.6537759353921107,granite_shares,https://graniteshares.com/media/0h0h4enx/rtyy_holdings_file_20261002.xls,2RIOX,2026-10-05,25.45,P,short
2026-10-05,RTYY,RIOX261009P00020890,2RIOX 10/09/2026 P20.89,2RIOX 10/09/2026 P20.89,OPTION_PUT,-1050.0,1.2,-126000.0,-2.242285666284203,granite_shares,https://graniteshares.com/media/0h0h4enx/rtyy_holdings_file_20261002.xls,2RIOX,2026-10-09,20.89,P,short
2026-10-05,RTYY,RIOX261007P00021870,2RIOX 10/07/2026 P21.87,2RIOX 10/07/2026 P21.87,OPTION_PUT,-1480.0,1.446025,-214011.69999999998,-3.8085346613263087,granite_shares,https://graniteshares.com/media/0h0h4enx/rtyy_holdings_file_20261002.xls,2RIOX,2026-10-07,21.87,P,short
2026-10-05,RVNL,,US Dollars,,CASH,11543175.041028,1.0,11543175.041028,100.0,granite_shares,https://graniteshares.com/media/oaumowei/rvnl_holdings_file_20261004.xls,,,,,
2026-10-05,RVNL,RIVN,RIVN,RIVN,OTHER,1614441.0,14.3,23086506.3,2.000013,granite_shares,https://graniteshares.com/media/oaumowei/rvnl_holdings_file_20261004.xls,,,,,
2026-10-02,SBTU,820014405-TRS-10/20/27-L,SHARPLINK GAMING INC SWAP CS,,SWAP,1300223.0,,12157085.05,200.01,rex_shares,https://www.rexshares.com/SBTU/,,,,,
2026-10-02,SBTU,FGXXX,FIRST AMERICAN GOVERNMENT OBLI FIRST AM GOV OBLIG X,31846V336,COMMON_STOCK,93489.0,,93488.82,1.54,rex_shares,https://www.rexshares.com/SBTU/,,,,,
2026-10-02,SBTU,Cash&Other,Cash & Other,,CASH,-6174690.0,,-6174690.26,-101.59,rex_shares,https://www.rexshares.com/SBTU/,,,,,
2026-10-05,SCA,,US Dollars,,CASH,3109942.829685006,1.0,,,granite_shares,https://graniteshares.com/media/hv0lojii/sca_holdings_file_20261002.xls,,,,,
2026-10-05,SCA,,Nomura1 SCA,119603998,OTHER,600000.0,,,,granite_shares,https://graniteshares.com/media/hv0lojii/sca_holdings_file_20261002.xls,,,,,
2026-10-05,SCA,,Nomura2 SCA,119603999,OTHER,600000.0,,,,granite_shares,https://graniteshares.com/media/hv0lojii/sca_holdings_file_20261002.xls,,,,,
2026-10-05,SCA,,Nomura3 SCA,119604000,OTHER,600000.0,,,,granite_shares,https://graniteshares.com/media/hv0lojii/sca_holdings_file_20261002.xls,,,,,
2026-10-05,SCA,,Nomura4 SCA,119604001,OTHER,600000.0,,,,granite_shares,https://graniteshares.com/media/hv0lojii/sca_holdings_file_20261002.xls,,,,,
2026-10-05,SCA,,Nomura5 SCA,119604002,OTHER,600000.0,,,,granite_shares,https://graniteshares.com/media/hv0lojii/sca_holdings_file_20261002.xls,,,,,
2026-10-05,SEMY,,US Dollars,,CASH,23967582.80708082,1.0,23967582.80708082,50.74914555687132,granite_shares,https://graniteshares.com/media/cizb0ulu/semy_holdings_file_20261002.xls,,,,,
2026-10-05,SEMY,912797UL9,US TBill 10/22/2026,912797UL9,TREASURY,14500000.0,0.9981996500000001,14473894.925,30.64713727020813,granite_shares,https://graniteshares.com/media/cizb0ulu/semy_holdings_file_20261002.xls,,,,,
2026-10-05,SEMY,912797VV6,US TBill 02/04/2027,912797VV6,TREASURY,9200000.0,0.98630211,9073979.412,19.213314319856888,granite_shares,https://graniteshares.com/media/cizb0ulu/semy_holdings_file_20261002.xls,,,,,
2026-10-05,SEMY,SOXL261009P00147340,2SOXL 10/09/2026 P147.34,2SOXL 10/09/2026 P147.34,OPTION_PUT,1040.0,2.14,222560.0,0.4712502685836322,granite_shares,https://graniteshares.com/media/cizb0ulu/semy_holdings_file_20261002.xls,2SOXL,2026-10-09,147.34,P,long
2026-10-05,SEMY,SOXL261007P00133070,2SOXL 10/07/2026 P133.07,2SOXL 10/07/2026 P133.07,OPTION_PUT,2080.0,0.193831,40316.848,0.08536720636433086,granite_shares,https://graniteshares.com/media/cizb0ulu/semy_holdings_file_20261002.xls,2SOXL,2026-10-07,133.07,P,long
2026-10-05,SEMY,SOXL261005P00128060,2SOXL 10/05/2026 P128.06,2SOXL 10/05/2026 P128.06,OPTION_PUT,140.0,0.005447,76.258,0.0001614692801116581,granite_shares,https://graniteshares.com/media/cizb0ulu/semy_holdings_file_20261002.xls,2SOXL,2026-10-05,128.06,P,long
2026-10-05,SEMY,SOXL261005P00135180,2SOXL 10/05/2026 P135.18,2SOXL 10/05/2026 P135.18,OPTION_PUT,-140.0,0.016624,-232.73600000000002,-0.0004927970098359105,granite_shares,https://graniteshares.com/media/cizb0ulu/semy_holdings_file_20261002.xls,2SOXL,2026-10-05,135.18,P,short
2026-10-05,SEMY,SOXL261007P00140470,2SOXL 10/07/2026 P140.47,2SOXL 10/07/2026 P140.47,OPTION_PUT,-2080.0,0.517203,-107578.224,-0.22778696510491622,granite_shares,https://graniteshares.com/media/cizb0ulu/semy_holdings_file_20261002.xls,2SOXL,2026-10-07,140.47,P,short
2026-10-05,SEMY,SOXL261009P00155520,2SOXL 10/09/2026 P155.52,2SOXL 10/09/2026 P155.52,OPTION_PUT,-1040.0,4.26,-443039.99999999994,-0.9380963290496603,granite_shares,https://graniteshares.com/media/cizb0ulu/semy_holdings_file_20261002.xls,2SOXL,2026-10-09,155.52,P,short
2026-10-05,SKDD,,US Dollars,,CASH,24193823.072995003,1.0,24193823.072995003,100.0,granite_shares,https://graniteshares.com/media/khapjiqj/skdd_holdings_file_20261004.xls,,,,,
2026-10-05,SKDD,SKHY,SKHY,SKHY,OTHER,-248023.0,195.13,-48396727.99,-2.000375,granite_shares,https://graniteshares.com/media/khapjiqj/skdd_holdings_file_20261004.xls,,,,,
2026-10-05,SKUU,,US Dollars,,CASH,209393012.189331,1.0,209393012.189331,100.0,granite_shares,https://graniteshares.com/media/llln5qex/skuu_holdings_file_20261004.xls,,,,,
2026-10-05,SKUU,SKHY,SKHY,SKHY,OTHER,2148599.0,195.13,419256122.87,2.002245,granite_shares,https://graniteshares.com/media/llln5qex/skuu_holdings_file_20261004.xls,,,,,
2026-10-05,SMCL,,US Dollars,,CASH,51564300.541292,1.0,51564300.541292,100.0,granite_shares,https://graniteshares.com/media/mxal5lkn/smcl_holdings_file_20261004.xls,,,,,
2026-10-05,SMCL,SMCI,SMCI,SMCI,OTHER,2359406.0,43.69,103082448.14,1.999104,granite_shares,https://graniteshares.com/media/mxal5lkn/smcl_holdings_file_20261004.xls,,,,,
2026-10-05,SMCX,86800U302-TRS-11/01/30-L-SMCX,Super Micro Computer Inc Swap Ms,86800U302-TRS-11/01/30-L-SMCX,SWAP,1354000.0,,,30.6,defiance,https://www.defianceetfs.com/smcx-full-holdings/,,,,,
2026-10-05,SMCX,86800U302-TRS-03/31/33-L-SMCX,Super Micro Computer Inc Nomura,86800U302-TRS-03/31/33-L-SMCX,SWAP,1323038.0,,,29.9,defiance,https://www.defianceetfs.com/smcx-full-holdings/,,,,,
2026-10-05,SMCX,86800U302-TRS-03/17/33-L-SMCX,Super Micro Computer Swap Jnst-l,86800U302-TRS-03/17/33-L-SMCX,SWAP,1243871.0,,,28.11,defiance,https://www.defianceetfs.com/smcx-full-holdings/,,,,,
2026-10-05,SMCX,86800U302-TRS-09/16/28-L-SMCX,Super Micro Computer Inc Swap Mar - L,86800U302-TRS-09/16/28-L-SMCX,SWAP,1145894.0,,,25.89,defiance,https://www.defianceetfs.com/smcx-full-holdings/,,,,,
2026-10-05,SMCX,86800U302-TRS-01/31/33-L-SMCX,Super Micro Computer Inc Swap Nbc-l,86800U302-TRS-01/31/33-L-SMCX,SWAP,1125195.0,,,25.43,defiance,https://www.defianceetfs.com/smcx-full-holdings/,,,,,
2026-10-05,SMCX,86800U302-TRS-12/14/27-L,Super Micro Computer Inc Com Swap Cs - L,86800U302-TRS-12/14/27-L,SWAP,1103240.0,,,24.93,defiance,https://www.defianceetfs.com/smcx-full-holdings/,,,,,
2026-10-05,SMCX,86800U302 TRS 090828,Super Micro Computer Inc Com Swap Can - L,86800U302 TRS 090828,SWAP,1085047.0,,,24.52,defiance,https://www.defianceetfs.com/smcx-full-holdings/,,,,,
2026-10-05,SMCX,912797UZ8,United States Treasury Bill 11/19/2026,912797UZ8,TREASURY,37770000.0,,,19.44,defiance,https://www.defianceetfs.com/smcx-full-holdings/,,,,,
2026-10-05,SMCX,86800U302-TRS-08/31/27-L-SMCX,Super Micro Computer Inc Swap Bmo,86800U302-TRS-08/31/27-L-SMCX,SWAP,463070.0,,,10.46,defiance,https://www.defianceetfs.com/smcx-full-holdings/,,,,,
2026-10-05,SMCX,FGXXX,First American Government Obligations Fund 12/01/2031,31846V336,COMMON_STOCK,17162586.0,,,8.88,defiance,https://www.defianceetfs.com/smcx-full-holdings/,,,,,
2026-10-05,SMCX,DGCXX,Bny Dreyfus Government Cash Management 12/31/2031,262006208,CASH,205.0,,,0.0,defiance,https://www.defianceetfs.com/smcx-full-holdings/,,,,,
2026-10-05,SMCX,Cash&Other,Cash & Other,Cash&Other,CASH,-247896848.0,,,-128.22,defiance,https://www.defianceetfs.com/smcx-full-holdings/,,,,,
2026-05-01,SMCY,912797RG4,United States Treasury Bill 08/06/2026,912797RG4,TREASURY,44533000.0,99.035389,44103429.78,41.08,yieldmax,https://yieldmaxetfs.com/?fund_csv_ticker=SMCY,,,,,
2026-05-01,SMCY,912797RF6,United States Treasury Bill 07/09/2026,912797RF6,TREASURY,41788000.0,99.309521,41499462.64,38.65,yieldmax,https://yieldmaxetfs.com/?fund_csv_ticker=SMCY,,,,,
2026-05-01,SMCY,912797QX8,United States Treasury Bill 06/11/2026,912797QX8,TREASURY,14691000.0,99.590569,14630850.49,13.63,yieldmax,https://yieldmaxetfs.com/?fund_csv_ticker=SMCY,,,,,
2026-05-01,SMCY,912797RS8,United States Treasury Bill 09/03/2026,912797RS8,TREASURY,14535000.0,98.758681,14354574.28,13.37,yieldmax,https://yieldmaxetfs.com/?fund_csv_ticker=SMCY,,,,,
2026-05-01,SMCY,912797TR8,United States Treasury Bill 05/12/2026,912797TR8,TREASURY,7383000.0,99.890894,7374944.7,6.87,yieldmax,https://yieldmaxetfs.com/?fund_csv_ticker=SMCY,,,,,
2026-05-01,SMCY,FGXXX,First American Government Obligations Fund 12/01/2031,31846V336,COMMON_STOCK,4210164.0,100.0,4210164.07,3.92,yieldmax,https://yieldmaxetfs.com/?fund_csv_ticker=SMCY,,,,,
2026-05-01,SMCY,SMCI  260515C00032000,SMCI US 05/15/26 C32,SMCI  260515C00032000,OPTION_CALL,38936.0,0.72,2803392.0,2.61,yieldmax,https://yieldmaxetfs.com/?fund_csv_ticker=SMCY,,,,,
2026-05-01,SMCY,SMCI  260508C00029500,SMCI US 05/08/26 C29.5,SMCI  260508C00029500,OPTION_CALL,15436.0,1.0,1543600.0,1.44,yieldmax,https://yieldmaxetfs.com/?fund_csv_ticker=SMCY,,,,,
2026-05-01,SMCY,Cash&Other,Cash & Other,Cash&Other,CASH,1261381.0,1.0,1261381.33,1.17,yieldmax,https://yieldmaxetfs.com/?fund_csv_ticker=SMCY,,,,,
2026-05-01,SMCY,SMCI  260508C00029000,SMCI US 05/08/26 C29,SMCI  260508C00029000,OPTION_CALL,7500.0,1.16,870000.0,0.81,yieldmax,https://yieldmaxetfs.com/?fund_csv_ticker=SMCY,,,,,
2026-05-01,SMCY,SMCI  260501C00029000,SMCI US 05/01/26 C29,SMCI  260501C00029000,OPTION_CALL,16000.0,0.065,104000.0,0.1,yieldmax,https://yieldmaxetfs.com/?fund_csv_ticker=SMCY,,,,,
2026-05-01,SMCY,SMCI  260501C00028000,SMCI US 05/01/26 C28,SMCI  260501C00028000,OPTION_CALL,-11000.0,0.22,-242000.0,-0.23,yieldmax,https://yieldmaxetfs.com/?fund_csv_ticker=SMCY,,,,,
2026-05-01,SMCY,SMCI  260501C00027000,SMCI US 05/01/26 C27,SMCI  260501C00027000,OPTION_CALL,-5000.0,0.68,-340000.0,-0.32,yieldmax,https://yieldmaxetfs.com/?fund_csv_ticker=SMCY,,,,,
2026-05-01,SMCY,SMCI  260508C00027000,SMCI US 05/08/26 C27,SMCI  260508C00027000,OPTION_CALL,-7500.0,2.025,-1518750.0,-1.41,yieldmax,https://yieldmaxetfs.com/?fund_csv_ticker=SMCY,,,,,
2026-05-01,SMCY,SMCI  260508C00027500,SMCI US 05/08/26 C27.5,SMCI  260508C00027500,OPTION_CALL,-15436.0,1.785,-2755326.0,-2.57,yieldmax,https://yieldmaxetfs.com/?fund_csv_ticker=SMCY,,,,,
2026-05-01,SMCY,2SMCI 260515P00032010,SMCI 05/15/2026 32.01 P,2SMCI 260515P00032010,OPTION_PUT,-38936.0,5.2907,-20599869.52,-19.19,yieldmax,https://yieldmaxetfs.com/?fund_csv_ticker=SMCY,,,,,
2026-10-05,SMCZ,Cash&Other,Cash & Other,Cash&Other,CASH,2227382.0,,,299.88,defiance,https://www.defianceetfs.com/smcz-full-holdings/,,,,,
2026-10-05,SMCZ,86800U302-TRS-09/26/33-S-SMCZ,Super Micro Computer Inc Swap Marex,86800U302-TRS-09/26/33-S-SMCZ,SWAP,-5722.0,,,-33.66,defiance,https://www.defianceetfs.com/smcz-full-holdings/,,,,,
2026-10-05,SMCZ,86800U302-TRS-03/17/33-S-SMCZ,Super Micro Computer Swap Jnst-s,86800U302-TRS-03/17/33-S-SMCZ,SWAP,-6086.0,,,-35.8,defiance,https://www.defianceetfs.com/smcz-full-holdings/,,,,,
2026-10-05,SMCZ,86800U302-TRS-03/31/33-S-SMCZ,Super Micro Computer Inc Nomura-s,86800U302-TRS-03/31/33-S-SMCZ,SWAP,-6136.0,,,-36.09,defiance,https://www.defianceetfs.com/smcz-full-holdings/,,,,,
2026-10-05,SMCZ,86800U302-TRS-01/25/28-S-SMCZ,Super Micro Computer Inc Swap Cs-s,86800U302-TRS-01/25/28-S-SMCZ,SWAP,-6490.0,,,-38.17,defiance,https://www.defianceetfs.com/smcz-full-holdings/,,,,,
2026-10-05,SMCZ,86800U302-TRS-10/18/27-S-SMCZ,Super Micro Computer Inc Swap Cantor-s,86800U302-TRS-10/18/27-S-SMCZ,SWAP,-9554.0,,,-56.2,defiance,https://www.defianceetfs.com/smcz-full-holdings/,,,,,
2026-10-05,SMST,Cash&Other,Cash & Other,Cash&Other,CASH,65282428.0,,,291.66,defiance,https://www.defianceetfs.com/smst-full-holdings/,,,,,
2026-10-05,SMST,FGXXX,First American Government Obligations Fund 12/01/2031,31846V336,COMMON_STOCK,1845401.0,,,8.24,defiance,https://www.defianceetfs.com/smst-full-holdings/,,,,,
2026-10-05,SMST,594972408-TRS-09/08/28-S-SMST,Microstrategy Inc Swap - S- Cantor,594972408-TRS-09/08/28-S-SMST,SWAP,-50402.0,,,-36.03,defiance,https://www.defianceetfs.com/smst-full-holdings/,,,,,
2026-10-05,SMST,594972408-TRS-12/01/27-S-SMST,Strategy Inc Swap Bmo-s,594972408-TRS-12/01/27-S-SMST,SWAP,-52000.0,,,-37.17,defiance,https://www.defianceetfs.com/smst-full-holdings/,,,,,
2026-10-05,SMST,594972408-TRS-01/25/28-S-SMST,Strategy Inc Cs-s,594972408-TRS-01/25/28-S-SMST,SWAP,-57250.0,,,-40.93,defiance,https://www.defianceetfs.com/smst-full-holdings/,,,,,
2026-10-05,SMST,594972408-TRS-03/17/33-S-SMST,Strategy Inc Swap Jnst-s,594972408-TRS-03/17/33-S-SMST,SWAP,-58207.0,,,-41.61,defiance,https://www.defianceetfs.com/smst-full-holdings/,,,,,
2026-10-05,SMST,594972408-TRS-09/26/33-S-SMST,Strategy Inc Swap Marex-s,594972408-TRS-09/26/33-S-SMST,SWAP,-61849.0,,,-44.21,defiance,https://www.defianceetfs.com/smst-full-holdings/,,,,,
2026-04-21,SMU,AXSBNXK803MAR,CFD NUSCALE POWER CORP,,SWAP,11379984.0,11.67,132804413.28,200.0,tradr_axs,https://axsetf.filepoint.live/assets/data/BBH_AXS_ETF_PVAL_WEB.20260421.csv,,,,,
2026-04-21,SMU,USD,CASHUSD,CASHUSD,CASH,44685038.33,,44685038.33,67.29,tradr_axs,https://axsetf.filepoint.live/assets/data/BBH_AXS_ETF_PVAL_WEB.20260421.csv,,,,,
2026-04-21,SMU,,NET OTHER ASSETS,,OTHER,1800675.72,,1800675.72,2.71,tradr_axs,https://axsetf.filepoint.live/assets/data/BBH_AXS_ETF_PVAL_WEB.20260421.csv,,,,,
2026-04-21,SMU,AXSBNXK803MAR,CFD NUSCALE POWER CORP,,SWAP,-112887916.67,100.0,-112887916.67,-170.01,tradr_axs,https://axsetf.filepoint.live/assets/data/BBH_AXS_ETF_PVAL_WEB.20260421.csv,,,,,
2026-10-02,SMUP,67079K100-TRS-07/28/27-L,NUSCALE PWR CORP SWAP CLEARSTREET,,SWAP,1529555.0,,11854051.25,200.0,rex_shares,https://www.rexshares.com/SMUP/,,,,,
2026-10-02,SMUP,FGXXX,FIRST AMERICAN GOVERNMENT OBLI FIRST AM GOV OBLIG X,31846V336,COMMON_STOCK,117698.0,,117697.6,1.99,rex_shares,https://www.rexshares.com/SMUP/,,,,,
2026-10-02,SMUP,Cash&Other,Cash & Other,,CASH,-6047585.0,,-6047584.6,-102.03,rex_shares,https://www.rexshares.com/SMUP/,,,,,
2026-10-05,SMYY,912797UL9,US TBill 10/22/2026,912797UL9,TREASURY,2300000.0,0.9981996499999999,2295859.195,38.25162339001288,granite_shares,https://graniteshares.com/media/rr1bccin/smyy_holdings_file_20261002.xls,,,,,
2026-10-05,SMYY,912797VV6,US TBill 02/04/2027,912797VV6,TREASURY,2100000.0,0.9863021099999999,2071234.4309999999,34.50911953990263,granite_shares,https://graniteshares.com/media/rr1bccin/smyy_holdings_file_20261002.xls,,,,,
2026-10-05,SMYY,,US Dollars,,CASH,1688864.6015005717,1.0,1688864.6015005717,28.13840362423622,granite_shares,https://graniteshares.com/media/rr1bccin/smyy_holdings_file_20261002.xls,,,,,
2026-10-05,SMYY,SMCX261009P00013890,2SMCX 10/09/2026 P13.89,2SMCX 10/09/2026 P13.89,OPTION_PUT,890.0,0.41,36490.0,0.6079648702069336,granite_shares,https://graniteshares.com/media/rr1bccin/smyy_holdings_file_20261002.xls,2SMCX,2026-10-09,13.89,P,long
2026-10-05,SMYY,SMCX261007P00012330,2SMCX 10/07/2026 P12.33,2SMCX 10/07/2026 P12.33,OPTION_PUT,2840.0,0.11879999999999999,33739.2,0.5621334159738496,granite_shares,https://graniteshares.com/media/rr1bccin/smyy_holdings_file_20261002.xls,2SMCX,2026-10-07,12.33,P,long
2026-10-05,SMYY,SMCX261005P00012800,2SMCX 10/05/2026 P12.80,2SMCX 10/05/2026 P12.80,OPTION_PUT,750.0,0.0674,5055.0,0.0842220449135667,granite_shares,https://graniteshares.com/media/rr1bccin/smyy_holdings_file_20261002.xls,2SMCX,2026-10-05,12.8,P,long
2026-10-05,SMYY,SMCX261005P00013510,2SMCX 10/05/2026 P13.51,2SMCX 10/05/2026 P13.51,OPTION_PUT,-750.0,0.1587,-11902.5,-0.19830917697007475,granite_shares,https://graniteshares.com/media/rr1bccin/smyy_holdings_file_20261002.xls,2SMCX,2026-10-05,13.51,P,short
2026-10-05,SMYY,SMCX261007P00013020,2SMCX 10/07/2026 P13.02,2SMCX 10/07/2026 P13.02,OPTION_PUT,-2840.0,0.2001,-56828.4,-0.9468257284206003,granite_shares,https://graniteshares.com/media/rr1bccin/smyy_holdings_file_20261002.xls,2SMCX,2026-10-07,13.02,P,short
2026-10-05,SMYY,SMCX261009P00014660,2SMCX 10/09/2026 P14.66,2SMCX 10/09/2026 P14.66,OPTION_PUT,-890.0,0.68,-60520.00000000001,-1.0083319798554022,granite_shares,https://graniteshares.com/media/rr1bccin/smyy_holdings_file_20261002.xls,2SMCX,2026-10-09,14.66,P,short
2026-04-21,SMZ,AXSBNXK803MAR,CFD NUSCALE POWER CORP,,SWAP,7184867.3,100.0,7184867.3,193.44,tradr_axs,https://axsetf.filepoint.live/assets/data/BBH_AXS_ETF_PVAL_WEB.20260421.csv,,,,,
2026-04-21,SMZ,USD,CASHUSD,CASHUSD,CASH,3689312.18,,3689312.18,99.33,tradr_axs,https://axsetf.filepoint.live/assets/data/BBH_AXS_ETF_PVAL_WEB.20260421.csv,,,,,
2026-04-21,SMZ,AXSBNXK803CLS,CFD NUSCALE POWER CORP,,SWAP,419383.46,100.0,419383.46,11.29,tradr_axs,https://axsetf.filepoint.live/assets/data/BBH_AXS_ETF_PVAL_WEB.20260421.csv,,,,,
2026-04-21,SMZ,,NET OTHER ASSETS,,OTHER,-151049.18,,-151049.18,-4.07,tradr_axs,https://axsetf.filepoint.live/assets/data/BBH_AXS_ETF_PVAL_WEB.20260421.csv,,,,,
2026-04-21,SMZ,AXSBNXK803CLS,CFD NUSCALE POWER CORP,,SWAP,-25075.0,11.67,-292625.25,-7.88,tradr_axs,https://axsetf.filepoint.live/assets/data/BBH_AXS_ETF_PVAL_WEB.20260421.csv,,,,,
2026-04-21,SMZ,AXSBNXK803MAR,CFD NUSCALE POWER CORP,,SWAP,-611458.0,11.67,-7135714.86,-192.12,tradr_axs,https://axsetf.filepoint.live/assets/data/BBH_AXS_ETF_PVAL_WEB.20260421.csv,,,,,
2026-10-02,SNDU,80004C200-TRS-08/10/27-L,SANDISK CORPORATION-SWAP-HSBC-L,,SWAP,91603.0,,157556243.97,54.24,rex_shares,https://www.rexshares.com/SNDU/,,,,,
2026-10-02,SNDU,80004C200-TRS-03/15/28-L,SANDISK CORP SWAP CLEAR STREET,,SWAP,90751.0,,156090812.49,53.73,rex_shares,https://www.rexshares.com/SNDU/,,,,,
2026-10-02,SNDU,80004C200-TRS-09/14/27-L,SANDISK CORPORATION-SWAP-RIPL-L,,SWAP,87018.0,,149670089.82,51.52,rex_shares,https://www.rexshares.com/SNDU/,,,,,
2026-10-02,SNDU,80004C200-TRS-04/19/27-L,SANDISK CORP SWAP CANTOR,,SWAP,63578.0,,109353524.22,37.64,rex_shares,https://www.rexshares.com/SNDU/,,,,,
2026-10-02,SNDU,FGXXX,FIRST AMERICAN GOVERNMENT OBLI FIRST AM GOV OBLIG X,31846V336,COMMON_STOCK,24781719.0,,24781718.89,8.53,rex_shares,https://www.rexshares.com/SNDU/,,,,,
2026-10-02,SNDU,80004C200-TRS-07/26/27-L,SANDISK CORPORATION-SWAP-JNST-L,,SWAP,4822.0,,8293791.78,2.86,rex_shares,https://www.rexshares.com/SNDU/,,,,,
2026-10-02,SNDU,Cash&Other,Cash & Other,,CASH,-315409097.0,,-315409096.65,-108.58,rex_shares,https://www.rexshares.com/SNDU/,,,,,
2026-10-05,SNK,,US Dollars,,CASH,50070408.11294,1.0,50070408.11294,100.0,granite_shares,https://graniteshares.com/media/zj3bfpwr/snk_holdings_file_20261004.xls,,,,,
2026-10-05,SNK,SPCX,SPCX,SPCX,OTHER,-629970.0,158.96,-100140031.2,-1.999984,granite_shares,https://graniteshares.com/media/zj3bfpwr/snk_holdings_file_20261004.xls,,,,,
2026-10-02,SNOU,833445109-TRS-04/27/27-L,SNOWFLAKE INC SWAP CLEARSTREET,,SWAP,151555.0,,51686317.2,200.0,rex_shares,https://www.rexshares.com/SNOU/,,,,,
2026-10-02,SNOU,FGXXX,FIRST AMERICAN GOVERNMENT OBLI FIRST AM GOV OBLIG X,31846V336,COMMON_STOCK,2559010.0,,2559010.22,9.9,rex_shares,https://www.rexshares.com/SNOU/,,,,,
2026-10-02,SNOU,Cash&Other,Cash & Other,,CASH,-28410292.0,,-28410292.48,-109.93,rex_shares,https://www.rexshares.com/SNOU/,,,,,
2026-05-01,SNOY,912797RG4,United States Treasury Bill 08/06/2026,912797RG4,TREASURY,5444000.0,99.035389,5391486.58,32.31,yieldmax,https://yieldmaxetfs.com/?fund_csv_ticker=SNOY,,,,,
2026-05-01,SNOY,912797RS8,United States Treasury Bill 09/03/2026,912797RS8,TREASURY,5000000.0,98.758681,4937934.05,29.59,yieldmax,https://yieldmaxetfs.com/?fund_csv_ticker=SNOY,,,,,
2026-05-01,SNOY,912797RF6,United States Treasury Bill 07/09/2026,912797RF6,TREASURY,3843000.0,99.309521,3816464.89,22.87,yieldmax,https://yieldmaxetfs.com/?fund_csv_ticker=SNOY,,,,,
2026-05-01,SNOY,912797QX8,United States Treasury Bill 06/11/2026,912797QX8,TREASURY,2553000.0,99.590569,2542547.23,15.24,yieldmax,https://yieldmaxetfs.com/?fund_csv_ticker=SNOY,,,,,
2026-05-01,SNOY,FGXXX,First American Government Obligations Fund 12/01/2031,31846V336,COMMON_STOCK,1317217.0,100.0,1317217.36,7.89,yieldmax,https://yieldmaxetfs.com/?fund_csv_ticker=SNOY,,,,,
2026-05-01,SNOY,Cash&Other,Cash & Other,Cash&Other,CASH,461370.0,1.0,461369.9,2.76,yieldmax,https://yieldmaxetfs.com/?fund_csv_ticker=SNOY,,,,,
2026-05-01,SNOY,2SNOW 260515C00150010,SNOW 05/15/2026 150.01 C,2SNOW 260515C00150010,OPTION_CALL,1225.0,2.626,321685.0,1.93,yieldmax,https://yieldmaxetfs.com/?fund_csv_ticker=SNOY,,,,,
2026-05-01,SNOY,SNOW  260508C00145000,SNOWFLAK CLL OPT 05/26 145,SNOW  260508C00145000,OPTION_CALL,400.0,2.21,88400.0,0.53,yieldmax,https://yieldmaxetfs.com/?fund_csv_ticker=SNOY,,,,,
2026-05-01,SNOY,SNOW  260508C00147000,SNOWFLAK CLL OPT 05/26 147,SNOW  260508C00147000,OPTION_CALL,190.0,1.755,33345.0,0.2,yieldmax,https://yieldmaxetfs.com/?fund_csv_ticker=SNOY,,,,,
2026-05-01,SNOY,SNOW  260501C00147000,SNOW US 05/01/26 C147,SNOW  260501C00147000,OPTION_CALL,325.0,0.05,1625.0,0.01,yieldmax,https://yieldmaxetfs.com/?fund_csv_ticker=SNOY,,,,,
2026-05-01,SNOY,SNOW  260501C00149000,SNOW US 05/01/26 C149,SNOW  260501C00149000,OPTION_CALL,310.0,0.04,1240.0,0.01,yieldmax,https://yieldmaxetfs.com/?fund_csv_ticker=SNOY,,,,,
2026-05-01,SNOY,SNOW  260501C00142000,SNOW US 05/01/26 C142,SNOW  260501C00142000,OPTION_CALL,-310.0,0.33,-10230.0,-0.06,yieldmax,https://yieldmaxetfs.com/?fund_csv_ticker=SNOY,,,,,
2026-05-01,SNOY,SNOW  260501C00140000,SNOW US 05/01/26 C140,SNOW  260501C00140000,OPTION_CALL,-325.0,0.67,-21775.0,-0.13,yieldmax,https://yieldmaxetfs.com/?fund_csv_ticker=SNOY,,,,,
2026-05-01,SNOY,SNOW  260508C00140000,SNOWFLAK CLL OPT 05/26 140,SNOW  260508C00140000,OPTION_CALL,-190.0,3.7,-70300.0,-0.42,yieldmax,https://yieldmaxetfs.com/?fund_csv_ticker=SNOY,,,,,
2026-05-01,SNOY,SNOW  260508C00138000,SNOWFLAK CLL OPT 05/26 138,SNOW  260508C00138000,OPTION_CALL,-400.0,4.55,-182000.0,-1.09,yieldmax,https://yieldmaxetfs.com/?fund_csv_ticker=SNOY,,,,,
2026-05-01,SNOY,2SNOW 260515P00150010,SNOW 05/15/2026 150.01 P,2SNOW 260515P00150010,OPTION_PUT,-1225.0,15.9083,-1948766.75,-11.68,yieldmax,https://yieldmaxetfs.com/?fund_csv_ticker=SNOY,,,,,
2026-04-21,SNXX,AXSBSNPZV3CLS,CFD SANDISK CORP,,SWAP,1798697.0,903.49,1625104752.53,173.98,tradr_axs,https://axsetf.filepoint.live/assets/data/BBH_AXS_ETF_PVAL_WEB.20260421.csv,,,,,
2026-04-21,SNXX,USD,CASHUSD,CASHUSD,CASH,561647113.98,,561647113.98,60.13,tradr_axs,https://axsetf.filepoint.live/assets/data/BBH_AXS_ETF_PVAL_WEB.20260421.csv,,,,,
2026-04-21,SNXX,AXSBSNPZV3TDS,CFD SANDISK CORP,,SWAP,264933.0,903.49,239364316.17,25.63,tradr_axs,https://axsetf.filepoint.live/assets/data/BBH_AXS_ETF_PVAL_WEB.20260421.csv,,,,,
2026-04-21,SNXX,AXSBSNPZV3MAR,CFD SANDISK CORP,,SWAP,3961.0,903.49,3578723.89,0.38,tradr_axs,https://axsetf.filepoint.live/assets/data/BBH_AXS_ETF_PVAL_WEB.20260421.csv,,,,,
2026-04-21,SNXX,AXSBSNPZV3MAR,CFD SANDISK CORP,,SWAP,-2088754.12,100.0,-2088754.12,-0.22,tradr_axs,https://axsetf.filepoint.live/assets/data/BBH_AXS_ETF_PVAL_WEB.20260421.csv,,,,,
2026-04-21,SNXX,AXSBSNPZV3TDS,CFD SANDISK CORP,,SWAP,-168819015.43,100.0,-168819015.43,-18.07,tradr_axs,https://axsetf.filepoint.live/assets/data/BBH_AXS_ETF_PVAL_WEB.20260421.csv,,,,,
2026-04-21,SNXX,,NET OTHER ASSETS,,OTHER,-173795211.7,,-173795211.7,-18.61,tradr_axs,https://axsetf.filepoint.live/assets/data/BBH_AXS_ETF_PVAL_WEB.20260421.csv,,,,,
2026-04-21,SNXX,AXSBSNPZV3CLS,CFD SANDISK CORP,,SWAP,-1150893943.91,100.0,-1150893943.91,-123.21,tradr_axs,https://axsetf.filepoint.live/assets/data/BBH_AXS_ETF_PVAL_WEB.20260421.csv,,,,,
2026-10-05,SOFX,912797UZ8,United States Treasury Bill 11/19/2026,912797UZ8,TREASURY,35500000.0,,,66.82,defiance,https://www.defianceetfs.com/sofx-full-holdings/,,,,,
2026-10-05,SOFX,83406F102-TRS-04/14/31-L-SOFX,"Sofi Technologies, Inc.-swap-mscs-l",83406F102-TRS-04/14/31-L-SOFX,SWAP,1640800.0,,,48.94,defiance,https://www.defianceetfs.com/sofx-full-holdings/,,,,,
2026-10-05,SOFX,83406F102-TRS-03/31/33-L-SOFX,Sofi Nomura,83406F102-TRS-03/31/33-L-SOFX,SWAP,885282.0,,,26.41,defiance,https://www.defianceetfs.com/sofx-full-holdings/,,,,,
2026-10-05,SOFX,83406F102-TRS-03/17/33-L-SOFX,Sofi Technologies Swap Jnst-l,83406F102-TRS-03/17/33-L-SOFX,SWAP,871035.0,,,25.98,defiance,https://www.defianceetfs.com/sofx-full-holdings/,,,,,
2026-10-05,SOFX,83406F102-TRS-02/05/29-L-SOFX,Sofi Tech Swap Marex-l,83406F102-TRS-02/05/29-L-SOFX,SWAP,801783.0,,,23.92,defiance,https://www.defianceetfs.com/sofx-full-holdings/,,,,,
2026-10-05,SOFX,83406F102-TRS-01/31/33-L-SOFX,Sofi Technologies Swap Nbc-l,83406F102-TRS-01/31/33-L-SOFX,SWAP,766954.0,,,22.88,defiance,https://www.defianceetfs.com/sofx-full-holdings/,,,,,
2026-10-05,SOFX,83406F102-TRS-09/08/28-L-SOFX,Sofi Technologies - L -cantor,83406F102-TRS-09/08/28-L-SOFX,SWAP,725959.0,,,21.65,defiance,https://www.defianceetfs.com/sofx-full-holdings/,,,,,
2026-10-05,SOFX,83406F102-TRS-03/07/28-L-SOFX,Sofi Technologies Swap Cs-l,83406F102-TRS-03/07/28-L-SOFX,SWAP,697860.0,,,20.82,defiance,https://www.defianceetfs.com/sofx-full-holdings/,,,,,
2026-10-05,SOFX,FGXXX,First American Government Obligations Fund 12/01/2031,31846V336,COMMON_STOCK,5253095.0,,,9.94,defiance,https://www.defianceetfs.com/sofx-full-holdings/,,,,,
2026-10-05,SOFX,83406F102-TRS-08/31/27-L-SOFX,Sofi Technologies Inc Swap Bmo,83406F102-TRS-08/31/27-L-SOFX,SWAP,311561.0,,,9.29,defiance,https://www.defianceetfs.com/sofx-full-holdings/,,,,,
2026-10-05,SOFX,Cash&Other,Cash & Other,Cash&Other,CASH,-93430329.0,,,-176.73,defiance,https://www.defianceetfs.com/sofx-full-holdings/,,,,,
2026-05-08,SOLX,FGXXX,FIRST AMERICAN GOVERNMENT OBLI FIRST AM GOV OBLIG X,31846V336,COMMON_STOCK,448073.0,,448072.67,103.96,rex_shares,https://www.rexshares.com/SOLX/,,,,,
2026-05-08,SOLX,,SOLXCFC,,OTHER,1.0,,0.0,0.0,rex_shares,https://www.rexshares.com/SOLX/,,,,,
2026-10-05,SOUX,836100107-TRS-04/14/31-L-SOUX,"Soundhound Ai, Inc.-swap-mscs-l",836100107-TRS-04/14/31-L-SOUX,SWAP,595000.0,,,49.32,defiance,https://www.defianceetfs.com/soux-full-holdings/,,,,,
2026-10-05,SOUX,836100107-TRS-01/31/33-L-SOUX,Soundhound Ai Inc Swap Nbc-l,836100107-TRS-01/31/33-L-SOUX,SWAP,334964.0,,,27.77,defiance,https://www.defianceetfs.com/soux-full-holdings/,,,,,
2026-10-05,SOUX,836100107-TRS-03/17/33-L-SOUX,Soundhound Ai Inc Swap Jnst-l,836100107-TRS-03/17/33-L-SOUX,SWAP,328629.0,,,27.24,defiance,https://www.defianceetfs.com/soux-full-holdings/,,,,,
2026-10-05,SOUX,836100107-TRS-09/19/28-L-SOUX,Soundhound Ai Inc Swap Marex,836100107-TRS-09/19/28-L-SOUX,SWAP,289390.0,,,23.99,defiance,https://www.defianceetfs.com/soux-full-holdings/,,,,,
2026-10-05,SOUX,836100107-TRS-03/31/33-L-SOUX,Soundhound Ai Inc Swap Nm,836100107-TRS-03/31/33-L-SOUX,SWAP,256198.0,,,21.24,defiance,https://www.defianceetfs.com/soux-full-holdings/,,,,,
2026-10-05,SOUX,912797UZ8,United States Treasury Bill 11/19/2026,912797UZ8,TREASURY,1500000.0,,,21.19,defiance,https://www.defianceetfs.com/soux-full-holdings/,,,,,
2026-10-05,SOUX,836100107-TRS-03/14/28-L-SOUX,Soundhound Ai Inc Swap Cs-l,836100107-TRS-03/14/28-L-SOUX,SWAP,223820.0,,,18.55,defiance,https://www.defianceetfs.com/soux-full-holdings/,,,,,
2026-10-05,SOUX,836100107-TRS-09/08/28-L-SOUX,Soundhound Ai Inc Swap Cantor,836100107-TRS-09/08/28-L-SOUX,SWAP,213608.0,,,17.71,defiance,https://www.defianceetfs.com/soux-full-holdings/,,,,,
2026-10-05,SOUX,836100107-TRS-01/29/27-L-SOUX,Soundhound Ai Inc Swap Bmo-l,836100107-TRS-01/29/27-L-SOUX,SWAP,170342.0,,,14.12,defiance,https://www.defianceetfs.com/soux-full-holdings/,,,,,
2026-10-05,SOUX,FGXXX,First American Government Obligations Fund 12/01/2031,31846V336,COMMON_STOCK,939346.0,,,13.33,defiance,https://www.defianceetfs.com/soux-full-holdings/,,,,,
2026-10-05,SOUX,Cash&Other,Cash & Other,Cash&Other,CASH,-9481120.0,,,-134.58,defiance,https://www.defianceetfs.com/soux-full-holdings/,,,,,
2026-10-05,SOXL,,ICESEMI SWAP ASSET LEG,ICESEMGSL,SWAP,4514395.0,3008.03,13579435591.85,53.8236408548,direxion,https://www.direxion.com/holdings/SOXL.csv,,,,,
2026-10-05,SOXL,,ICESEMI SWAP ASSET LEG,ICESEMBCL,SWAP,4509216.0,3008.03,13563857004.48,53.761893348,direxion,https://www.direxion.com/holdings/SOXL.csv,,,,,
2026-10-05,SOXL,,ICESEMI SWAP ASSET LEG,ICESEMMLL,SWAP,3156638.0,3008.03,9495261803.14,37.6355524983,direxion,https://www.direxion.com/holdings/SOXL.csv,,,,,
2026-10-05,SOXL,,ICESEMI SWAP ASSET LEG,ICESEMJPL,SWAP,2162455.0,3008.03,6504729513.65,25.7822368855,direxion,https://www.direxion.com/holdings/SOXL.csv,,,,,
2026-10-05,SOXL,,ICESEMI SWAP ASSET LEG,ICESEMBPL,SWAP,1350015.0,3008.03,4060885620.45,16.095783047,direxion,https://www.direxion.com/holdings/SOXL.csv,,,,,
2026-10-05,SOXL,,ICESEMI SWAP ASSET LEG,ICESEMNML,SWAP,1285000.0,3008.03,3865318550.0,15.3206306711,direxion,https://www.direxion.com/holdings/SOXL.csv,,,,,
2026-10-05,SOXL,,ICESEMI SWAP ASSET LEG,ICESEMCTL,SWAP,1183569.0,3008.03,3560211059.07,14.1113023523,direxion,https://www.direxion.com/holdings/SOXL.csv,,,,,
2026-10-05,SOXL,,ICESEMI SWAP ASSET LEG,ICESEMUBL,SWAP,1152148.0,3008.03,3465695748.44,13.7366801451,direxion,https://www.direxion.com/holdings/SOXL.csv,,,,,
2026-10-05,SOXL,,DREYFUS TRSRY SECURITIES CASH MGMT,X9USDDTP3,CASH,3212509161.23,1.0,3212509161.23,12.7331462466,direxion,https://www.direxion.com/holdings/SOXL.csv,,,,,
2026-10-05,SOXL,,JP MORGAN 100 US TRSY CAPITAL 3163,X9USDJPMN,OTHER,1777000000.0,1.0,1777000000.0,7.0433420559,direxion,https://www.direxion.com/holdings/SOXL.csv,,,,,
2026-10-05,SOXL,AMD,ADVANCED MICRO DEVICES,007903107,COMMON_STOCK,2534144.0,633.91,1606419223.04,6.3672257023,direxion,https://www.direxion.com/holdings/SOXL.csv,,,,,
2026-10-05,SOXL,INTC,INTEL CORP,458140100,COMMON_STOCK,13329115.0,119.33,1590563292.95,6.304378916,direxion,https://www.direxion.com/holdings/SOXL.csv,,,,,
2026-10-05,SOXL,,DREYFUS GOVT CASH MAN INS,X9USDDGCM,MONEY_MARKET,1422357567.07,1.0,1422357567.07,5.6376763481,direxion,https://www.direxion.com/holdings/SOXL.csv,,,,,
2026-10-05,SOXL,MU,MICRON TECHNOLOGY INC,595112103,COMMON_STOCK,1244276.0,1074.89,1337459829.64,5.3011744885,direxion,https://www.direxion.com/holdings/SOXL.csv,,,,,
2026-10-05,SOXL,,GOLDMAN FINL SQ TRSRY INST 506,X9USDGSFC,OTHER,1298423734.81,1.0,1298423734.81,5.1464504771,direxion,https://www.direxion.com/holdings/SOXL.csv,,,,,
2026-10-05,SOXL,NVDA,NVIDIA CORP,67066G104,COMMON_STOCK,5403414.0,233.95,1264128705.3,5.0105182184,direxion,https://www.direxion.com/holdings/SOXL.csv,,,,,
2026-10-05,SOXL,AVGO,BROADCOM INC,11135F101,COMMON_STOCK,3221292.0,355.14,1144009640.88,4.5344126145,direxion,https://www.direxion.com/holdings/SOXL.csv,,,,,
2026-10-05,SOXL,MRVL,MARVELL TECHNOLOGY INC,573874104,COMMON_STOCK,2818702.0,272.29,767504367.58,3.0420910468,direxion,https://www.direxion.com/holdings/SOXL.csv,,,,,
2026-10-05,SOXL,KLAC,KLA CORP,482480100,COMMON_STOCK,3399676.0,206.89,703358967.64,2.7878434424,direxion,https://www.direxion.com/holdings/SOXL.csv,,,,,
2026-10-05,SOXL,AMAT,APPLIED MATERIALS INC,038222105,COMMON_STOCK,1301772.0,540.04,703008950.88,2.7864561111,direxion,https://www.direxion.com/holdings/SOXL.csv,,,,,
2026-10-05,SOXL,LRCX,LAM RESEARCH CORP,512807306,COMMON_STOCK,1978938.0,347.49,687661165.62,2.7256234147,direxion,https://www.direxion.com/holdings/SOXL.csv,,,,,
2026-10-05,SOXL,ADI,ANALOG DEVICES INC,032654105,COMMON_STOCK,1646809.0,417.15,686966374.35,2.7228695303,direxion,https://www.direxion.com/holdings/SOXL.csv,,,,,
2026-10-05,SOXL,TXN,TEXAS INSTRUMENTS INC,882508104,COMMON_STOCK,2286337.0,293.8,671725810.6,2.6624618187,direxion,https://www.direxion.com/holdings/SOXL.csv,,,,,
2026-10-05,SOXL,QCOM,QUALCOMM INC,747525103,COMMON_STOCK,3498807.0,184.87,646824450.09,2.5637624379,direxion,https://www.direxion.com/holdings/SOXL.csv,,,,,
2026-10-05,SOXL,TER,TERADYNE INC,880770102,COMMON_STOCK,1280023.0,449.04,574781527.92,2.2782121038,direxion,https://www.direxion.com/holdings/SOXL.csv,,,,,
2026-10-05,SOXL,MPWR,MONOLITHIC POWER SYSTEMS INC,609839105,COMMON_STOCK,390593.0,1439.73,562348459.89,2.2289322215,direxion,https://www.direxion.com/holdings/SOXL.csv,,,,,
2026-10-05,SOXL,SKHY,SK HYNIX INC-ADR,78392B206,ADR,2774078.0,195.13,541305840.14,2.1455273995,direxion,https://www.direxion.com/holdings/SOXL.csv,,,,,
2026-10-05,SOXL,TSM,TAIWAN SEMICONDUCTOR-SP ADR,874039100,ADR,1099543.0,472.78,519841939.54,2.0604527829,direxion,https://www.direxion.com/holdings/SOXL.csv,,,,,
2026-10-05,SOXL,NXPI,NXP SEMICONDUCTORS NV,N6596X109,COMMON_STOCK,2077061.0,243.66,506096683.26,2.0059718928,direxion,https://www.direxion.com/holdings/SOXL.csv,,,,,
2026-10-05,SOXL,ALAB,ASTERA LABS INC,04626A103,COMMON_STOCK,1172878.0,350.33,410894349.74,1.628626592,direxion,https://www.direxion.com/holdings/SOXL.csv,,,,,
2026-10-05,SOXL,MCHP,MICROCHIP TECHNOLOGY INC,595017104,COMMON_STOCK,4400123.0,81.32,357818002.36,1.4182524391,direxion,https://www.direxion.com/holdings/SOXL.csv,,,,,
2026-10-05,SOXL,CRDO,CREDO TECHNOLOGY GROUP HOLDI,G25457105,COMMON_STOCK,1393031.0,218.64,304572297.84,1.2072070199,direxion,https://www.direxion.com/holdings/SOXL.csv,,,,,
2026-10-05,SOXL,,ICESEMI SWAP ASSET LEG,ICESEMSGL,SWAP,100000.0,3008.03,300803000.0,1.1922669783,direxion,https://www.direxion.com/holdings/SOXL.csv,,,,,
2026-10-05,SOXL,ON,ON SEMICONDUCTOR,682189105,COMMON_STOCK,3189512.0,84.89,270757673.68,1.0731789026,direxion,https://www.direxion.com/holdings/SOXL.csv,,,,,
2026-10-05,SOXL,ASML,ASML HOLDING NV-NY REG SHS,N07059210,COMMON_STOCK,134873.0,1867.31,251849701.63,0.9982350001,direxion,https://www.direxion.com/holdings/SOXL.csv,,,,,
2026-10-05,SOXL,ENTG,ENTEGRIS INC,29362U104,COMMON_STOCK,1253188.0,166.47,208618206.36,0.8268820408,direxion,https://www.direxion.com/holdings/SOXL.csv,,,,,
2026-10-05,SOXL,TSEM,TOWER SEMICONDUCTOR LTD,M87915274,COMMON_STOCK,865546.0,240.86,208475409.56,0.8263160494,direxion,https://www.direxion.com/holdings/SOXL.csv,,,,,
2026-10-05,SOXL,MTSI,MACOM TECHNOLOGY SOLUTIONS H,55405Y100,COMMON_STOCK,586902.0,321.6,188747683.2,0.7481229572,direxion,https://www.direxion.com/holdings/SOXL.csv,,,,,
2026-10-05,SOXL,ASX,ASE TECHNOLOGY HOLDING -ADR,00215W100,ADR,3348144.0,47.45,158869432.8,0.629697106,direxion,https://www.direxion.com/holdings/SOXL.csv,,,,,
2026-10-05,SOXL,CBRS,CEREBRAS SYSTEMS INC - A,15675D103,COMMON_STOCK,792246.0,166.43,131853501.78,0.522616384,direxion,https://www.direxion.com/holdings/SOXL.csv,,,,,
2026-10-05,SOXL,UMC,UNITED MICROELECTRON-SP ADR,910873405,ADR,4617229.0,26.27,121294605.83,0.4807649963,direxion,https://www.direxion.com/holdings/SOXL.csv,,,,,
2026-10-05,SOXL,ARM,ARM HOLDINGS PLC-ADR,042068205,ADR,286555.0,307.49,88112796.95,0.3492451145,direxion,https://www.direxion.com/holdings/SOXL.csv,,,,,
2026-10-05,SOXL,STM,STMICROELECTRONICS NV-NY SHS,861012102,COMMON_STOCK,1302850.0,57.26,74601191.0,0.2956903241,direxion,https://www.direxion.com/holdings/SOXL.csv,,,,,
2026-10-05,SOXL,,GOLDMAN SACHS FIN GOV 465 INSTITUT,X9USDGLDS,OTHER,400475.26,1.0,400475.26,0.0015873293,direxion,https://www.direxion.com/holdings/SOXL.csv,,,,,
2026-10-05,SOXS,,DREYFUS GOVT CASH MAN INS,X9USDDGCM,MONEY_MARKET,987612099.75,1.0,987612099.75,53.715242132,direxion,https://www.direxion.com/holdings/SOXS.csv,,,,,
2026-10-05,SOXS,,DREYFUS TRSRY SECURITIES CASH MGMT,X9USDDTP3,CASH,507535035.34,1.0,507535035.34,27.6043269626,direxion,https://www.direxion.com/holdings/SOXS.csv,,,,,
2026-10-05,SOXS,,GOLDMAN FINL SQ TRSRY INST 506,X9USDGSFC,OTHER,466466923.2,1.0,466466923.2,25.3706730938,direxion,https://www.direxion.com/holdings/SOXS.csv,,,,,
2026-10-05,SOXS,,GOLDMAN SACHS FIN GOV 465 INSTITUT,X9USDGLDS,OTHER,363944159.91,1.0,363944159.91,19.7945617283,direxion,https://www.direxion.com/holdings/SOXS.csv,,,,,
2026-10-05,SOXS,,ICESEMI SWAP ASSET LEG,ICESEMUBS,SWAP,-69919.0,3008.03,-210318449.57,-11.4390117804,direxion,https://www.direxion.com/holdings/SOXS.csv,,,,,
2026-10-05,SOXS,,ICESEMI SWAP ASSET LEG,ICESEMCTS,SWAP,-85650.0,3008.03,-257637769.5,-14.012662638,direxion,https://www.direxion.com/holdings/SOXS.csv,,,,,
2026-10-05,SOXS,,ICESEMI SWAP ASSET LEG,ICESEMSGS,SWAP,-100000.0,3008.03,-300803000.0,-16.3603766936,direxion,https://www.direxion.com/holdings/SOXS.csv,,,,,
2026-10-05,SOXS,,ICESEMI SWAP ASSET LEG,ICESEMJPS,SWAP,-183095.0,3008.03,-550755252.85,-29.9550317071,direxion,https://www.direxion.com/holdings/SOXS.csv,,,,,
2026-10-05,SOXS,,ICESEMI SWAP ASSET LEG,ICESEMBPS,SWAP,-187273.0,3008.03,-563322802.19,-30.6385682453,direxion,https://www.direxion.com/holdings/SOXS.csv,,,,,
2026-10-05,SOXS,,ICESEMI SWAP ASSET LEG,ICESEMMLS,SWAP,-343197.0,3008.03,-1032346871.91,-56.148322001,direxion,https://www.direxion.com/holdings/SOXS.csv,,,,,
2026-10-05,SOXS,,ICESEMI SWAP ASSET LEG,ICESEMGSS,SWAP,-392072.0,3008.03,-1179364338.16,-64.14445611,direxion,https://www.direxion.com/holdings/SOXS.csv,,,,,
2026-10-05,SOXS,,ICESEMI SWAP ASSET LEG,ICESEMBCS,SWAP,-472483.0,3008.03,-1421243038.49,-77.299998613,direxion,https://www.direxion.com/holdings/SOXS.csv,,,,,
2026-10-05,SPAL,,US Dollars,,CASH,42103193.370857,1.0,42103193.370857,100.0,granite_shares,https://graniteshares.com/media/2aindli0/spal_holdings_file_20261004.xls,,,,,
2026-10-05,SPAL,SPCX,SPCX,SPCX,OTHER,530810.0,158.95999999999998,84377557.6,2.0040649999999998,granite_shares,https://graniteshares.com/media/2aindli0/spal_holdings_file_20261004.xls,,,,,
2026-10-05,SPCL,773121108-TRS-07/17/29-L-SPCL,Rocket Lab Corporation-swap-mrex-l,773121108-TRS-07/17/29-L-SPCL,SWAP,49083.0,,,26.91,defiance,https://www.defianceetfs.com/spcl-full-holdings/,,,,,
2026-10-05,SPCL,00217D100-TRS-07/21/29-L-SPCL,"Ast Spacemobile, Inc.-swap-mrex-l",00217D100-TRS-07/21/29-L-SPCL,SWAP,61408.0,,,26.63,defiance,https://www.defianceetfs.com/spcl-full-holdings/,,,,,
2026-10-05,SPCL,72703X106-TRS-07/28/33-L-SPCL,Planet Labs Pbc-swap-mrex-l,72703X106-TRS-07/28/33-L-SPCL,SWAP,191730.0,,,24.89,defiance,https://www.defianceetfs.com/spcl-full-holdings/,,,,,
2026-10-05,SPCL,912797UZ8,United States Treasury Bill 11/19/2026,912797UZ8,TREASURY,3200000.0,,,23.62,defiance,https://www.defianceetfs.com/spcl-full-holdings/,,,,,
2026-10-05,SPCL,72703X106-TRS-10/05/27-L-SPCL,Planet Labs Pbc-swap-cant-l,72703X106-TRS-10/05/27-L-SPCL,SWAP,170796.0,,,22.17,defiance,https://www.defianceetfs.com/spcl-full-holdings/,,,,,
2026-10-05,SPCL,773121108-TRS-05/10/27-L-SPCL,Rocket Lab Corporation-swap-cant-l,773121108-TRS-05/10/27-L-SPCL,SWAP,36069.0,,,19.78,defiance,https://www.defianceetfs.com/spcl-full-holdings/,,,,,
2026-10-05,SPCL,00217D100-TRS-05/10/27-L-SPCL,"Ast Spacemobile, Inc.-swap-cant-l",00217D100-TRS-05/10/27-L-SPCL,SWAP,40369.0,,,17.5,defiance,https://www.defianceetfs.com/spcl-full-holdings/,,,,,
2026-10-05,SPCL,84615Q103-TRS-03/31/33-L-SPCL,Space Exploration Technologies Corp.-swap-nmra-l,84615Q103-TRS-03/31/33-L-SPCL,SWAP,9000.0,,,10.61,defiance,https://www.defianceetfs.com/spcl-full-holdings/,,,,,
2026-10-05,SPCL,84615Q103-TRS-06/16/33-L-SPCL,Space Exploration Technologies Corp.-swap-mrex-l,84615Q103-TRS-06/16/33-L-SPCL,SWAP,8695.0,,,10.25,defiance,https://www.defianceetfs.com/spcl-full-holdings/,,,,,
2026-10-05,SPCL,84615Q103-TRS-05/10/27-L-SPCL,Space Exploration Technologies Corp.-swap-cant-l,84615Q103-TRS-05/10/27-L-SPCL,SWAP,8421.0,,,9.93,defiance,https://www.defianceetfs.com/spcl-full-holdings/,,,,,
2026-10-05,SPCL,84615Q103-TRS-07/25/28-L-SPCL,Space Exploration Technologies Corp.-swap-clst-l,84615Q103-TRS-07/25/28-L-SPCL,SWAP,8274.0,,,9.76,defiance,https://www.defianceetfs.com/spcl-full-holdings/,,,,,
2026-10-05,SPCL,84615Q103-TRS-01/31/33-L-SPCL,Space Exploration Technologies Corp.-swap-nbcb-l,84615Q103-TRS-01/31/33-L-SPCL,SWAP,8000.0,,,9.43,defiance,https://www.defianceetfs.com/spcl-full-holdings/,,,,,
2026-10-05,SPCL,FGXXX,First American Government Obligations Fund 12/01/2031,31846V336,COMMON_STOCK,849392.0,,,6.3,defiance,https://www.defianceetfs.com/spcl-full-holdings/,,,,,
2026-10-05,SPCL,00217D100-TRS-03/31/33-L-SPCL,"Ast Spacemobile, Inc.-swap-nmra-l",00217D100-TRS-03/31/33-L-SPCL,SWAP,13500.0,,,5.85,defiance,https://www.defianceetfs.com/spcl-full-holdings/,,,,,
2026-10-05,SPCL,773121108-TRS-03/31/33-L-SPCL,Rocket Lab Corporation-swap-nmra-l,773121108-TRS-03/31/33-L-SPCL,SWAP,6000.0,,,3.29,defiance,https://www.defianceetfs.com/spcl-full-holdings/,,,,,
2026-10-05,SPCL,72703X106-TRS-03/31/33-L-SPCL,Planet Labs Pbc-swap-nmra-l,72703X106-TRS-03/31/33-L-SPCL,SWAP,22500.0,,,2.92,defiance,https://www.defianceetfs.com/spcl-full-holdings/,,,,,
2026-10-05,SPCL,Cash&Other,Cash & Other,Cash&Other,CASH,-17511139.0,,,-129.9,defiance,https://www.defianceetfs.com/spcl-full-holdings/,,,,,
2026-10-05,SPCU,912797UZ8,United States Treasury Bill 11/19/2026,912797UZ8,TREASURY,29200000.0,,,46.2,defiance,https://www.defianceetfs.com/spcu-full-holdings/,,,,,
2026-10-05,SPCU,84615Q103-TRS-01/31/33-L-SPCU,Space Exploration Technologies Corp.-swap-nbcb-l,84615Q103-TRS-01/31/33-L-SPCU,SWAP,140525.0,,,35.52,defiance,https://www.defianceetfs.com/spcu-full-holdings/,,,,,
2026-10-05,SPCU,84615Q103-TRS-03/31/33-L-SPCU,Space Exploration Technologies Corp. Class A Common Stock-swap-nmra-l,84615Q103-TRS-03/31/33-L-SPCU,SWAP,127336.0,,,32.19,defiance,https://www.defianceetfs.com/spcu-full-holdings/,,,,,
2026-10-05,SPCU,84615Q103-TRS-07/25/28-L-SPCU,Space Exploration Technologies Corp. Class A Common Stock-swap-clst-l,84615Q103-TRS-07/25/28-L-SPCU,SWAP,121919.0,,,30.82,defiance,https://www.defianceetfs.com/spcu-full-holdings/,,,,,
2026-10-05,SPCU,84615Q103-TRS-06/16/33-L-SPCU,Space Exploration Technologies Corp.-swap-mrex-l,84615Q103-TRS-06/16/33-L-SPCU,SWAP,120431.0,,,30.44,defiance,https://www.defianceetfs.com/spcu-full-holdings/,,,,,
2026-10-05,SPCU,84615Q103-TRS-06/15/33-L-SPCU,Space Exploration Technologies Corp.-swap-jnst-l,84615Q103-TRS-06/15/33-L-SPCU,SWAP,104716.0,,,26.47,defiance,https://www.defianceetfs.com/spcu-full-holdings/,,,,,
2026-10-05,SPCU,84615Q103-TRS-12/03/29-L-SPCU,Space Exploration Technologies Corp.-swap-cant-l,84615Q103-TRS-12/03/29-L-SPCU,SWAP,103605.0,,,26.19,defiance,https://www.defianceetfs.com/spcu-full-holdings/,,,,,
2026-10-05,SPCU,84615Q103-TRS-03/31/28-L-SPCU,Space Exploration Technologies Corp.-swap-bmob-l,84615Q103-TRS-03/31/28-L-SPCU,SWAP,72365.0,,,18.29,defiance,https://www.defianceetfs.com/spcu-full-holdings/,,,,,
2026-10-05,SPCU,FGXXX,First American Government Obligations Fund 12/01/2031,31846V336,COMMON_STOCK,5232115.0,,,8.32,defiance,https://www.defianceetfs.com/spcu-full-holdings/,,,,,
2026-10-05,SPCU,Cash&Other,Cash & Other,Cash&Other,CASH,-97155338.0,,,-154.49,defiance,https://www.defianceetfs.com/spcu-full-holdings/,,,,,
2026-10-05,SPXL,,SPX SWAP ASSET LEG,SPXMLL,SWAP,518271.0,7722.72,4002461817.12,55.719003236,direxion,https://www.direxion.com/holdings/SPXL.csv,,,,,
2026-10-05,SPXL,,SPX SWAP ASSET LEG,SPXGSL,SWAP,473894.0,7722.72,3659750671.68,50.9480586788,direxion,https://www.direxion.com/holdings/SPXL.csv,,,,,
2026-10-05,SPXL,,SPX SWAP ASSET LEG,SPXJPL,SWAP,460000.0,7722.72,3552451200.0,49.4543231023,direxion,https://www.direxion.com/holdings/SPXL.csv,,,,,
2026-10-05,SPXL,,SPX SWAP ASSET LEG,SPXUBL,SWAP,247877.0,7722.72,1914284665.44,26.6491070601,direxion,https://www.direxion.com/holdings/SPXL.csv,,,,,
2026-10-05,SPXL,,SPX SWAP ASSET LEG,SPXBPL,SWAP,244960.0,7722.72,1891757491.2,26.335502146,direxion,https://www.direxion.com/holdings/SPXL.csv,,,,,
2026-10-05,SPXL,,SPX SWAP ASSET LEG,SPXCTL,SWAP,108279.0,7722.72,836208398.88,11.6410101113,direxion,https://www.direxion.com/holdings/SPXL.csv,,,,,
2026-10-05,SPXL,,DREYFUS TRSRY SECURITIES CASH MGMT,X9USDDTP3,CASH,822137718.06,1.0,822137718.06,11.4451295893,direxion,https://www.direxion.com/holdings/SPXL.csv,,,,,
2026-10-05,SPXL,,SPX SWAP ASSET LEG,SPXBCL,SWAP,79573.0,7722.72,614519998.56,8.5548453309,direxion,https://www.direxion.com/holdings/SPXL.csv,,,,,
2026-10-05,SPXL,,DREYFUS GOVT CASH MAN INS,X9USDDGCM,MONEY_MARKET,520107833.32,1.0,520107833.32,7.2405163052,direxion,https://www.direxion.com/holdings/SPXL.csv,,,,,
2026-10-05,SPXL,NVDA,NVIDIA CORP,67066G104,COMMON_STOCK,1846708.0,233.95,432037336.6,6.0144708072,direxion,https://www.direxion.com/holdings/SPXL.csv,,,,,
2026-10-05,SPXL,,GOLDMAN FINL SQ TRSRY INST 506,X9USDGSFC,OTHER,374694466.95,1.0,374694466.95,5.2161902275,direxion,https://www.direxion.com/holdings/SPXL.csv,,,,,
2026-10-05,SPXL,AAPL,APPLE INC,037833100,COMMON_STOCK,1113668.0,333.69,371619874.92,5.1733882694,direxion,https://www.direxion.com/holdings/SPXL.csv,,,,,
2026-10-05,SPXL,MSFT,MICROSOFT CORP,594918104,COMMON_STOCK,566647.0,517.53,293256821.91,4.0824818713,direxion,https://www.direxion.com/holdings/SPXL.csv,,,,,
2026-10-05,SPXL,,JP MORGAN 100 US TRSY CAPITAL 3163,X9USDJPMN,OTHER,269000000.0,1.0,269000000.0,3.7447982155,direxion,https://www.direxion.com/holdings/SPXL.csv,,,,,
2026-10-05,SPXL,AMZN,AMAZON.COM INC,023135106,COMMON_STOCK,749034.0,251.52,188397031.68,2.6227095466,direxion,https://www.direxion.com/holdings/SPXL.csv,,,,,
2026-10-05,SPXL,GOOGL,ALPHABET INC-CL A,02079K305,COMMON_STOCK,447790.0,343.5,153815865.0,2.1412987984,direxion,https://www.direxion.com/holdings/SPXL.csv,,,,,
2026-10-05,SPXL,AVGO,BROADCOM INC,11135F101,COMMON_STOCK,363058.0,355.14,128936418.12,1.7949474665,direxion,https://www.direxion.com/holdings/SPXL.csv,,,,,
2026-10-05,SPXL,GOOG,ALPHABET INC-CL C,02079K107,COMMON_STOCK,362726.0,340.35,123453794.1,1.7186228544,direxion,https://www.direxion.com/holdings/SPXL.csv,,,,,
2026-10-05,SPXL,META,META PLATFORMS INC-CLASS A,30303M102,COMMON_STOCK,168276.0,728.08,122518390.08,1.7056009239,direxion,https://www.direxion.com/holdings/SPXL.csv,,,,,
2026-10-05,SPXL,MU,MICRON TECHNOLOGY INC,595112103,COMMON_STOCK,86184.0,1074.89,92638319.76,1.2896349982,direxion,https://www.direxion.com/holdings/SPXL.csv,,,,,
2026-10-05,SPXL,TSLA,TESLA INC,88160R101,COMMON_STOCK,215062.0,370.59,79699826.58,1.1095158675,direxion,https://www.direxion.com/holdings/SPXL.csv,,,,,
2026-10-05,SPXL,AMD,ADVANCED MICRO DEVICES,007903107,COMMON_STOCK,124576.0,633.91,78969972.16,1.0993554306,direxion,https://www.direxion.com/holdings/SPXL.csv,,,,,
2026-10-05,SPXL,BRK/B,BERKSHIRE HATHAWAY INC-CL B,084670702,OTHER,142128.0,502.65,71440639.2,0.9945382089,direxion,https://www.direxion.com/holdings/SPXL.csv,,,,,
2026-10-05,SPXL,LLY,ELI LILLY & CO,532457108,COMMON_STOCK,61062.0,1142.85,69784706.7,0.9714856696,direxion,https://www.direxion.com/holdings/SPXL.csv,,,,,
2026-10-05,SPXL,JPM,JPMORGAN CHASE & CO,46625H100,COMMON_STOCK,202843.0,332.38,67420956.34,0.9385794684,direxion,https://www.direxion.com/holdings/SPXL.csv,,,,,
2026-10-05,SPXL,XOM,EXXONMOBIL HOLDINGS CORP,30233Q108,COMMON_STOCK,313775.0,164.01,51462237.75,0.7164152271,direxion,https://www.direxion.com/holdings/SPXL.csv,,,,,
2026-10-05,SPXL,JNJ,JOHNSON & JOHNSON,478160104,COMMON_STOCK,183902.0,256.03,47084429.06,0.6554709514,direxion,https://www.direxion.com/holdings/SPXL.csv,,,,,
2026-10-05,SPXL,V,VISA INC-CLASS A SHARES,92826C839,COMMON_STOCK,130051.0,360.66,46904193.66,0.6529618614,direxion,https://www.direxion.com/holdings/SPXL.csv,,,,,
2026-10-05,SPXL,INTC,INTEL CORP,458140100,COMMON_STOCK,379187.0,119.33,45248384.71,0.6299110421,direxion,https://www.direxion.com/holdings/SPXL.csv,,,,,
2026-10-05,SPXL,WMT,WALMART INC,931142103,COMMON_STOCK,340094.0,104.26,35458200.44,0.4936200957,direxion,https://www.direxion.com/holdings/SPXL.csv,,,,,
2026-10-05,SPXL,ABBV,ABBVIE INC,00287Y109,COMMON_STOCK,134849.0,262.82,35441014.18,0.4933808426,direxion,https://www.direxion.com/holdings/SPXL.csv,,,,,
2026-10-05,SPXL,MA,MASTERCARD INC - A,57636Q104,COMMON_STOCK,61705.0,552.26,34077203.3,0.4743949818,direxion,https://www.direxion.com/holdings/SPXL.csv,,,,,
2026-10-05,SPXL,CSCO,CISCO SYSTEMS INC,17275R102,COMMON_STOCK,300771.0,112.2,33746506.2,0.469791287,direxion,https://www.direxion.com/holdings/SPXL.csv,,,,,
2026-10-05,SPXL,LRCX,LAM RESEARCH CORP,512807306,COMMON_STOCK,95489.0,347.49,33181472.61,0.461925351,direxion,https://www.direxion.com/holdings/SPXL.csv,,,,,
2026-10-05,SPXL,PLTR,PALANTIR TECHNOLOGIES INC-A,69608A108,COMMON_STOCK,175569.0,188.75,33138648.75,0.4613291922,direxion,https://www.direxion.com/holdings/SPXL.csv,,,,,
2026-10-05,SPXL,AMAT,APPLIED MATERIALS INC,038222105,COMMON_STOCK,60586.0,540.04,32718863.44,0.4554852841,direxion,https://www.direxion.com/holdings/SPXL.csv,,,,,
2026-10-05,SPXL,CVX,CHEVRON CORP,166764100,COMMON_STOCK,150793.0,206.69,31167405.17,0.4338871497,direxion,https://www.direxion.com/holdings/SPXL.csv,,,,,
2026-10-05,SPXL,COST,COSTCO WHOLESALE CORP,22160K105,COMMON_STOCK,33842.0,920.65,31156637.3,0.4337372482,direxion,https://www.direxion.com/holdings/SPXL.csv,,,,,
2026-10-05,SPXL,CAT,CATERPILLAR INC,149123101,COMMON_STOCK,35078.0,845.42,29655642.76,0.4128416286,direxion,https://www.direxion.com/holdings/SPXL.csv,,,,,
2026-10-05,SPXL,MRK,MERCK & CO. INC.,58933Y105,COMMON_STOCK,188270.0,144.3,27167361.0,0.3782018029,direxion,https://www.direxion.com/holdings/SPXL.csv,,,,,
2026-10-05,SPXL,BAC,BANK OF AMERICA CORP,060505104,COMMON_STOCK,496261.0,53.75,26674028.75,0.3713340344,direxion,https://www.direxion.com/holdings/SPXL.csv,,,,,
2026-10-05,SPXL,PG,PROCTER & GAMBLE CO/THE,742718109,COMMON_STOCK,177378.0,144.91,25703845.98,0.3578279426,direxion,https://www.direxion.com/holdings/SPXL.csv,,,,,
2026-10-05,SPXL,UNH,UNITEDHEALTH GROUP INC,91324P102,COMMON_STOCK,68494.0,371.9,25472918.6,0.3546131603,direxion,https://www.direxion.com/holdings/SPXL.csv,,,,,
2026-10-05,SPXL,KO,COCA-COLA CO/THE,191216100,COMMON_STOCK,295497.0,85.65,25309318.05,0.3523356471,direxion,https://www.direxion.com/holdings/SPXL.csv,,,,,
2026-10-05,SPXL,PANW,PALO ALTO NETWORKS INC,697435105,COMMON_STOCK,62195.0,403.24,25079511.8,0.3491364722,direxion,https://www.direxion.com/holdings/SPXL.csv,,,,,
2026-10-05,SPXL,GE,GENERAL ELECTRIC,369604301,COMMON_STOCK,79175.0,309.56,24509413.0,0.3412000226,direxion,https://www.direxion.com/holdings/SPXL.csv,,,,,
2026-10-05,SPXL,PM,PHILIP MORRIS INTERNATIONAL,718172109,COMMON_STOCK,118939.0,187.46,22296304.94,0.3103909403,direxion,https://www.direxion.com/holdings/SPXL.csv,,,,,
2026-10-05,SPXL,HD,HOME DEPOT INC,437076102,COMMON_STOCK,76091.0,282.85,21522339.35,0.2996164238,direxion,https://www.direxion.com/holdings/SPXL.csv,,,,,
2026-10-05,SPXL,NFLX,NETFLIX INC,64110L106,COMMON_STOCK,317742.0,67.06,21307778.52,0.2966294832,direxion,https://www.direxion.com/holdings/SPXL.csv,,,,,
2026-10-05,SPXL,CRWD,CROWDSTRIKE HOLDINGS INC - A,22788C105,COMMON_STOCK,77708.0,270.04,20984268.32,0.2921258385,direxion,https://www.direxion.com/holdings/SPXL.csv,,,,,
2026-10-05,SPXL,KLAC,KLA CORP,482480100,COMMON_STOCK,99704.0,206.89,20627760.56,0.2871628288,direxion,https://www.direxion.com/holdings/SPXL.csv,,,,,
2026-10-05,SPXL,TXN,TEXAS INSTRUMENTS INC,882508104,COMMON_STOCK,69692.0,293.8,20475509.6,0.2850433153,direxion,https://www.direxion.com/holdings/SPXL.csv,,,,,
2026-10-05,SPXL,GEV,GE VERNOVA INC,36828A101,COMMON_STOCK,20324.0,988.7,20094338.8,0.2797369668,direxion,https://www.direxion.com/holdings/SPXL.csv,,,,,
2026-10-05,SPXL,GS,GOLDMAN SACHS GROUP INC,38141G104,COMMON_STOCK,22218.0,902.56,20053078.08,0.2791625688,direxion,https://www.direxion.com/holdings/SPXL.csv,,,,,
2026-10-05,SPXL,SNDK,SANDISK CORP,80004C200,COMMON_STOCK,11141.0,1719.99,19162408.59,0.2667633959,direxion,https://www.direxion.com/holdings/SPXL.csv,,,,,
2026-10-05,SPXL,RTX,RTX CORP,75513E101,COMMON_STOCK,102848.0,184.68,18993968.64,0.2644185125,direxion,https://www.direxion.com/holdings/SPXL.csv,,,,,
2026-10-05,SPXL,ORCL,ORACLE CORP,68389X105,COMMON_STOCK,131892.0,142.3,18768231.6,0.2612759859,direxion,https://www.direxion.com/holdings/SPXL.csv,,,,,
2026-10-05,SPXL,WFC,WELLS FARGO & CO,949746101,COMMON_STOCK,230754.0,80.45,18564159.3,0.2584350581,direxion,https://www.direxion.com/holdings/SPXL.csv,,,,,
2026-10-05,SPXL,TMO,THERMO FISHER SCIENTIFIC INC,883556102,COMMON_STOCK,28216.0,654.8,18475836.8,0.2572055044,direxion,https://www.direxion.com/holdings/SPXL.csv,,,,,
2026-10-05,SPXL,MRVL,MARVELL TECHNOLOGY INC,573874104,COMMON_STOCK,66830.0,272.29,18197140.7,0.253325725,direxion,https://www.direxion.com/holdings/SPXL.csv,,,,,
2026-10-05,SPXL,MS,MORGAN STANLEY,617446448,COMMON_STOCK,91086.0,190.31,17334576.66,0.2413178132,direxion,https://www.direxion.com/holdings/SPXL.csv,,,,,
2026-10-05,SPXL,LIN,LINDE PLC,G54950103,COMMON_STOCK,35177.0,479.48,16866667.96,0.2348039706,direxion,https://www.direxion.com/holdings/SPXL.csv,,,,,
2026-10-05,SPXL,AMGN,AMGEN INC,031162100,COMMON_STOCK,41256.0,403.04,16627818.24,0.2314788999,direxion,https://www.direxion.com/holdings/SPXL.csv,,,,,
2026-10-05,SPXL,ANET,ARISTA NETWORKS INC,040413205,COMMON_STOCK,79886.0,207.35,16564362.1,0.2305955154,direxion,https://www.direxion.com/holdings/SPXL.csv,,,,,
2026-10-05,SPXL,C,CITIGROUP INC,172967424,COMMON_STOCK,128001.0,128.5,16448128.5,0.2289774062,direxion,https://www.direxion.com/holdings/SPXL.csv,,,,,
2026-10-05,SPXL,APH,AMPHENOL CORP-CL A,032095101,COMMON_STOCK,188180.0,86.96,16364132.8,0.2278080866,direxion,https://www.direxion.com/holdings/SPXL.csv,,,,,
2026-10-05,SPXL,IBM,INTL BUSINESS MACHINES CORP,459200101,COMMON_STOCK,71896.0,222.64,16006925.44,0.2228353376,direxion,https://www.direxion.com/holdings/SPXL.csv,,,,,
2026-10-05,SPXL,ADI,ANALOG DEVICES INC,032654105,COMMON_STOCK,37170.0,417.15,15505465.5,0.2158544221,direxion,https://www.direxion.com/holdings/SPXL.csv,,,,,
2026-10-05,SPXL,QCOM,QUALCOMM INC,747525103,COMMON_STOCK,81508.0,184.87,15068383.96,0.20976973,direxion,https://www.direxion.com/holdings/SPXL.csv,,,,,
2026-10-05,SPXL,STX,SEAGATE TECHNOLOGY HOLDINGS,G7997R103,COMMON_STOCK,17296.0,848.99,14684131.04,0.2044204748,direxion,https://www.direxion.com/holdings/SPXL.csv,,,,,
2026-10-05,SPXL,CRM,SALESFORCE INC,79466L302,COMMON_STOCK,62498.0,234.69,14667655.62,0.2041911174,direxion,https://www.direxion.com/holdings/SPXL.csv,,,,,
2026-10-05,SPXL,VZ,VERIZON COMMUNICATIONS INC,92343V104,COMMON_STOCK,317048.0,45.92,14558844.16,0.2026763332,direxion,https://www.direxion.com/holdings/SPXL.csv,,,,,
2026-10-05,SPXL,GILD,GILEAD SCIENCES INC,375558103,COMMON_STOCK,94622.0,144.74,13695588.28,0.1906587902,direxion,https://www.direxion.com/holdings/SPXL.csv,,,,,
2026-10-05,SPXL,DIS,WALT DISNEY CO/THE,254687106,COMMON_STOCK,131763.0,102.19,13464860.97,0.1874467931,direxion,https://www.direxion.com/holdings/SPXL.csv,,,,,
2026-10-05,SPXL,DE,DEERE & CO,244199105,COMMON_STOCK,19156.0,687.0,13160172.0,0.1832051622,direxion,https://www.direxion.com/holdings/SPXL.csv,,,,,
2026-10-05,SPXL,PEP,PEPSICO INC,713448108,COMMON_STOCK,104155.0,125.89,13112072.95,0.1825355665,direxion,https://www.direxion.com/holdings/SPXL.csv,,,,,
2026-10-05,SPXL,DELL,DELL TECHNOLOGIES -C,24703L202,COMMON_STOCK,23070.0,562.52,12977336.4,0.1806598743,direxion,https://www.direxion.com/holdings/SPXL.csv,,,,,
2026-10-05,SPXL,ETN,EATON CORP PLC,G29183103,COMMON_STOCK,29639.0,436.11,12925864.29,0.1799433217,direxion,https://www.direxion.com/holdings/SPXL.csv,,,,,
2026-10-05,SPXL,ABT,ABBOTT LABORATORIES,002824100,COMMON_STOCK,132044.0,97.5,12874290.0,0.1792253465,direxion,https://www.direxion.com/holdings/SPXL.csv,,,,,
2026-10-05,SPXL,T,AT&T INC,00206R102,COMMON_STOCK,522889.0,24.3,12706202.7,0.1768853725,direxion,https://www.direxion.com/holdings/SPXL.csv,,,,,
2026-10-05,SPXL,UNP,UNION PACIFIC CORP,907818108,COMMON_STOCK,45334.0,278.28,12615545.52,0.1756233173,direxion,https://www.direxion.com/holdings/SPXL.csv,,,,,
2026-10-05,SPXL,WELL,WELLTOWER INC,95040Q104,COMMON_STOCK,55003.0,227.71,12524733.13,0.1743591014,direxion,https://www.direxion.com/holdings/SPXL.csv,,,,,
2026-10-05,SPXL,MCD,MCDONALD'S CORP,580135101,COMMON_STOCK,54000.0,231.89,12522060.0,0.1743218883,direxion,https://www.direxion.com/holdings/SPXL.csv,,,,,
2026-10-05,SPXL,NEE,NEXTERA ENERGY INC,65339F101,COMMON_STOCK,159182.0,76.83,12229953.06,0.1702554141,direxion,https://www.direxion.com/holdings/SPXL.csv,,,,,
2026-10-05,SPXL,AXP,AMERICAN EXPRESS CO,025816109,COMMON_STOCK,40194.0,302.78,12169939.32,0.1694199519,direxion,https://www.direxion.com/holdings/SPXL.csv,,,,,
2026-10-05,SPXL,PFE,PFIZER INC,717081103,COMMON_STOCK,434944.0,27.8,12091443.2,0.168327193,direxion,https://www.direxion.com/holdings/SPXL.csv,,,,,
2026-10-05,SPXL,SCHW,SCHWAB (CHARLES) CORP,808513105,COMMON_STOCK,124047.0,96.7,11995344.9,0.166989391,direxion,https://www.direxion.com/holdings/SPXL.csv,,,,,
2026-10-05,SPXL,BA,BOEING CO/THE,097023105,COMMON_STOCK,60314.0,193.56,11674377.84,0.1625211498,direxion,https://www.direxion.com/holdings/SPXL.csv,,,,,
2026-10-05,SPXL,BLK,BLACKROCK INC,09290D101,COMMON_STOCK,10990.0,1059.63,11645333.7,0.162116821,direxion,https://www.direxion.com/holdings/SPXL.csv,,,,,
2026-10-05,SPXL,COP,CONOCOPHILLIPS,20825C104,COMMON_STOCK,91671.0,126.75,11619299.25,0.1617543907,direxion,https://www.direxion.com/holdings/SPXL.csv,,,,,
2026-10-05,SPXL,WDC,WESTERN DIGITAL CORP,958102105,COMMON_STOCK,27517.0,415.29,11427534.93,0.1590848045,direxion,https://www.direxion.com/holdings/SPXL.csv,,,,,
2026-10-05,SPXL,TJX,TJX COMPANIES INC,872540109,COMMON_STOCK,84301.0,132.68,11185056.68,0.1557092204,direxion,https://www.direxion.com/holdings/SPXL.csv,,,,,
2026-10-05,SPXL,UBER,UBER TECHNOLOGIES INC,90353T100,COMMON_STOCK,155870.0,68.11,10616305.7,0.147791534,direxion,https://www.direxion.com/holdings/SPXL.csv,,,,,
2026-10-05,SPXL,NOW,SERVICENOW INC,81762P102,COMMON_STOCK,78896.0,134.38,10602044.48,0.1475930009,direxion,https://www.direxion.com/holdings/SPXL.csv,,,,,
2026-10-05,SPXL,ISRG,INTUITIVE SURGICAL INC,46120E602,COMMON_STOCK,26958.0,391.95,10566188.1,0.1470938377,direxion,https://www.direxion.com/holdings/SPXL.csv,,,,,
2026-10-05,SPXL,DHR,DANAHER CORP,235851102,COMMON_STOCK,47743.0,214.06,10219866.58,0.1422726325,direxion,https://www.direxion.com/holdings/SPXL.csv,,,,,
2026-10-05,SPXL,GLW,CORNING INC,219350105,COMMON_STOCK,60477.0,164.19,9929718.63,0.1382334298,direxion,https://www.direxion.com/holdings/SPXL.csv,,,,,
2026-10-05,SPXL,VRTX,VERTEX PHARMACEUTICALS INC,92532F100,COMMON_STOCK,19343.0,504.73,9762992.39,0.1359124033,direxion,https://www.direxion.com/holdings/SPXL.csv,,,,,
2026-10-05,SPXL,BMY,BRISTOL-MYERS SQUIBB CO,110122108,COMMON_STOCK,155881.0,61.15,9532123.15,0.1326984303,direxion,https://www.direxion.com/holdings/SPXL.csv,,,,,
2026-10-05,SPXL,PH,PARKER HANNIFIN CORP,701094104,COMMON_STOCK,9622.0,972.55,9357876.1,0.1302727053,direxion,https://www.direxion.com/holdings/SPXL.csv,,,,,
2026-10-05,SPXL,PLD,PROLOGIS INC,74340W103,COMMON_STOCK,72521.0,128.91,9348682.11,0.1301447141,direxion,https://www.direxion.com/holdings/SPXL.csv,,,,,
2026-10-05,SPXL,PGR,PROGRESSIVE CORP,743315103,COMMON_STOCK,44364.0,210.31,9330192.84,0.1298873216,direxion,https://www.direxion.com/holdings/SPXL.csv,,,,,
2026-10-05,SPXL,NEM,NEWMONT CORP,651639106,COMMON_STOCK,80406.0,115.56,9291717.36,0.1293516974,direxion,https://www.direxion.com/holdings/SPXL.csv,,,,,
2026-10-05,SPXL,ACN,ACCENTURE PLC-CL A,G1151C101,COMMON_STOCK,46698.0,198.9,9288232.2,0.1293031798,direxion,https://www.direxion.com/holdings/SPXL.csv,,,,,
2026-10-05,SPXL,BKNG,BOOKING HOLDINGS INC,09857L108,COMMON_STOCK,57333.0,159.02,9117093.66,0.1269207289,direxion,https://www.direxion.com/holdings/SPXL.csv,,,,,
2026-10-05,SPXL,COF,CAPITAL ONE FINANCIAL CORP,14040H105,COMMON_STOCK,46813.0,194.72,9115427.36,0.126897532,direxion,https://www.direxion.com/holdings/SPXL.csv,,,,,
2026-10-05,SPXL,MPC,MARATHON PETROLEUM CORP,56585A102,COMMON_STOCK,21428.0,422.33,9049687.24,0.1259823518,direxion,https://www.direxion.com/holdings/SPXL.csv,,,,,
2026-10-05,SPXL,VLO,VALERO ENERGY CORP,91913Y100,COMMON_STOCK,21970.0,406.3,8926411.0,0.1242662007,direxion,https://www.direxion.com/holdings/SPXL.csv,,,,,
2026-10-05,SPXL,SPGI,S&P GLOBAL INC,78409V104,COMMON_STOCK,23045.0,386.27,8901592.15,0.1239206929,direxion,https://www.direxion.com/holdings/SPXL.csv,,,,,
2026-10-05,SPXL,CB,CHUBB LTD,H1467J104,COMMON_STOCK,26789.0,330.89,8864212.21,0.1234003199,direxion,https://www.direxion.com/holdings/SPXL.csv,,,,,
2026-10-05,SPXL,MO,ALTRIA GROUP INC,02209S103,COMMON_STOCK,127419.0,67.35,8581669.65,0.1194669933,direxion,https://www.direxion.com/holdings/SPXL.csv,,,,,
2026-10-05,SPXL,FTNT,FORTINET INC,34959E109,COMMON_STOCK,47031.0,180.95,8510259.45,0.1184728788,direxion,https://www.direxion.com/holdings/SPXL.csv,,,,,
2026-10-05,SPXL,CVS,CVS HEALTH CORP,126650100,COMMON_STOCK,97598.0,86.46,8438323.08,0.1174714395,direxion,https://www.direxion.com/holdings/SPXL.csv,,,,,
2026-10-05,SPXL,MDT,MEDTRONIC PLC,G5960L103,COMMON_STOCK,97680.0,86.38,8437598.4,0.117461351,direxion,https://www.direxion.com/holdings/SPXL.csv,,,,,
2026-10-05,SPXL,SBUX,STARBUCKS CORP,855244109,COMMON_STOCK,86993.0,94.71,8239107.03,0.1146981164,direxion,https://www.direxion.com/holdings/SPXL.csv,,,,,
2026-10-05,SPXL,PSX,PHILLIPS 66,718546104,COMMON_STOCK,30449.0,264.58,8056196.42,0.1121517843,direxion,https://www.direxion.com/holdings/SPXL.csv,,,,,
2026-10-05,SPXL,MCK,MCKESSON CORP,58155Q103,COMMON_STOCK,8896.0,902.28,8026682.88,0.1117409209,direxion,https://www.direxion.com/holdings/SPXL.csv,,,,,
2026-10-05,SPXL,FCX,FREEPORT-MCMORAN INC,35671D857,COMMON_STOCK,109583.0,72.04,7894359.32,0.1098988204,direxion,https://www.direxion.com/holdings/SPXL.csv,,,,,
2026-10-05,SPXL,LMT,LOCKHEED MARTIN CORP,539830109,COMMON_STOCK,15499.0,505.41,7833349.59,0.1090494928,direxion,https://www.direxion.com/holdings/SPXL.csv,,,,,
2026-10-05,SPXL,ADP,AUTOMATIC DATA PROCESSING,053015103,COMMON_STOCK,30316.0,257.68,7811826.88,0.1087498712,direxion,https://www.direxion.com/holdings/SPXL.csv,,,,,
2026-10-05,SPXL,TT,TRANE TECHNOLOGIES PLC,G8994E103,COMMON_STOCK,16790.0,463.91,7789048.9,0.1084327748,direxion,https://www.direxion.com/holdings/SPXL.csv,,,,,
2026-10-05,SPXL,PWR,QUANTA SERVICES INC,74762E102,COMMON_STOCK,11473.0,676.56,7762172.88,0.1080586288,direxion,https://www.direxion.com/holdings/SPXL.csv,,,,,
2026-10-05,SPXL,LOW,LOWE'S COS INC,548661107,COMMON_STOCK,42788.0,180.8,7736070.4,0.1076952514,direxion,https://www.direxion.com/holdings/SPXL.csv,,,,,
2026-10-05,SPXL,EQIX,EQUINIX INC,29444U700,COMMON_STOCK,7530.0,1025.72,7723671.6,0.1075226454,direxion,https://www.direxion.com/holdings/SPXL.csv,,,,,
2026-10-05,SPXL,BNY,BANK OF NEW YORK MELLON CORP,064058100,COMMON_STOCK,51775.0,145.4,7528085.0,0.1047998486,direxion,https://www.direxion.com/holdings/SPXL.csv,,,,,
2026-10-05,SPXL,VRT,VERTIV HOLDINGS CO-A,92537N108,COMMON_STOCK,29379.0,252.18,7408796.22,0.1031392077,direxion,https://www.direxion.com/holdings/SPXL.csv,,,,,
2026-10-05,SPXL,CDNS,CADENCE DESIGN SYS INC,127387108,COMMON_STOCK,21015.0,351.35,7383620.25,0.1027887284,direxion,https://www.direxion.com/holdings/SPXL.csv,,,,,
2026-10-05,SPXL,SO,SOUTHERN CO/THE,842587107,COMMON_STOCK,87790.0,83.72,7349778.8,0.1023176154,direxion,https://www.direxion.com/holdings/SPXL.csv,,,,,
2026-10-05,SPXL,LITE,LUMENTUM HOLDINGS INC,55024U109,COMMON_STOCK,6763.0,1085.42,7340695.46,0.1021911645,direxion,https://www.direxion.com/holdings/SPXL.csv,,,,,
2026-10-05,SPXL,SYK,STRYKER CORP,863667101,COMMON_STOCK,26637.0,275.43,7336628.91,0.1021345533,direxion,https://www.direxion.com/holdings/SPXL.csv,,,,,
2026-10-05,SPXL,JCI,JOHNSON CONTROLS INTERNATION,G51502105,COMMON_STOCK,46224.0,156.24,7222037.76,0.100539309,direxion,https://www.direxion.com/holdings/SPXL.csv,,,,,
2026-10-05,SPXL,CME,CME GROUP INC,12572Q105,COMMON_STOCK,27439.0,263.14,7220298.46,0.1005150959,direxion,https://www.direxion.com/holdings/SPXL.csv,,,,,
2026-10-05,SPXL,ADBE,ADOBE INC,00724F101,COMMON_STOCK,30333.0,237.69,7209850.77,0.1003696517,direxion,https://www.direxion.com/holdings/SPXL.csv,,,,,
2026-10-05,SPXL,SNPS,SYNOPSYS INC,871607107,COMMON_STOCK,14612.0,489.9,7158418.8,0.0996536578,direxion,https://www.direxion.com/holdings/SPXL.csv,,,,,
2026-10-05,SPXL,DDOG,DATADOG INC - CLASS A,23804L103,COMMON_STOCK,25557.0,277.22,7084911.54,0.0986303498,direxion,https://www.direxion.com/holdings/SPXL.csv,,,,,
2026-10-05,SPXL,HWM,HOWMET AEROSPACE INC,443201108,COMMON_STOCK,30433.0,231.27,7038239.91,0.0979806255,direxion,https://www.direxion.com/holdings/SPXL.csv,,,,,
2026-10-05,SPXL,HPE,HEWLETT PACKARD ENTERPRISE,42824C109,COMMON_STOCK,101049.0,69.33,7005727.17,0.0975280097,direxion,https://www.direxion.com/holdings/SPXL.csv,,,,,
2026-10-05,SPXL,EMR,EMERSON ELECTRIC CO,291011104,COMMON_STOCK,42565.0,161.61,6878929.65,0.0957628382,direxion,https://www.direxion.com/holdings/SPXL.csv,,,,,
2026-10-05,SPXL,USB,US BANCORP,902973304,COMMON_STOCK,118896.0,57.51,6837708.96,0.0951889974,direxion,https://www.direxion.com/holdings/SPXL.csv,,,,,
2026-10-05,SPXL,HOOD,ROBINHOOD MARKETS INC - A,770700102,COMMON_STOCK,60333.0,112.74,6801942.42,0.0946910849,direxion,https://www.direxion.com/holdings/SPXL.csv,,,,,
2026-10-05,SPXL,DUK,DUKE ENERGY CORP,26441C204,COMMON_STOCK,59498.0,114.13,6790506.74,0.0945318867,direxion,https://www.direxion.com/holdings/SPXL.csv,,,,,
2026-10-05,SPXL,PNC,PNC FINANCIAL SERVICES GROUP,693475105,COMMON_STOCK,30443.0,221.03,6728816.29,0.0936730827,direxion,https://www.direxion.com/holdings/SPXL.csv,,,,,
2026-10-05,SPXL,CSX,CSX CORP,126408103,COMMON_STOCK,141362.0,47.43,6704799.66,0.0933387428,direxion,https://www.direxion.com/holdings/SPXL.csv,,,,,
2026-10-05,SPXL,WMB,WILLIAMS COS INC,969457100,COMMON_STOCK,93340.0,70.54,6584203.6,0.0916599029,direxion,https://www.direxion.com/holdings/SPXL.csv,,,,,
2026-10-05,SPXL,BE,BLOOM ENERGY CORP- A,093712107,COMMON_STOCK,22539.0,289.15,6517151.85,0.0907264633,direxion,https://www.direxion.com/holdings/SPXL.csv,,,,,
2026-10-05,SPXL,CEG,CONSTELLATION ENERGY,21037T109,COMMON_STOCK,25147.0,257.49,6475101.03,0.0901410661,direxion,https://www.direxion.com/holdings/SPXL.csv,,,,,
2026-10-05,SPXL,ICE,INTERCONTINENTAL EXCHANGE IN,45866F104,COMMON_STOCK,42839.0,150.15,6432275.85,0.0895448889,direxion,https://www.direxion.com/holdings/SPXL.csv,,,,,
2026-10-05,SPXL,BX,BLACKSTONE INC,09260D107,COMMON_STOCK,57282.0,111.75,6401263.5,0.0891131603,direxion,https://www.direxion.com/holdings/SPXL.csv,,,,,
2026-10-05,SPXL,GD,GENERAL DYNAMICS CORP,369550108,COMMON_STOCK,19378.0,330.09,6396484.02,0.0890466243,direxion,https://www.direxion.com/holdings/SPXL.csv,,,,,
2026-10-05,SPXL,ELV,ELEVANCE HEALTH INC,036752103,COMMON_STOCK,16550.0,386.43,6395416.5,0.0890317632,direxion,https://www.direxion.com/holdings/SPXL.csv,,,,,
2026-10-05,SPXL,MMM,3M CO,88579Y101,COMMON_STOCK,39354.0,161.89,6371019.06,0.088692122,direxion,https://www.direxion.com/holdings/SPXL.csv,,,,,
2026-10-05,SPXL,MRSH,MARSH & MCLENNAN COS,571748102,COMMON_STOCK,36415.0,170.06,6192734.9,0.0862101955,direxion,https://www.direxion.com/holdings/SPXL.csv,,,,,
2026-10-05,SPXL,TMUS,T-MOBILE US INC,872590104,COMMON_STOCK,36839.0,163.64,6028333.96,0.08392154,direxion,https://www.direxion.com/holdings/SPXL.csv,,,,,
2026-10-05,SPXL,WBD,WARNER BROS DISCOVERY INC,934423104,COMMON_STOCK,191600.0,30.94,5928104.0,0.0825262204,direxion,https://www.direxion.com/holdings/SPXL.csv,,,,,
2026-10-05,SPXL,INTU,INTUIT INC,461202103,COMMON_STOCK,20873.0,281.08,5866982.84,0.0816753415,direxion,https://www.direxion.com/holdings/SPXL.csv,,,,,
2026-10-05,SPXL,MAR,MARRIOTT INTERNATIONAL -CL A,571903202,COMMON_STOCK,16316.0,358.96,5856791.36,0.0815334641,direxion,https://www.direxion.com/holdings/SPXL.csv,,,,,
2026-10-05,SPXL,CMCSA,COMCAST CORP-CLASS A,20030N101,COMMON_STOCK,270073.0,21.57,5825474.61,0.0810974979,direxion,https://www.direxion.com/holdings/SPXL.csv,,,,,
2026-10-05,SPXL,WM,WASTE MANAGEMENT INC,94106L109,COMMON_STOCK,28367.0,204.45,5799633.15,0.0807377542,direxion,https://www.direxion.com/holdings/SPXL.csv,,,,,
2026-10-05,SPXL,AMT,AMERICAN TOWER CORP,03027X100,COMMON_STOCK,35557.0,162.2,5767345.4,0.0802882705,direxion,https://www.direxion.com/holdings/SPXL.csv,,,,,
2026-10-05,SPXL,TRV,TRAVELERS COS INC/THE,89417E109,COMMON_STOCK,15915.0,360.38,5735447.7,0.0798442168,direxion,https://www.direxion.com/holdings/SPXL.csv,,,,,
2026-10-05,SPXL,MDLZ,MONDELEZ INTERNATIONAL INC-A,609207105,COMMON_STOCK,97395.0,58.19,5667415.05,0.0788971218,direxion,https://www.direxion.com/holdings/SPXL.csv,,,,,
2026-10-05,SPXL,EOG,EOG RESOURCES INC,26875P101,COMMON_STOCK,40025.0,141.38,5658734.5,0.0787762783,direxion,https://www.direxion.com/holdings/SPXL.csv,,,,,
2026-10-05,SPXL,MSI,MOTOROLA SOLUTIONS INC,620076307,COMMON_STOCK,12629.0,447.41,5650340.89,0.0786594293,direxion,https://www.direxion.com/holdings/SPXL.csv,,,,,
2026-10-05,SPXL,ROST,ROSS STORES INC,778296103,COMMON_STOCK,24478.0,228.54,5594202.12,0.0778779112,direxion,https://www.direxion.com/holdings/SPXL.csv,,,,,
2026-10-05,SPXL,SHW,SHERWIN-WILLIAMS CO/THE,824348106,COMMON_STOCK,17413.0,319.51,5563627.63,0.0774522781,direxion,https://www.direxion.com/holdings/SPXL.csv,,,,,
2026-10-05,SPXL,CMI,CUMMINS INC,231021106,COMMON_STOCK,10506.0,528.32,5550529.92,0.0772699425,direxion,https://www.direxion.com/holdings/SPXL.csv,,,,,
2026-10-05,SPXL,APP,APPLOVIN CORP-CLASS A,03831W108,COMMON_STOCK,20677.0,268.22,5545984.94,0.077206671,direxion,https://www.direxion.com/holdings/SPXL.csv,,,,,
2026-10-05,SPXL,SLB,SLB LTD,806857108,COMMON_STOCK,113254.0,48.74,5519999.96,0.0768449294,direxion,https://www.direxion.com/holdings/SPXL.csv,,,,,
2026-10-05,SPXL,REGN,REGENERON PHARMACEUTICALS,75886F107,COMMON_STOCK,7481.0,735.2,5500031.2,0.0765669406,direxion,https://www.direxion.com/holdings/SPXL.csv,,,,,
2026-10-05,SPXL,HLT,HILTON WORLDWIDE HOLDINGS IN,43300A203,COMMON_STOCK,17174.0,319.36,5484688.64,0.076353354,direxion,https://www.direxion.com/holdings/SPXL.csv,,,,,
2026-10-05,SPXL,CI,THE CIGNA GROUP,125523100,COMMON_STOCK,20163.0,270.53,5454696.39,0.0759358264,direxion,https://www.direxion.com/holdings/SPXL.csv,,,,,
2026-10-05,SPXL,NSC,NORFOLK SOUTHERN CORP,655844108,COMMON_STOCK,17140.0,317.44,5440921.6,0.0757440651,direxion,https://www.direxion.com/holdings/SPXL.csv,,,,,
2026-10-05,SPXL,DASH,DOORDASH INC - A,25809K105,COMMON_STOCK,28713.0,189.15,5431063.95,0.0756068349,direxion,https://www.direxion.com/holdings/SPXL.csv,,,,,
2026-10-05,SPXL,TGT,TARGET CORP,87612E106,COMMON_STOCK,34659.0,156.0,5406804.0,0.0752691077,direxion,https://www.direxion.com/holdings/SPXL.csv,,,,,
2026-10-05,SPXL,MPWR,MONOLITHIC POWER SYSTEMS INC,609839105,COMMON_STOCK,3750.0,1439.73,5398987.5,0.0751602928,direxion,https://www.direxion.com/holdings/SPXL.csv,,,,,
2026-10-05,SPXL,MRNA,MODERNA INC,60770K107,COMMON_STOCK,28338.0,190.01,5384503.38,0.0749586567,direxion,https://www.direxion.com/holdings/SPXL.csv,,,,,
2026-10-05,SPXL,TER,TERADYNE INC,880770102,COMMON_STOCK,11931.0,449.04,5357496.24,0.0745826854,direxion,https://www.direxion.com/holdings/SPXL.csv,,,,,
2026-10-05,SPXL,UPS,UNITED PARCEL SERVICE-CL B,911312106,COMMON_STOCK,57184.0,93.02,5319255.68,0.0740503315,direxion,https://www.direxion.com/holdings/SPXL.csv,,,,,
2026-10-05,SPXL,RCL,ROYAL CARIBBEAN CRUISES LTD,V7780T103,COMMON_STOCK,18982.0,277.74,5272060.68,0.0733933213,direxion,https://www.direxion.com/holdings/SPXL.csv,,,,,
2026-10-05,SPXL,ECL,ECOLAB INC,278865100,COMMON_STOCK,19253.0,273.7,5269546.1,0.0733583154,direxion,https://www.direxion.com/holdings/SPXL.csv,,,,,
2026-10-05,SPXL,ORLY,O'REILLY AUTOMOTIVE INC,67103H107,COMMON_STOCK,61728.0,84.9,5240707.2,0.0729568438,direxion,https://www.direxion.com/holdings/SPXL.csv,,,,,
2026-10-05,SPXL,GM,GENERAL MOTORS CO,37045V100,COMMON_STOCK,66952.0,78.27,5240333.04,0.072951635,direxion,https://www.direxion.com/holdings/SPXL.csv,,,,,
2026-10-05,SPXL,ABNB,AIRBNB INC-CLASS A,009066101,COMMON_STOCK,32015.0,162.43,5200196.45,0.0723928862,direxion,https://www.direxion.com/holdings/SPXL.csv,,,,,
2026-10-05,SPXL,ITW,ILLINOIS TOOL WORKS,452308109,COMMON_STOCK,19777.0,262.92,5199768.84,0.0723869334,direxion,https://www.direxion.com/holdings/SPXL.csv,,,,,
2026-10-05,SPXL,HON,HONEYWELL INTERNATIONAL INC,438516205,COMMON_STOCK,24185.0,213.99,5175348.15,0.0720469685,direxion,https://www.direxion.com/holdings/SPXL.csv,,,,,
2026-10-05,SPXL,URI,UNITED RENTALS INC,911363109,COMMON_STOCK,4751.0,1081.04,5136021.04,0.0714994886,direxion,https://www.direxion.com/holdings/SPXL.csv,,,,,
2026-10-05,SPXL,CL,COLGATE-PALMOLIVE CO,194162103,COMMON_STOCK,60833.0,84.26,5125788.58,0.0713570406,direxion,https://www.direxion.com/holdings/SPXL.csv,,,,,
2026-10-05,SPXL,CTAS,CINTAS CORP,172908105,COMMON_STOCK,26262.0,193.02,5069091.24,0.0705677466,direxion,https://www.direxion.com/holdings/SPXL.csv,,,,,
2026-10-05,SPXL,COHR,COHERENT CORP,19247G107,COMMON_STOCK,14944.0,337.04,5036725.76,0.0701171808,direxion,https://www.direxion.com/holdings/SPXL.csv,,,,,
2026-10-05,SPXL,MCO,MOODY'S CORP,615369105,COMMON_STOCK,11365.0,441.36,5016056.4,0.0698294389,direxion,https://www.direxion.com/holdings/SPXL.csv,,,,,
2026-10-05,SPXL,KEYS,KEYSIGHT TECHNOLOGIES IN,49338L103,COMMON_STOCK,13040.0,384.64,5015705.6,0.0698245553,direxion,https://www.direxion.com/holdings/SPXL.csv,,,,,
2026-10-05,SPXL,AEP,AMERICAN ELECTRIC POWER,025537101,COMMON_STOCK,41544.0,119.57,4967416.08,0.0691523081,direxion,https://www.direxion.com/holdings/SPXL.csv,,,,,
2026-10-05,SPXL,SPG,SIMON PROPERTY GROUP INC,828806109,COMMON_STOCK,24690.0,200.95,4961455.5,0.0690693298,direxion,https://www.direxion.com/holdings/SPXL.csv,,,,,
2026-10-05,SPXL,FDX,FEDEX CORP,31428X106,COMMON_STOCK,16790.0,290.36,4875144.4,0.0678677771,direxion,https://www.direxion.com/holdings/SPXL.csv,,,,,
2026-10-05,SPXL,NOC,NORTHROP GRUMMAN CORP,666807102,COMMON_STOCK,10189.0,478.0,4870342.0,0.067800922,direxion,https://www.direxion.com/holdings/SPXL.csv,,,,,
2026-10-05,SPXL,TEL,TE CONNECTIVITY PLC,G87052109,COMMON_STOCK,22093.0,220.36,4868413.48,0.0677740748,direxion,https://www.direxion.com/holdings/SPXL.csv,,,,,
2026-10-05,SPXL,HCA,HCA HEALTHCARE INC,40412C101,COMMON_STOCK,11233.0,426.69,4793008.77,0.066724352,direxion,https://www.direxion.com/holdings/SPXL.csv,,,,,
2026-10-05,SPXL,DLR,DIGITAL REALTY TRUST INC,253868103,COMMON_STOCK,26827.0,178.55,4789960.85,0.0666819214,direxion,https://www.direxion.com/holdings/SPXL.csv,,,,,
2026-10-05,SPXL,KKR,KKR & CO INC,48251W104,COMMON_STOCK,52743.0,90.29,4762165.47,0.0662949768,direxion,https://www.direxion.com/holdings/SPXL.csv,,,,,
2026-10-05,SPXL,APD,AIR PRODUCTS & CHEMICALS INC,009158106,COMMON_STOCK,16992.0,277.57,4716469.44,0.065658834,direxion,https://www.direxion.com/holdings/SPXL.csv,,,,,
2026-10-05,SPXL,BSX,BOSTON SCIENTIFIC CORP,101137107,COMMON_STOCK,110583.0,42.6,4710835.8,0.0655804071,direxion,https://www.direxion.com/holdings/SPXL.csv,,,,,
2026-10-05,SPXL,NXPI,NXP SEMICONDUCTORS NV,N6596X109,COMMON_STOCK,19243.0,243.66,4688749.38,0.065272938,direxion,https://www.direxion.com/holdings/SPXL.csv,,,,,
2026-10-05,SPXL,MNST,MONSTER BEVERAGE CORP,61174X109,COMMON_STOCK,109133.0,42.94,4686171.02,0.0652370441,direxion,https://www.direxion.com/holdings/SPXL.csv,,,,,
2026-10-05,SPXL,KMI,KINDER MORGAN INC,49456B101,COMMON_STOCK,149538.0,31.07,4646145.66,0.0646798438,direxion,https://www.direxion.com/holdings/SPXL.csv,,,,,
2026-10-05,SPXL,FIX,COMFORT SYSTEMS USA INC,199908104,COMMON_STOCK,2680.0,1728.01,4631066.8,0.0644699282,direxion,https://www.direxion.com/holdings/SPXL.csv,,,,,
2026-10-05,SPXL,TRGP,TARGA RESOURCES CORP,87612G101,COMMON_STOCK,16363.0,281.74,4610111.62,0.0641782073,direxion,https://www.direxion.com/holdings/SPXL.csv,,,,,
2026-10-05,SPXL,TDG,TRANSDIGM GROUP INC,893641100,COMMON_STOCK,4218.0,1090.38,4599222.84,0.0640266226,direxion,https://www.direxion.com/holdings/SPXL.csv,,,,,
2026-10-05,SPXL,COR,CENCORA INC,03073E105,COMMON_STOCK,14561.0,309.05,4500077.05,0.0626463959,direxion,https://www.direxion.com/holdings/SPXL.csv,,,,,
2026-10-05,SPXL,FAST,FASTENAL CO,311900104,COMMON_STOCK,87566.0,50.75,4443974.5,0.0618653821,direxion,https://www.direxion.com/holdings/SPXL.csv,,,,,
2026-10-05,SPXL,AJG,ARTHUR J GALLAGHER & CO,363576109,COMMON_STOCK,19558.0,226.11,4422259.38,0.0615630819,direxion,https://www.direxion.com/holdings/SPXL.csv,,,,,
2026-10-05,SPXL,AME,AMETEK INC,031100100,COMMON_STOCK,17495.0,251.93,4407515.35,0.0613578276,direxion,https://www.direxion.com/holdings/SPXL.csv,,,,,
2026-10-05,SPXL,PCAR,PACCAR INC,693718108,COMMON_STOCK,40167.0,109.68,4405516.56,0.0613300021,direxion,https://www.direxion.com/holdings/SPXL.csv,,,,,
2026-10-05,SPXL,AON,AON PLC-CLASS A,G0403H108,COMMON_STOCK,16187.0,269.45,4361587.15,0.0607184527,direxion,https://www.direxion.com/holdings/SPXL.csv,,,,,
2026-10-05,SPXL,TFC,TRUIST FINANCIAL CORP,89832Q109,COMMON_STOCK,93219.0,46.45,4330022.55,0.0602790361,direxion,https://www.direxion.com/holdings/SPXL.csv,,,,,
2026-10-05,SPXL,ALL,ALLSTATE CORP,020002101,COMMON_STOCK,19295.0,223.74,4317063.3,0.060098628,direxion,https://www.direxion.com/holdings/SPXL.csv,,,,,
2026-10-05,SPXL,BKR,BAKER HUGHES CO,05722G100,COMMON_STOCK,75752.0,56.0,4242112.0,0.0590552173,direxion,https://www.direxion.com/holdings/SPXL.csv,,,,,
2026-10-05,SPXL,GWW,WW GRAINGER INC,384802104,COMMON_STOCK,3308.0,1280.3,4235232.4,0.0589594451,direxion,https://www.direxion.com/holdings/SPXL.csv,,,,,
2026-10-05,SPXL,CIEN,CIENA CORP,171779309,COMMON_STOCK,10803.0,391.34,4227646.02,0.0588538337,direxion,https://www.direxion.com/holdings/SPXL.csv,,,,,
2026-10-05,SPXL,,FALCON TOPCO INC,30609A109,OTHER,48104.0,87.88,4227379.52,0.0588501237,direxion,https://www.direxion.com/holdings/SPXL.csv,,,,,
2026-10-05,SPXL,NUE,NUCOR CORP,670346105,COMMON_STOCK,17312.0,240.39,4161631.68,0.057934836,direxion,https://www.direxion.com/holdings/SPXL.csv,,,,,
2026-10-05,SPXL,CRH,CRH PLC,G25508105,COMMON_STOCK,50768.0,81.94,4159929.92,0.0579111455,direxion,https://www.direxion.com/holdings/SPXL.csv,,,,,
2026-10-05,SPXL,D,DOMINION ENERGY INC,25746U109,COMMON_STOCK,67117.0,61.31,4114943.27,0.0572848781,direxion,https://www.direxion.com/holdings/SPXL.csv,,,,,
2026-10-05,SPXL,APO,APOLLO GLOBAL MANAGEMENT INC,03769M106,COMMON_STOCK,36053.0,114.02,4110763.06,0.0572266847,direxion,https://www.direxion.com/holdings/SPXL.csv,,,,,
2026-10-05,SPXL,CAH,CARDINAL HEALTH INC,14149Y108,COMMON_STOCK,17747.0,228.3,4051640.1,0.0564036231,direxion,https://www.direxion.com/holdings/SPXL.csv,,,,,
2026-10-05,SPXL,DVN,DEVON ENERGY CORP,25179M103,COMMON_STOCK,83931.0,47.65,3999312.15,0.0556751561,direxion,https://www.direxion.com/holdings/SPXL.csv,,,,,
2026-10-05,SPXL,SRE,SEMPRA,816851109,COMMON_STOCK,49899.0,78.38,3911083.62,0.0544469106,direxion,https://www.direxion.com/holdings/SPXL.csv,,,,,
2026-10-05,SPXL,O,REALTY INCOME CORP,756109104,COMMON_STOCK,72210.0,54.13,3908727.3,0.0544141079,direxion,https://www.direxion.com/holdings/SPXL.csv,,,,,
2026-10-05,SPXL,ROK,ROCKWELL AUTOMATION INC,773903109,COMMON_STOCK,8474.0,454.35,3850161.9,0.0535988082,direxion,https://www.direxion.com/holdings/SPXL.csv,,,,,
2026-10-05,SPXL,MET,METLIFE INC,59156R108,COMMON_STOCK,40733.0,94.43,3846417.19,0.0535466774,direxion,https://www.direxion.com/holdings/SPXL.csv,,,,,
2026-10-05,SPXL,DAL,DELTA AIR LINES INC,247361702,COMMON_STOCK,45408.0,84.09,3818358.72,0.0531560703,direxion,https://www.direxion.com/holdings/SPXL.csv,,,,,
2026-10-05,SPXL,AFL,AFLAC INC,001055102,COMMON_STOCK,34047.0,111.54,3797602.38,0.0528671175,direxion,https://www.direxion.com/holdings/SPXL.csv,,,,,
2026-10-05,SPXL,EW,EDWARDS LIFESCIENCES CORP,28176E108,COMMON_STOCK,43986.0,85.15,3745407.9,0.0521405086,direxion,https://www.direxion.com/holdings/SPXL.csv,,,,,
2026-10-05,SPXL,HONA,HONEYWELL AEROSPACE INC,43849R105,COMMON_STOCK,24187.0,154.63,3740035.81,0.0520657228,direxion,https://www.direxion.com/holdings/SPXL.csv,,,,,
2026-10-05,SPXL,WAB,WABTEC CORP,929740108,COMMON_STOCK,12890.0,287.54,3706390.6,0.0515973417,direxion,https://www.direxion.com/holdings/SPXL.csv,,,,,
2026-10-05,SPXL,STT,STATE STREET CORP,857477103,COMMON_STOCK,20962.0,175.96,3688473.52,0.0513479147,direxion,https://www.direxion.com/holdings/SPXL.csv,,,,,
2026-10-05,SPXL,BDX,BECTON DICKINSON AND CO,075887109,COMMON_STOCK,20785.0,176.8,3674788.0,0.0511573961,direxion,https://www.direxion.com/holdings/SPXL.csv,,,,,
2026-10-05,SPXL,PSA,PUBLIC STORAGE,74460D109,COMMON_STOCK,12833.0,283.81,3642133.73,0.05070281,direxion,https://www.direxion.com/holdings/SPXL.csv,,,,,
2026-10-05,SPXL,F,FORD MOTOR CO,345370860,COMMON_STOCK,298889.0,12.1,3616556.9,0.0503467503,direxion,https://www.direxion.com/holdings/SPXL.csv,,,,,
2026-10-05,SPXL,A,AGILENT TECHNOLOGIES INC,00846U101,COMMON_STOCK,21553.0,167.78,3616162.34,0.0503412575,direxion,https://www.direxion.com/holdings/SPXL.csv,,,,,
2026-10-05,SPXL,ETR,ENTERGY CORP,29364G103,COMMON_STOCK,35611.0,100.91,3593506.01,0.0500258546,direxion,https://www.direxion.com/holdings/SPXL.csv,,,,,
2026-10-05,SPXL,P,EVERPURE INC-A,74624M102,COMMON_STOCK,25437.0,140.14,3564741.18,0.0496254142,direxion,https://www.direxion.com/holdings/SPXL.csv,,,,,
2026-10-05,SPXL,GRMN,GARMIN LTD,H2906T109,COMMON_STOCK,12657.0,281.16,3558642.12,0.049540508,direxion,https://www.direxion.com/holdings/SPXL.csv,,,,,
2026-10-05,SPXL,HUM,HUMANA INC,444859102,COMMON_STOCK,9162.0,388.36,3558154.32,0.0495337173,direxion,https://www.direxion.com/holdings/SPXL.csv,,,,,
2026-10-05,SPXL,FITB,FIFTH THIRD BANCORP,316773100,COMMON_STOCK,69205.0,50.87,3520458.35,0.0490089448,direxion,https://www.direxion.com/holdings/SPXL.csv,,,,,
2026-10-05,SPXL,CVNA,CARVANA CO,146869102,COMMON_STOCK,54938.0,63.77,3503396.26,0.0487714203,direxion,https://www.direxion.com/holdings/SPXL.csv,,,,,
2026-10-05,SPXL,AZO,AUTOZONE INC,053332102,COMMON_STOCK,1245.0,2792.03,3476077.35,0.0483911088,direxion,https://www.direxion.com/holdings/SPXL.csv,,,,,
2026-10-05,SPXL,CARR,CARRIER GLOBAL CORP,14448C104,COMMON_STOCK,62914.0,55.12,3467819.68,0.0482761522,direxion,https://www.direxion.com/holdings/SPXL.csv,,,,,
2026-10-05,SPXL,PYPL,PAYPAL HOLDINGS INC,70450Y103,COMMON_STOCK,65275.0,52.8,3446520.0,0.0479796355,direxion,https://www.direxion.com/holdings/SPXL.csv,,,,,
2026-10-05,SPXL,VYLR,VYLOR INC,92892R108,COMMON_STOCK,50914.0,67.26,3424475.64,0.0476727519,direxion,https://www.direxion.com/holdings/SPXL.csv,,,,,
2026-10-05,SPXL,ADSK,AUTODESK INC,052769106,COMMON_STOCK,16102.0,212.0,3413624.0,0.0475216843,direxion,https://www.direxion.com/holdings/SPXL.csv,,,,,
2026-10-05,SPXL,XEL,XCEL ENERGY INC,98389B100,COMMON_STOCK,47666.0,71.4,3403352.4,0.0473786914,direxion,https://www.direxion.com/holdings/SPXL.csv,,,,,
2026-10-05,SPXL,NTAP,NETAPP INC,64110D104,COMMON_STOCK,14975.0,226.27,3388393.25,0.0471704424,direxion,https://www.direxion.com/holdings/SPXL.csv,,,,,
2026-10-05,SPXL,VST,VISTRA CORP,92840M102,COMMON_STOCK,24075.0,140.02,3370981.5,0.0469280502,direxion,https://www.direxion.com/holdings/SPXL.csv,,,,,
2026-10-05,SPXL,MCHP,MICROCHIP TECHNOLOGY INC,595017104,COMMON_STOCK,41437.0,81.32,3369656.84,0.0469096094,direxion,https://www.direxion.com/holdings/SPXL.csv,,,,,
2026-10-05,SPXL,LHX,L3HARRIS TECHNOLOGIES INC,502431109,COMMON_STOCK,14210.0,236.6,3362086.0,0.0468042143,direxion,https://www.direxion.com/holdings/SPXL.csv,,,,,
2026-10-05,SPXL,AMP,AMERIPRISE FINANCIAL INC,03076C106,COMMON_STOCK,6740.0,490.91,3308733.4,0.046061483,direxion,https://www.direxion.com/holdings/SPXL.csv,,,,,
2026-10-05,SPXL,FERG,FERGUSON ENTERPRISES INC,31488V107,COMMON_STOCK,14763.0,223.33,3297020.79,0.0458984296,direxion,https://www.direxion.com/holdings/SPXL.csv,,,,,
2026-10-05,SPXL,VTR,VENTAS INC,92276F100,COMMON_STOCK,39149.0,84.01,3288907.49,0.0457854829,direxion,https://www.direxion.com/holdings/SPXL.csv,,,,,
2026-10-05,SPXL,FLEX,FLEX LTD,Y2573F102,COMMON_STOCK,28190.0,116.61,3287235.9,0.0457622124,direxion,https://www.direxion.com/holdings/SPXL.csv,,,,,
2026-10-05,SPXL,VMRK,VIVMARK RESIDENTIAL,29476L107,COMMON_STOCK,54911.0,59.79,3283128.69,0.0457050352,direxion,https://www.direxion.com/holdings/SPXL.csv,,,,,
2026-10-05,SPXL,EBAY,EBAY INC,278642103,COMMON_STOCK,30553.0,106.4,3250839.2,0.0452555273,direxion,https://www.direxion.com/holdings/SPXL.csv,,,,,
2026-10-05,SPXL,IQV,IQVIA HOLDINGS INC,46266C105,COMMON_STOCK,12560.0,258.21,3243117.6,0.0451480335,direxion,https://www.direxion.com/holdings/SPXL.csv,,,,,
2026-10-05,SPXL,OXY,OCCIDENTAL PETROLEUM CORP,674599105,COMMON_STOCK,55687.0,58.08,3234300.96,0.0450252954,direxion,https://www.direxion.com/holdings/SPXL.csv,,,,,
2026-10-05,SPXL,EXC,EXELON CORP,30161N101,COMMON_STOCK,78773.0,40.73,3208424.29,0.0446650615,direxion,https://www.direxion.com/holdings/SPXL.csv,,,,,
2026-10-05,SPXL,WAT,WATERS CORP,941848103,COMMON_STOCK,7497.0,425.21,3187799.37,0.0443779383,direxion,https://www.direxion.com/holdings/SPXL.csv,,,,,
2026-10-05,SPXL,ILMN,ILLUMINA INC,452327109,COMMON_STOCK,11555.0,273.04,3154977.2,0.0439210148,direxion,https://www.direxion.com/holdings/SPXL.csv,,,,,
2026-10-05,SPXL,KDP,KEURIG DR PEPPER INC,49271V100,COMMON_STOCK,103845.0,30.37,3153772.65,0.0439042461,direxion,https://www.direxion.com/holdings/SPXL.csv,,,,,
2026-10-05,SPXL,RSG,REPUBLIC SERVICES INC,760759100,COMMON_STOCK,14954.0,209.56,3133760.24,0.0436256496,direxion,https://www.direxion.com/holdings/SPXL.csv,,,,,
2026-10-05,SPXL,CMG,CHIPOTLE MEXICAN GRILL INC,169656105,COMMON_STOCK,96561.0,32.36,3124713.96,0.0434997147,direxion,https://www.direxion.com/holdings/SPXL.csv,,,,,
2026-10-05,SPXL,VEEV,VEEVA SYSTEMS INC-CLASS A,922475108,COMMON_STOCK,11404.0,273.33,3117055.32,0.0433930974,direxion,https://www.direxion.com/holdings/SPXL.csv,,,,,
2026-10-05,SPXL,IDXX,IDEXX LABORATORIES INC,45168D104,COMMON_STOCK,6011.0,518.39,3116042.29,0.0433789948,direxion,https://www.direxion.com/holdings/SPXL.csv,,,,,
2026-10-05,SPXL,COIN,COINBASE GLOBAL INC -CLASS A,19260Q107,COMMON_STOCK,17001.0,183.0,3111183.0,0.0433113478,direxion,https://www.direxion.com/holdings/SPXL.csv,,,,,
2026-10-05,SPXL,NKE,NIKE INC -CL B,654106103,COMMON_STOCK,91735.0,33.87,3107064.45,0.0432540127,direxion,https://www.direxion.com/holdings/SPXL.csv,,,,,
2026-10-05,SPXL,XYZ,BLOCK INC,852234103,COMMON_STOCK,41271.0,74.33,3067673.43,0.0427056431,direxion,https://www.direxion.com/holdings/SPXL.csv,,,,,
2026-10-05,SPXL,IBKR,INTERACTIVE BROKERS GRO-CL A,45841N107,COMMON_STOCK,34577.0,88.3,3053149.1,0.0425034472,direxion,https://www.direxion.com/holdings/SPXL.csv,,,,,
2026-10-05,SPXL,NDAQ,NASDAQ INC,631103108,COMMON_STOCK,33698.0,90.33,3043940.34,0.0423752504,direxion,https://www.direxion.com/holdings/SPXL.csv,,,,,
2026-10-05,SPXL,AIG,AMERICAN INTERNATIONAL GROUP,026874784,COMMON_STOCK,39901.0,74.93,2989781.93,0.0416213013,direxion,https://www.direxion.com/holdings/SPXL.csv,,,,,
2026-10-05,SPXL,MSCI,MSCI INC,55354G100,COMMON_STOCK,5546.0,535.95,2972378.7,0.0413790277,direxion,https://www.direxion.com/holdings/SPXL.csv,,,,,
2026-10-05,SPXL,PRU,PRUDENTIAL FINANCIAL INC,744320102,COMMON_STOCK,26327.0,112.6,2964420.2,0.041268236,direxion,https://www.direxion.com/holdings/SPXL.csv,,,,,
2026-10-05,SPXL,ADM,ARCHER-DANIELS-MIDLAND CO,039483102,COMMON_STOCK,36778.0,80.45,2958790.1,0.0411898583,direxion,https://www.direxion.com/holdings/SPXL.csv,,,,,
2026-10-05,SPXL,ED,CONSOLIDATED EDISON INC,209115104,COMMON_STOCK,28222.0,103.39,2917872.58,0.040620238,direxion,https://www.direxion.com/holdings/SPXL.csv,,,,,
2026-10-05,SPXL,FANG,DIAMONDBACK ENERGY INC,25278X109,COMMON_STOCK,15602.0,184.71,2881845.42,0.0401186973,direxion,https://www.direxion.com/holdings/SPXL.csv,,,,,
2026-10-05,SPXL,WDAY,WORKDAY INC-CLASS A,98138H101,COMMON_STOCK,15338.0,186.14,2855015.32,0.0397451906,direxion,https://www.direxion.com/holdings/SPXL.csv,,,,,
2026-10-05,SPXL,YUM,YUM! BRANDS INC,988498101,COMMON_STOCK,20825.0,136.12,2834699.0,0.0394623634,direxion,https://www.direxion.com/holdings/SPXL.csv,,,,,
2026-10-05,SPXL,SYY,SYSCO CORP,871829107,COMMON_STOCK,36518.0,77.49,2829779.82,0.0393938826,direxion,https://www.direxion.com/holdings/SPXL.csv,,,,,
2026-10-05,SPXL,CBRE,CBRE GROUP INC - A,12504L109,COMMON_STOCK,21745.0,129.58,2817717.1,0.0392259553,direxion,https://www.direxion.com/holdings/SPXL.csv,,,,,
2026-10-05,SPXL,UAL,UNITED AIRLINES HOLDINGS INC,910047109,COMMON_STOCK,24770.0,112.51,2786872.7,0.0387965647,direxion,https://www.direxion.com/holdings/SPXL.csv,,,,,
2026-10-05,SPXL,TTWO,TAKE-TWO INTERACTIVE SOFTWRE,874054109,COMMON_STOCK,13412.0,202.73,2719014.76,0.0378519019,direxion,https://www.direxion.com/holdings/SPXL.csv,,,,,
2026-10-05,SPXL,ROP,ROPER TECHNOLOGIES INC,776696106,COMMON_STOCK,7547.0,354.32,2674053.04,0.0372259816,direxion,https://www.direxion.com/holdings/SPXL.csv,,,,,
2026-10-05,SPXL,EME,EMCOR GROUP INC,29084Q100,COMMON_STOCK,3367.0,786.61,2648515.87,0.036870474,direxion,https://www.direxion.com/holdings/SPXL.csv,,,,,
2026-10-05,SPXL,DHI,DR HORTON INC,23331A109,COMMON_STOCK,19422.0,135.0,2621970.0,0.0365009241,direxion,https://www.direxion.com/holdings/SPXL.csv,,,,,
2026-10-05,SPXL,HIG,HARTFORD INSURANCE GROUP INC,416515104,COMMON_STOCK,20669.0,126.05,2605327.45,0.0362692401,direxion,https://www.direxion.com/holdings/SPXL.csv,,,,,
2026-10-05,SPXL,PEG,PUBLIC SERVICE ENTERPRISE GP,744573106,COMMON_STOCK,38035.0,68.07,2589042.45,0.0360425336,direxion,https://www.direxion.com/holdings/SPXL.csv,,,,,
2026-10-05,SPXL,IRM,IRON MOUNTAIN INC,46284V101,COMMON_STOCK,22717.0,113.39,2575880.63,0.0358593055,direxion,https://www.direxion.com/holdings/SPXL.csv,,,,,
2026-10-05,SPXL,ODFL,OLD DOMINION FREIGHT LINE,679580100,COMMON_STOCK,14242.0,180.48,2570396.16,0.0357829552,direxion,https://www.direxion.com/holdings/SPXL.csv,,,,,
2026-10-05,SPXL,KR,KROGER CO,501044101,COMMON_STOCK,43480.0,59.03,2566624.4,0.0357304479,direxion,https://www.direxion.com/holdings/SPXL.csv,,,,,
2026-10-05,SPXL,AXON,AXON ENTERPRISE INC,05464C101,COMMON_STOCK,6200.0,413.35,2562770.0,0.03567679,direxion,https://www.direxion.com/holdings/SPXL.csv,,,,,
2026-10-05,SPXL,WEC,WEC ENERGY GROUP INC,92939U106,COMMON_STOCK,24865.0,101.59,2526035.35,0.0351654003,direxion,https://www.direxion.com/holdings/SPXL.csv,,,,,
2026-10-05,SPXL,ON,ON SEMICONDUCTOR,682189105,COMMON_STOCK,29708.0,84.89,2521912.12,0.035108,direxion,https://www.direxion.com/holdings/SPXL.csv,,,,,
2026-10-05,SPXL,KVUE,KENVUE INC,49177J102,COMMON_STOCK,146575.0,17.2,2521090.0,0.0350965551,direxion,https://www.direxion.com/holdings/SPXL.csv,,,,,
2026-10-05,SPXL,CCL,CARNIVAL CORP LTD,G2004J103,COMMON_STOCK,97200.0,25.76,2503872.0,0.0348568602,direxion,https://www.direxion.com/holdings/SPXL.csv,,,,,
2026-10-05,SPXL,BIIB,BIOGEN INC,09062X103,COMMON_STOCK,11274.0,219.88,2478927.12,0.034509598,direxion,https://www.direxion.com/holdings/SPXL.csv,,,,,
2026-10-05,SPXL,DXCM,DEXCOM INC,252131107,COMMON_STOCK,28795.0,85.36,2457941.2,0.0342174491,direxion,https://www.direxion.com/holdings/SPXL.csv,,,,,
2026-10-05,SPXL,JBL,JABIL INC,466313103,COMMON_STOCK,7996.0,304.41,2434062.36,0.0338850274,direxion,https://www.direxion.com/holdings/SPXL.csv,,,,,
2026-10-05,SPXL,ACGL,ARCH CAPITAL GROUP LTD,G0450A105,COMMON_STOCK,25930.0,93.6,2427048.0,0.0337873793,direxion,https://www.direxion.com/holdings/SPXL.csv,,,,,
2026-10-05,SPXL,PAYX,PAYCHEX INC,704326107,COMMON_STOCK,24428.0,98.94,2416906.32,0.0336461951,direxion,https://www.direxion.com/holdings/SPXL.csv,,,,,
2026-10-05,SPXL,MTB,M & T BANK CORP,55261F104,COMMON_STOCK,11020.0,219.14,2414922.8,0.0336185821,direxion,https://www.direxion.com/holdings/SPXL.csv,,,,,
2026-10-05,SPXL,RMD,RESMED INC,761152107,COMMON_STOCK,11008.0,218.89,2409541.12,0.0335436628,direxion,https://www.direxion.com/holdings/SPXL.csv,,,,,
2026-10-05,SPXL,VMC,VULCAN MATERIALS CO,929160109,COMMON_STOCK,9887.0,243.06,2403134.22,0.0334544711,direxion,https://www.direxion.com/holdings/SPXL.csv,,,,,
2026-10-05,SPXL,KMB,KIMBERLY-CLARK CORP,494368103,COMMON_STOCK,25380.0,94.36,2394856.8,0.0333392397,direxion,https://www.direxion.com/holdings/SPXL.csv,,,,,
2026-10-05,SPXL,EQT,EQT CORP,26884L109,COMMON_STOCK,47733.0,50.17,2394764.61,0.0333379563,direxion,https://www.direxion.com/holdings/SPXL.csv,,,,,
2026-10-05,SPXL,NTRS,NORTHERN TRUST CORP,665859104,COMMON_STOCK,13961.0,171.4,2392915.4,0.0333122131,direxion,https://www.direxion.com/holdings/SPXL.csv,,,,,
2026-10-05,SPXL,STLD,STEEL DYNAMICS INC,858119100,COMMON_STOCK,10281.0,231.99,2385089.19,0.033203263,direxion,https://www.direxion.com/holdings/SPXL.csv,,,,,
2026-10-05,SPXL,CNC,CENTENE CORP,15135B101,COMMON_STOCK,37702.0,62.99,2374848.98,0.0330607071,direxion,https://www.direxion.com/holdings/SPXL.csv,,,,,
2026-10-05,SPXL,HBAN,HUNTINGTON BANCSHARES INC,446150104,COMMON_STOCK,154178.0,15.33,2363548.74,0.0329033944,direxion,https://www.direxion.com/holdings/SPXL.csv,,,,,
2026-10-05,SPXL,EXPE,EXPEDIA GROUP INC,30212P303,COMMON_STOCK,8738.0,265.0,2315570.0,0.0322354736,direxion,https://www.direxion.com/holdings/SPXL.csv,,,,,
2026-10-05,SPXL,MTD,METTLER-TOLEDO INTERNATIONAL,592688105,COMMON_STOCK,1530.0,1486.19,2273870.7,0.03165497,direxion,https://www.direxion.com/holdings/SPXL.csv,,,,,
2026-10-05,SPXL,HPQ,HP INC,40434L105,COMMON_STOCK,69788.0,32.12,2241590.56,0.0312055923,direxion,https://www.direxion.com/holdings/SPXL.csv,,,,,
2026-10-05,SPXL,GEHC,GE HEALTHCARE TECHNOLOGY,36266G107,COMMON_STOCK,34468.0,64.29,2215947.72,0.0308486136,direxion,https://www.direxion.com/holdings/SPXL.csv,,,,,
2026-10-05,SPXL,MLM,MARTIN MARIETTA MATERIALS,573284106,COMMON_STOCK,4583.0,482.27,2210243.41,0.0307692029,direxion,https://www.direxion.com/holdings/SPXL.csv,,,,,
2026-10-05,SPXL,ZTS,ZOETIS INC,98978V103,COMMON_STOCK,31532.0,69.69,2197465.08,0.0305913134,direxion,https://www.direxion.com/holdings/SPXL.csv,,,,,
2026-10-05,SPXL,TDY,TELEDYNE TECHNOLOGIES INC,879360105,COMMON_STOCK,3537.0,617.17,2182930.29,0.030388972,direxion,https://www.direxion.com/holdings/SPXL.csv,,,,,
2026-10-05,SPXL,CBOE,CBOE GLOBAL MARKETS INC,12503M108,COMMON_STOCK,7970.0,271.26,2161942.2,0.0300967929,direxion,https://www.direxion.com/holdings/SPXL.csv,,,,,
2026-10-05,SPXL,CCI,CROWN CASTLE INC,22822V101,COMMON_STOCK,32465.0,66.44,2156974.6,0.030027638,direxion,https://www.direxion.com/holdings/SPXL.csv,,,,,
2026-10-05,SPXL,EXR,EXTRA SPACE STORAGE INC,30225T102,COMMON_STOCK,16123.0,133.25,2148389.75,0.0299081268,direxion,https://www.direxion.com/holdings/SPXL.csv,,,,,
2026-10-05,SPXL,AEE,AMEREN CORPORATION,023608102,COMMON_STOCK,21127.0,99.94,2111432.38,0.0293936365,direxion,https://www.direxion.com/holdings/SPXL.csv,,,,,
2026-10-05,SPXL,Q,QNITY ELECTRONICS INC,74743L100,COMMON_STOCK,15964.0,131.48,2098946.72,0.0292198213,direxion,https://www.direxion.com/holdings/SPXL.csv,,,,,
2026-10-05,SPXL,RJF,RAYMOND JAMES FINANCIAL INC,754730109,COMMON_STOCK,13212.0,158.21,2090270.52,0.0290990383,direxion,https://www.direxion.com/holdings/SPXL.csv,,,,,
2026-10-05,SPXL,WSM,WILLIAMS-SONOMA INC,969904101,COMMON_STOCK,8986.0,232.3,2087447.8,0.0290597427,direxion,https://www.direxion.com/holdings/SPXL.csv,,,,,
2026-10-05,SPXL,PCG,P G & E CORP,69331C108,COMMON_STOCK,168063.0,12.32,2070536.16,0.0288243127,direxion,https://www.direxion.com/holdings/SPXL.csv,,,,,
2026-10-05,SPXL,CFG,CITIZENS FINANCIAL GROUP,174610105,COMMON_STOCK,32141.0,64.33,2067630.53,0.0287838629,direxion,https://www.direxion.com/holdings/SPXL.csv,,,,,
2026-10-05,SPXL,WTW,WILLIS TOWERS WATSON PLC,G96629103,COMMON_STOCK,7087.0,288.61,2045379.07,0.0284740963,direxion,https://www.direxion.com/holdings/SPXL.csv,,,,,
2026-10-05,SPXL,LYV,LIVE NATION ENTERTAINMENT IN,538034109,COMMON_STOCK,12088.0,168.77,2040091.76,0.0284004906,direxion,https://www.direxion.com/holdings/SPXL.csv,,,,,
2026-10-05,SPXL,ATO,ATMOS ENERGY CORP,049560105,COMMON_STOCK,12896.0,157.17,2026864.32,0.028216349,direxion,https://www.direxion.com/holdings/SPXL.csv,,,,,
2026-10-05,SPXL,HAL,HALLIBURTON CO,406216101,COMMON_STOCK,63576.0,31.85,2024895.6,0.0281889421,direxion,https://www.direxion.com/holdings/SPXL.csv,,,,,
2026-10-05,SPXL,CTSH,COGNIZANT TECH SOLUTIONS-A,192446102,COMMON_STOCK,34369.0,58.51,2010930.19,0.0279945271,direxion,https://www.direxion.com/holdings/SPXL.csv,,,,,
2026-10-05,SPXL,ARES,ARES MANAGEMENT CORP - A,03990B101,COMMON_STOCK,17093.0,117.55,2009282.15,0.0279715844,direxion,https://www.direxion.com/holdings/SPXL.csv,,,,,
2026-10-05,SPXL,IR,INGERSOLL-RAND INC,45687V106,COMMON_STOCK,26349.0,76.07,2004368.43,0.0279031796,direxion,https://www.direxion.com/holdings/SPXL.csv,,,,,
2026-10-05,SPXL,DG,DOLLAR GENERAL CORP,256677105,COMMON_STOCK,16834.0,118.94,2002235.96,0.0278734931,direxion,https://www.direxion.com/holdings/SPXL.csv,,,,,
2026-10-05,SPXL,CPAY,CORPAY INC,219948106,COMMON_STOCK,5011.0,394.6,1977340.6,0.0275269203,direxion,https://www.direxion.com/holdings/SPXL.csv,,,,,
2026-10-05,SPXL,DTE,DTE ENERGY COMPANY,233331107,COMMON_STOCK,15879.0,124.45,1976141.55,0.0275102281,direxion,https://www.direxion.com/holdings/SPXL.csv,,,,,
2026-10-05,SPXL,AWK,AMERICAN WATER WORKS CO INC,030420103,COMMON_STOCK,15165.0,130.25,1975241.25,0.0274976948,direxion,https://www.direxion.com/holdings/SPXL.csv,,,,,
2026-10-05,SPXL,DGX,QUEST DIAGNOSTICS INC,74834L100,COMMON_STOCK,8422.0,233.33,1965105.26,0.0273565899,direxion,https://www.direxion.com/holdings/SPXL.csv,,,,,
2026-10-05,SPXL,FFIV,F5 INC,315616102,COMMON_STOCK,4322.0,454.04,1962360.88,0.0273183848,direxion,https://www.direxion.com/holdings/SPXL.csv,,,,,
2026-10-05,SPXL,WST,WEST PHARMACEUTICAL SERVICES,955306105,COMMON_STOCK,5371.0,364.98,1960307.58,0.0272898005,direxion,https://www.direxion.com/holdings/SPXL.csv,,,,,
2026-10-05,SPXL,DOV,DOVER CORP,260003108,COMMON_STOCK,10277.0,189.69,1949444.13,0.0271385684,direxion,https://www.direxion.com/holdings/SPXL.csv,,,,,
2026-10-05,SPXL,HUBB,HUBBELL INC,443510607,COMMON_STOCK,4033.0,475.52,1917772.16,0.0266976571,direxion,https://www.direxion.com/holdings/SPXL.csv,,,,,
2026-10-05,SPXL,LH,LABCORP HOLDINGS INC,504922105,COMMON_STOCK,6189.0,308.49,1909244.61,0.0265789435,direxion,https://www.direxion.com/holdings/SPXL.csv,,,,,
2026-10-05,SPXL,EXPD,EXPEDITORS INTL WASH INC,302130109,COMMON_STOCK,9919.0,192.47,1909109.93,0.0265770686,direxion,https://www.direxion.com/holdings/SPXL.csv,,,,,
2026-10-05,SPXL,VICI,VICI PROPERTIES INC,925652109,COMMON_STOCK,84025.0,22.65,1903166.25,0.0264943256,direxion,https://www.direxion.com/holdings/SPXL.csv,,,,,
2026-10-05,SPXL,CNP,CENTERPOINT ENERGY INC,15189T107,COMMON_STOCK,50267.0,37.79,1899589.93,0.026444539,direxion,https://www.direxion.com/holdings/SPXL.csv,,,,,
2026-10-05,SPXL,CINF,CINCINNATI FINANCIAL CORP,172062101,COMMON_STOCK,11712.0,161.95,1896758.4,0.0264051207,direxion,https://www.direxion.com/holdings/SPXL.csv,,,,,
2026-10-05,SPXL,PPL,PPL CORP,69351T106,COMMON_STOCK,57426.0,32.8,1883572.8,0.0262215616,direxion,https://www.direxion.com/holdings/SPXL.csv,,,,,
2026-10-05,SPXL,SMCI,SUPER MICRO COMPUTER INC,86800U302,COMMON_STOCK,42944.0,43.69,1876223.36,0.0261192487,direxion,https://www.direxion.com/holdings/SPXL.csv,,,,,
2026-10-05,SPXL,OTIS,OTIS WORLDWIDE CORP,68902V107,COMMON_STOCK,29049.0,64.05,1860588.45,0.0259015922,direxion,https://www.direxion.com/holdings/SPXL.csv,,,,,
2026-10-05,SPXL,ES,EVERSOURCE ENERGY,30040W108,COMMON_STOCK,28744.0,64.5,1853988.0,0.0258097061,direxion,https://www.direxion.com/holdings/SPXL.csv,,,,,
2026-10-05,SPXL,XYL,XYLEM INC,98419M100,COMMON_STOCK,17816.0,101.79,1813490.64,0.025245935,direxion,https://www.direxion.com/holdings/SPXL.csv,,,,,
2026-10-05,SPXL,FISV,FISERV INC,337738108,COMMON_STOCK,40579.0,44.36,1800084.44,0.0250593048,direxion,https://www.direxion.com/holdings/SPXL.csv,,,,,
2026-10-05,SPXL,TPR,TAPESTRY INC,876030107,COMMON_STOCK,15215.0,118.12,1797195.8,0.0250190915,direxion,https://www.direxion.com/holdings/SPXL.csv,,,,,
2026-10-05,SPXL,HSY,HERSHEY CO/THE,427866108,COMMON_STOCK,11165.0,160.19,1788521.35,0.0248983329,direxion,https://www.direxion.com/holdings/SPXL.csv,,,,,
2026-10-05,SPXL,VRSN,VERISIGN INC,92343E102,COMMON_STOCK,6202.0,288.32,1788160.64,0.0248933114,direxion,https://www.direxion.com/holdings/SPXL.csv,,,,,
2026-10-05,SPXL,ULTA,ULTA BEAUTY INC,90384S303,COMMON_STOCK,3281.0,543.69,1783846.89,0.0248332589,direxion,https://www.direxion.com/holdings/SPXL.csv,,,,,
2026-10-05,SPXL,PPG,PPG INDUSTRIES INC,693506107,COMMON_STOCK,16963.0,105.15,1783659.45,0.0248306495,direxion,https://www.direxion.com/holdings/SPXL.csv,,,,,
2026-10-05,SPXL,SYF,SYNCHRONY FINANCIAL,87165B103,COMMON_STOCK,24826.0,71.77,1781762.02,0.0248042351,direxion,https://www.direxion.com/holdings/SPXL.csv,,,,,
2026-10-05,SPXL,RF,REGIONS FINANCIAL CORP,7591EP100,COMMON_STOCK,65011.0,27.1,1761798.1,0.0245263137,direxion,https://www.direxion.com/holdings/SPXL.csv,,,,,
2026-10-05,SPXL,VLTO,VERALTO CORP,92338C103,COMMON_STOCK,18605.0,94.68,1761521.4,0.0245224617,direxion,https://www.direxion.com/holdings/SPXL.csv,,,,,
2026-10-05,SPXL,CPRT,COPART INC,217204106,COMMON_STOCK,64282.0,27.22,1749756.04,0.024358674,direxion,https://www.direxion.com/holdings/SPXL.csv,,,,,
2026-10-05,SPXL,CASY,CASEY'S GENERAL STORES INC,147528103,COMMON_STOCK,2824.0,617.76,1744554.24,0.0242862588,direxion,https://www.direxion.com/holdings/SPXL.csv,,,,,
2026-10-05,SPXL,DRI,DARDEN RESTAURANTS INC,237194105,COMMON_STOCK,8665.0,200.33,1735859.45,0.024165217,direxion,https://www.direxion.com/holdings/SPXL.csv,,,,,
2026-10-05,SPXL,EL,ESTEE LAUDER COMPANIES-CL A,518439104,COMMON_STOCK,18871.0,91.97,1735565.87,0.02416113,direxion,https://www.direxion.com/holdings/SPXL.csv,,,,,
2026-10-05,SPXL,FE,FIRSTENERGY CORP,337932107,COMMON_STOCK,39741.0,43.34,1722374.94,0.0239774967,direxion,https://www.direxion.com/holdings/SPXL.csv,,,,,
2026-10-05,SPXL,CHD,CHURCH & DWIGHT CO INC,171340102,COMMON_STOCK,18101.0,94.31,1707105.31,0.0237649253,direxion,https://www.direxion.com/holdings/SPXL.csv,,,,,
2026-10-05,SPXL,TROW,T ROWE PRICE GROUP INC,74144T108,COMMON_STOCK,16277.0,104.62,1702899.74,0.0237063788,direxion,https://www.direxion.com/holdings/SPXL.csv,,,,,
2026-10-05,SPXL,SW,SMURFIT WESTROCK PLC,G8267P108,COMMON_STOCK,40027.0,42.54,1702748.58,0.0237042745,direxion,https://www.direxion.com/holdings/SPXL.csv,,,,,
2026-10-05,SPXL,PFG,PRINCIPAL FINANCIAL GROUP,74251V102,COMMON_STOCK,14867.0,111.96,1664509.32,0.0231719388,direxion,https://www.direxion.com/holdings/SPXL.csv,,,,,
2026-10-05,SPXL,PHM,PULTEGROUP INC,745867101,COMMON_STOCK,14304.0,115.73,1655401.92,0.023045153,direxion,https://www.direxion.com/holdings/SPXL.csv,,,,,
2026-10-05,SPXL,RDDT,REDDIT INC-CL A,75734B100,COMMON_STOCK,11153.0,147.86,1649082.58,0.0229571803,direxion,https://www.direxion.com/holdings/SPXL.csv,,,,,
2026-10-05,SPXL,DLTR,DOLLAR TREE INC,256746108,COMMON_STOCK,14667.0,112.16,1645050.72,0.022901052,direxion,https://www.direxion.com/holdings/SPXL.csv,,,,,
2026-10-05,SPXL,VRSK,VERISK ANALYTICS INC,92345Y106,COMMON_STOCK,9932.0,163.88,1627656.16,0.0226588992,direxion,https://www.direxion.com/holdings/SPXL.csv,,,,,
2026-10-05,SPXL,IFF,INTL FLAVORS & FRAGRANCES,459506101,COMMON_STOCK,19470.0,82.42,1604717.4,0.0223395645,direxion,https://www.direxion.com/holdings/SPXL.csv,,,,,
2026-10-05,SPXL,LUV,SOUTHWEST AIRLINES CO,844741108,COMMON_STOCK,37332.0,42.47,1585490.04,0.0220718969,direxion,https://www.direxion.com/holdings/SPXL.csv,,,,,
2026-10-05,SPXL,EIX,EDISON INTERNATIONAL,281020107,COMMON_STOCK,29366.0,53.89,1582533.74,0.0220307417,direxion,https://www.direxion.com/holdings/SPXL.csv,,,,,
2026-10-05,SPXL,OMC,OMNICOM GROUP,681919106,COMMON_STOCK,20933.0,74.15,1552181.95,0.0216082089,direxion,https://www.direxion.com/holdings/SPXL.csv,,,,,
2026-10-05,SPXL,STE,STERIS PLC,G8473T100,COMMON_STOCK,7440.0,208.54,1551537.6,0.0215992388,direxion,https://www.direxion.com/holdings/SPXL.csv,,,,,
2026-10-05,SPXL,PKG,PACKAGING CORP OF AMERICA,695156109,COMMON_STOCK,6758.0,228.54,1544473.32,0.0215008957,direxion,https://www.direxion.com/holdings/SPXL.csv,,,,,
2026-10-05,SPXL,VTRS,VIATRIS INC,92556V106,COMMON_STOCK,87645.0,17.6,1542552.0,0.0214741486,direxion,https://www.direxion.com/holdings/SPXL.csv,,,,,
2026-10-05,SPXL,DOW,DOW INC,260557103,COMMON_STOCK,55123.0,27.97,1541790.31,0.021463545,direxion,https://www.direxion.com/holdings/SPXL.csv,,,,,
2026-10-05,SPXL,NRG,NRG ENERGY INC,629377508,COMMON_STOCK,16041.0,95.23,1527584.43,0.0212657823,direxion,https://www.direxion.com/holdings/SPXL.csv,,,,,
2026-10-05,SPXL,CMS,CMS ENERGY CORP,125896100,COMMON_STOCK,23931.0,63.74,1525361.94,0.0212348426,direxion,https://www.direxion.com/holdings/SPXL.csv,,,,,
2026-10-05,SPXL,TPL,TEXAS PACIFIC LAND CORP,88262P102,COMMON_STOCK,4474.0,340.19,1522010.06,0.0211881805,direxion,https://www.direxion.com/holdings/SPXL.csv,,,,,
2026-10-05,SPXL,EXE,EXPAND ENERGY CORP,165167735,COMMON_STOCK,17664.0,85.52,1510625.28,0.0210296909,direxion,https://www.direxion.com/holdings/SPXL.csv,,,,,
2026-10-05,SPXL,INCY,INCYTE CORP,45337C102,COMMON_STOCK,12993.0,115.3,1498092.9,0.0208552253,direxion,https://www.direxion.com/holdings/SPXL.csv,,,,,
2026-10-05,SPXL,AMCR,AMCOR PLC,G0250X149,COMMON_STOCK,35282.0,41.86,1476904.52,0.020560258,direxion,https://www.direxion.com/holdings/SPXL.csv,,,,,
2026-10-05,SPXL,KHC,KRAFT HEINZ CO/THE,500754106,COMMON_STOCK,66061.0,22.19,1465893.59,0.0204069729,direxion,https://www.direxion.com/holdings/SPXL.csv,,,,,
2026-10-05,SPXL,SNA,SNAP-ON INC,833034101,COMMON_STOCK,3948.0,368.9,1456417.2,0.0202750503,direxion,https://www.direxion.com/holdings/SPXL.csv,,,,,
2026-10-05,SPXL,NI,NISOURCE INC,65473P105,COMMON_STOCK,36596.0,39.43,1442980.28,0.0200879925,direxion,https://www.direxion.com/holdings/SPXL.csv,,,,,
2026-10-05,SPXL,FSLR,FIRST SOLAR INC,336433107,COMMON_STOCK,8201.0,174.61,1431976.61,0.0199348084,direxion,https://www.direxion.com/holdings/SPXL.csv,,,,,
2026-10-05,SPXL,CHRW,C.H. ROBINSON WORLDWIDE INC,12541W209,COMMON_STOCK,8917.0,157.72,1406389.24,0.0195786019,direxion,https://www.direxion.com/holdings/SPXL.csv,,,,,
2026-10-05,SPXL,EVRG,EVERGY INC,30034W106,COMMON_STOCK,17595.0,79.17,1392996.15,0.0193921543,direxion,https://www.direxion.com/holdings/SPXL.csv,,,,,
2026-10-05,SPXL,KEY,KEYCORP,493267108,COMMON_STOCK,69215.0,20.08,1389837.2,0.0193481779,direxion,https://www.direxion.com/holdings/SPXL.csv,,,,,
2026-10-05,SPXL,BR,BROADRIDGE FINANCIAL SOLUTIO,11133T103,COMMON_STOCK,8701.0,156.93,1365447.93,0.0190086505,direxion,https://www.direxion.com/holdings/SPXL.csv,,,,,
2026-10-05,SPXL,ZBRA,ZEBRA TECHNOLOGIES CORP-CL A,989207105,COMMON_STOCK,3611.0,375.86,1357230.46,0.0188942535,direxion,https://www.direxion.com/holdings/SPXL.csv,,,,,
2026-10-05,SPXL,NDSN,NORDSON CORP,655663102,COMMON_STOCK,4040.0,333.54,1347501.6,0.0187588163,direxion,https://www.direxion.com/holdings/SPXL.csv,,,,,
2026-10-05,SPXL,L,LOEWS CORP,540424108,COMMON_STOCK,12635.0,106.03,1339689.05,0.0186500564,direxion,https://www.direxion.com/holdings/SPXL.csv,,,,,
2026-10-05,SPXL,DD,DUPONT DE NEMOURS INC,26614N201,COMMON_STOCK,10305.0,129.98,1339443.9,0.0186466436,direxion,https://www.direxion.com/holdings/SPXL.csv,,,,,
2026-10-05,SPXL,GPC,GENUINE PARTS CO,372460105,COMMON_STOCK,10521.0,127.24,1338692.04,0.0186361768,direxion,https://www.direxion.com/holdings/SPXL.csv,,,,,
2026-10-05,SPXL,BBY,BEST BUY CO INC,086516101,COMMON_STOCK,15119.0,87.97,1330018.43,0.0185154299,direxion,https://www.direxion.com/holdings/SPXL.csv,,,,,
2026-10-05,SPXL,GPN,GLOBAL PAYMENTS INC,37940X102,COMMON_STOCK,16959.0,78.38,1329246.42,0.0185046826,direxion,https://www.direxion.com/holdings/SPXL.csv,,,,,
2026-10-05,SPXL,CF,CF INDUSTRIES HOLDINGS INC,125269100,COMMON_STOCK,11548.0,115.01,1328135.48,0.018489217,direxion,https://www.direxion.com/holdings/SPXL.csv,,,,,
2026-10-05,SPXL,JBHT,HUNT (JB) TRANSPRT SVCS INC,445658107,COMMON_STOCK,5661.0,234.2,1325806.2,0.0184567907,direxion,https://www.direxion.com/holdings/SPXL.csv,,,,,
2026-10-05,SPXL,FTV,FORTIVE CORP,34959J108,COMMON_STOCK,23046.0,57.47,1324453.62,0.0184379612,direxion,https://www.direxion.com/holdings/SPXL.csv,,,,,
2026-10-05,SPXL,ESS,ESSEX PROPERTY TRUST INC,297178105,COMMON_STOCK,4904.0,268.65,1317459.6,0.0183405961,direxion,https://www.direxion.com/holdings/SPXL.csv,,,,,
2026-10-05,SPXL,BRO,BROWN & BROWN INC,115236101,COMMON_STOCK,21958.0,59.91,1315503.78,0.0183133688,direxion,https://www.direxion.com/holdings/SPXL.csv,,,,,
2026-10-05,SPXL,IEX,IDEX CORP,45167R104,COMMON_STOCK,5625.0,232.99,1310568.75,0.0182446673,direxion,https://www.direxion.com/holdings/SPXL.csv,,,,,
2026-10-05,SPXL,GIS,GENERAL MILLS INC,370334104,COMMON_STOCK,40798.0,32.01,1305943.98,0.0181802851,direxion,https://www.direxion.com/holdings/SPXL.csv,,,,,
2026-10-05,SPXL,STZ,CONSTELLATION BRANDS INC-A,21036P108,COMMON_STOCK,11469.0,112.87,1294506.03,0.0180210553,direxion,https://www.direxion.com/holdings/SPXL.csv,,,,,
2026-10-05,SPXL,IP,INTERNATIONAL PAPER CO,460146103,COMMON_STOCK,40412.0,31.97,1291971.64,0.0179857736,direxion,https://www.direxion.com/holdings/SPXL.csv,,,,,
2026-10-05,SPXL,RVTY,REVVITY INC,714046109,COMMON_STOCK,8515.0,151.53,1290277.95,0.0179621954,direxion,https://www.direxion.com/holdings/SPXL.csv,,,,,
2026-10-05,SPXL,ZBH,ZIMMER BIOMET HOLDINGS INC,98956P102,COMMON_STOCK,14555.0,88.29,1285060.95,0.0178895686,direxion,https://www.direxion.com/holdings/SPXL.csv,,,,,
2026-10-05,SPXL,BG,BUNGE GLOBAL SA,H11356104,COMMON_STOCK,12026.0,106.72,1283414.72,0.0178666511,direxion,https://www.direxion.com/holdings/SPXL.csv,,,,,
2026-10-05,SPXL,SBAC,SBA COMMUNICATIONS CORP,78410G104,COMMON_STOCK,8095.0,158.49,1282976.55,0.0178605513,direxion,https://www.direxion.com/holdings/SPXL.csv,,,,,
2026-10-05,SPXL,FIS,FIDELITY NATIONAL INFO SERV,31620M106,COMMON_STOCK,39354.0,32.44,1276643.76,0.0177723914,direxion,https://www.direxion.com/holdings/SPXL.csv,,,,,
2026-10-05,SPXL,LNT,ALLIANT ENERGY CORP,018802108,COMMON_STOCK,19787.0,64.33,1272897.71,0.0177202419,direxion,https://www.direxion.com/holdings/SPXL.csv,,,,,
2026-10-05,SPXL,CDW,CDW CORP/DE,12514G108,COMMON_STOCK,9539.0,133.29,1271453.31,0.0177001342,direxion,https://www.direxion.com/holdings/SPXL.csv,,,,,
2026-10-05,SPXL,EFX,EQUIFAX INC,294429105,COMMON_STOCK,8966.0,140.0,1255240.0,0.0174744257,direxion,https://www.direxion.com/holdings/SPXL.csv,,,,,
2026-10-05,SPXL,TSCO,TRACTOR SUPPLY COMPANY,892356106,COMMON_STOCK,39761.0,31.09,1236169.49,0.0172089416,direxion,https://www.direxion.com/holdings/SPXL.csv,,,,,
2026-10-05,SPXL,J,JACOBS SOLUTIONS INC,46982L108,COMMON_STOCK,8931.0,138.06,1233013.86,0.0171650115,direxion,https://www.direxion.com/holdings/SPXL.csv,,,,,
2026-10-05,SPXL,AKAM,AKAMAI TECHNOLOGIES INC,00971T101,COMMON_STOCK,10966.0,108.92,1194416.72,0.0166276937,direxion,https://www.direxion.com/holdings/SPXL.csv,,,,,
2026-10-05,SPXL,PTC,PTC INC,69370C100,COMMON_STOCK,8279.0,144.03,1192424.37,0.0165999578,direxion,https://www.direxion.com/holdings/SPXL.csv,,,,,
2026-10-05,SPXL,WRB,WR BERKLEY CORP,084423102,COMMON_STOCK,17266.0,68.98,1191008.68,0.0165802497,direxion,https://www.direxion.com/holdings/SPXL.csv,,,,,
2026-10-05,SPXL,HST,HOST HOTELS & RESORTS INC,44107P104,COMMON_STOCK,52292.0,22.56,1179707.52,0.0164229242,direxion,https://www.direxion.com/holdings/SPXL.csv,,,,,
2026-10-05,SPXL,LEN,LENNAR CORP-A,526057104,COMMON_STOCK,14774.0,79.81,1179112.94,0.016414647,direxion,https://www.direxion.com/holdings/SPXL.csv,,,,,
2026-10-05,SPXL,APA,APA CORP,03743Q108,COMMON_STOCK,26735.0,43.68,1167784.8,0.0162569459,direxion,https://www.direxion.com/holdings/SPXL.csv,,,,,
2026-10-05,SPXL,LYB,LYONDELLBASELL INDU-CL A,N53745100,COMMON_STOCK,19721.0,58.58,1155256.18,0.0160825326,direxion,https://www.direxion.com/holdings/SPXL.csv,,,,,
2026-10-05,SPXL,NVR,NVR INC,62944T105,COMMON_STOCK,192.0,5993.85,1150819.2,0.0160207646,direxion,https://www.direxion.com/holdings/SPXL.csv,,,,,
2026-10-05,SPXL,BALL,BALL CORP,058498106,COMMON_STOCK,20199.0,56.37,1138617.63,0.0158509043,direxion,https://www.direxion.com/holdings/SPXL.csv,,,,,
2026-10-05,SPXL,KIM,KIMCO REALTY CORP,49446R109,COMMON_STOCK,51188.0,22.24,1138421.12,0.0158481687,direxion,https://www.direxion.com/holdings/SPXL.csv,,,,,
2026-10-05,SPXL,LDOS,LEIDOS HOLDINGS INC,525327102,COMMON_STOCK,9576.0,117.74,1127478.24,0.0156958309,direxion,https://www.direxion.com/holdings/SPXL.csv,,,,,
2026-10-05,SPXL,TSN,TYSON FOODS INC-CL A,902494103,COMMON_STOCK,21504.0,51.89,1115842.56,0.0155338484,direxion,https://www.direxion.com/holdings/SPXL.csv,,,,,
2026-10-05,SPXL,FICO,FAIR ISAAC CORP,303250104,COMMON_STOCK,1647.0,661.25,1089078.75,0.0151612645,direxion,https://www.direxion.com/holdings/SPXL.csv,,,,,
2026-10-05,SPXL,INVH,INVITATION HOMES INC,46187W107,COMMON_STOCK,41013.0,26.04,1067978.52,0.0148675244,direxion,https://www.direxion.com/holdings/SPXL.csv,,,,,
2026-10-05,SPXL,CRL,CHARLES RIVER LABORATORIES,159864107,COMMON_STOCK,3644.0,290.19,1057452.36,0.0147209878,direxion,https://www.direxion.com/holdings/SPXL.csv,,,,,
2026-10-05,SPXL,SWK,STANLEY BLACK & DECKER INC,854502101,COMMON_STOCK,11524.0,91.34,1052602.16,0.0146534673,direxion,https://www.direxion.com/holdings/SPXL.csv,,,,,
2026-10-05,SPXL,RL,RALPH LAUREN CORP,751212101,COMMON_STOCK,2877.0,363.37,1045415.49,0.0145534203,direxion,https://www.direxion.com/holdings/SPXL.csv,,,,,
2026-10-05,SPXL,IVZ,INVESCO LTD,G491BT108,COMMON_STOCK,33691.0,30.66,1032966.06,0.0143801095,direxion,https://www.direxion.com/holdings/SPXL.csv,,,,,
2026-10-05,SPXL,FDXF,FEDEX FREIGHT HOLDING CO,314352105,COMMON_STOCK,9130.0,112.89,1030685.7,0.0143483642,direxion,https://www.direxion.com/holdings/SPXL.csv,,,,,
2026-10-05,SPXL,MAS,MASCO CORP,574599106,COMMON_STOCK,15047.0,68.36,1028612.92,0.0143195087,direxion,https://www.direxion.com/holdings/SPXL.csv,,,,,
2026-10-05,SPXL,DOC,HEALTHPEAK PROPERTIES INC,42250P103,COMMON_STOCK,52619.0,19.49,1025544.31,0.01427679,direxion,https://www.direxion.com/holdings/SPXL.csv,,,,,
2026-10-05,SPXL,TRMB,TRIMBLE INC,896239100,COMMON_STOCK,17794.0,57.52,1023510.88,0.0142484822,direxion,https://www.direxion.com/holdings/SPXL.csv,,,,,
2026-10-05,SPXL,MAA,MID-AMERICA APARTMENT COMM,59522J103,COMMON_STOCK,8853.0,115.27,1020485.31,0.0142063627,direxion,https://www.direxion.com/holdings/SPXL.csv,,,,,
2026-10-05,SPXL,WY,WEYERHAEUSER CO,962166104,COMMON_STOCK,55000.0,18.47,1015850.0,0.0141418337,direxion,https://www.direxion.com/holdings/SPXL.csv,,,,,
2026-10-05,SPXL,TXT,TEXTRON INC,883203101,COMMON_STOCK,13124.0,77.26,1013960.24,0.014115526,direxion,https://www.direxion.com/holdings/SPXL.csv,,,,,
2026-10-05,SPXL,AIZ,ASSURANT INC,04621X108,COMMON_STOCK,3763.0,267.32,1005925.16,0.0140036682,direxion,https://www.direxion.com/holdings/SPXL.csv,,,,,
2026-10-05,SPXL,EG,EVEREST GROUP LTD,G3223R108,COMMON_STOCK,2720.0,368.27,1001694.4,0.013944771,direxion,https://www.direxion.com/holdings/SPXL.csv,,,,,
2026-10-05,SPXL,ALLE,ALLEGION PLC,G0176J109,COMMON_STOCK,6490.0,154.21,1000822.9,0.0139326387,direxion,https://www.direxion.com/holdings/SPXL.csv,,,,,
2026-10-05,SPXL,ECHO,ECHOSTAR CORP-A,278768106,COMMON_STOCK,10565.0,94.25,995751.25,0.0138620353,direxion,https://www.direxion.com/holdings/SPXL.csv,,,,,
2026-10-05,SPXL,AVY,AVERY DENNISON CORP,053611109,COMMON_STOCK,5784.0,169.87,982528.08,0.0136779532,direxion,https://www.direxion.com/holdings/SPXL.csv,,,,,
2026-10-05,SPXL,SWKS,SKYWORKS SOLUTIONS INC,83088M102,COMMON_STOCK,11483.0,85.03,976399.49,0.0135926359,direxion,https://www.direxion.com/holdings/SPXL.csv,,,,,
2026-10-05,SPXL,GNRC,GENERAC HOLDINGS INC,368736104,COMMON_STOCK,4502.0,216.8,976033.6,0.0135875423,direxion,https://www.direxion.com/holdings/SPXL.csv,,,,,
2026-10-05,SPXL,GL,GLOBE LIFE INC,37959E102,COMMON_STOCK,5864.0,165.68,971547.52,0.0135250908,direxion,https://www.direxion.com/holdings/SPXL.csv,,,,,
2026-10-05,SPXL,SOLV,SOLVENTUM CORP,83444M101,COMMON_STOCK,11041.0,87.85,969951.85,0.0135028772,direxion,https://www.direxion.com/holdings/SPXL.csv,,,,,
2026-10-05,SPXL,HAS,HASBRO INC,418056107,COMMON_STOCK,10765.0,89.54,963898.1,0.0134186018,direxion,https://www.direxion.com/holdings/SPXL.csv,,,,,
2026-10-05,SPXL,SJM,JM SMUCKER CO/THE,832696405,COMMON_STOCK,8156.0,117.19,955801.64,0.0133058895,direxion,https://www.direxion.com/holdings/SPXL.csv,,,,,
2026-10-05,SPXL,FOXA,FOX CORP - CLASS A,35137L105,COMMON_STOCK,15215.0,62.28,947590.2,0.0131915765,direxion,https://www.direxion.com/holdings/SPXL.csv,,,,,
2026-10-05,SPXL,ALB,ALBEMARLE CORP,012653101,COMMON_STOCK,9006.0,104.59,941937.54,0.0131128848,direxion,https://www.direxion.com/holdings/SPXL.csv,,,,,
2026-10-05,SPXL,GDDY,GODADDY INC - CLASS A,380237107,COMMON_STOCK,9664.0,97.21,939437.44,0.0130780805,direxion,https://www.direxion.com/holdings/SPXL.csv,,,,,
2026-10-05,SPXL,TYL,TYLER TECHNOLOGIES INC,902252105,COMMON_STOCK,2906.0,322.81,938085.86,0.0130592649,direxion,https://www.direxion.com/holdings/SPXL.csv,,,,,
2026-10-05,SPXL,CHTR,CHARTER COMMUNICATIONS INC-A,16119P108,COMMON_STOCK,8531.0,109.29,932352.99,0.0129794566,direxion,https://www.direxion.com/holdings/SPXL.csv,,,,,
2026-10-05,SPXL,BAX,BAXTER INTERNATIONAL INC,071813109,COMMON_STOCK,39452.0,23.49,926727.48,0.0129011428,direxion,https://www.direxion.com/holdings/SPXL.csv,,,,,
2026-10-05,SPXL,REG,REGENCY CENTERS CORP,758849103,COMMON_STOCK,12716.0,71.6,910465.6,0.0126747582,direxion,https://www.direxion.com/holdings/SPXL.csv,,,,,
2026-10-05,SPXL,GEN,GEN DIGITAL INC,668771108,COMMON_STOCK,41108.0,21.99,903964.92,0.012584261,direxion,https://www.direxion.com/holdings/SPXL.csv,,,,,
2026-10-05,SPXL,IT,GARTNER INC,366651107,COMMON_STOCK,4817.0,184.8,890181.6,0.0123923809,direxion,https://www.direxion.com/holdings/SPXL.csv,,,,,
2026-10-05,SPXL,PNW,PINNACLE WEST CAPITAL,723484101,COMMON_STOCK,9248.0,95.92,887068.16,0.0123490382,direxion,https://www.direxion.com/holdings/SPXL.csv,,,,,
2026-10-05,SPXL,MKC,MCCORMICK & CO-NON VTG SHRS,579780206,COMMON_STOCK,19387.0,44.67,866017.29,0.0120559851,direxion,https://www.direxion.com/holdings/SPXL.csv,,,,,
2026-10-05,SPXL,TECH,BIO-TECHNE CORP,09073M104,COMMON_STOCK,11948.0,72.4,865035.2,0.0120423133,direxion,https://www.direxion.com/holdings/SPXL.csv,,,,,
2026-10-05,SPXL,LII,LENNOX INTERNATIONAL INC,526107107,COMMON_STOCK,2399.0,356.3,854763.7,0.0118993219,direxion,https://www.direxion.com/holdings/SPXL.csv,,,,,
2026-10-05,SPXL,COO,COOPER COS INC/THE,216648501,COMMON_STOCK,14882.0,56.91,846934.62,0.0117903318,direxion,https://www.direxion.com/holdings/SPXL.csv,,,,,
2026-10-05,SPXL,CSGP,COSTAR GROUP INC,22160N109,COMMON_STOCK,30920.0,27.38,846589.6,0.0117855287,direxion,https://www.direxion.com/holdings/SPXL.csv,,,,,
2026-10-05,SPXL,DECK,DECKERS OUTDOOR CORP,243537107,COMMON_STOCK,10392.0,79.12,822215.04,0.011446206,direxion,https://www.direxion.com/holdings/SPXL.csv,,,,,
2026-10-05,SPXL,AES,AES CORP,00130H105,COMMON_STOCK,54443.0,14.91,811745.13,0.0113004525,direxion,https://www.direxion.com/holdings/SPXL.csv,,,,,
2026-10-05,SPXL,HII,HUNTINGTON INGALLS INDUSTRIE,446413106,COMMON_STOCK,3008.0,268.54,807768.32,0.0112450906,direxion,https://www.direxion.com/holdings/SPXL.csv,,,,,
2026-10-05,SPXL,TKO,TKO GROUP HOLDINGS INC,87256C101,COMMON_STOCK,4574.0,175.58,803102.92,0.0111801427,direxion,https://www.direxion.com/holdings/SPXL.csv,,,,,
2026-10-05,SPXL,NWSA,NEWS CORP - CLASS A,65249B109,COMMON_STOCK,27510.0,28.69,789261.9,0.0109874593,direxion,https://www.direxion.com/holdings/SPXL.csv,,,,,
2026-10-05,SPXL,JKHY,JACK HENRY & ASSOCIATES INC,426281101,COMMON_STOCK,5423.0,142.54,772994.42,0.0107609967,direxion,https://www.direxion.com/holdings/SPXL.csv,,,,,
2026-10-05,SPXL,LULU,LULULEMON ATHLETICA INC,550021109,COMMON_STOCK,7973.0,94.46,753129.58,0.0104844547,direxion,https://www.direxion.com/holdings/SPXL.csv,,,,,
2026-10-05,SPXL,DPZ,DOMINO'S PIZZA INC,25754A201,COMMON_STOCK,2525.0,297.615,751477.88,0.0104614611,direxion,https://www.direxion.com/holdings/SPXL.csv,,,,,
2026-10-05,SPXL,UDR,UDR INC,902653104,COMMON_STOCK,22308.0,33.27,742187.16,0.0103321232,direxion,https://www.direxion.com/holdings/SPXL.csv,,,,,
2026-10-05,SPXL,CLX,CLOROX COMPANY,189054109,COMMON_STOCK,9228.0,80.41,742023.48,0.0103298446,direxion,https://www.direxion.com/holdings/SPXL.csv,,,,,
2026-10-05,SPXL,BEN,FRANKLIN TEMPLETON INC,354613101,COMMON_STOCK,22485.0,32.81,737732.85,0.010270114,direxion,https://www.direxion.com/holdings/SPXL.csv,,,,,
2026-10-05,SPXL,BXP,BXP INC,101121101,COMMON_STOCK,12186.0,60.45,736643.7,0.0102549517,direxion,https://www.direxion.com/holdings/SPXL.csv,,,,,
2026-10-05,SPXL,CPT,CAMDEN PROPERTY TRUST,133131102,COMMON_STOCK,7672.0,95.96,736205.12,0.0102488462,direxion,https://www.direxion.com/holdings/SPXL.csv,,,,,
2026-10-05,SPXL,ALGN,ALIGN TECHNOLOGY INC,016255101,COMMON_STOCK,5042.0,143.74,724737.08,0.0100891975,direxion,https://www.direxion.com/holdings/SPXL.csv,,,,,
2026-10-05,SPXL,FDS,FACTSET RESEARCH SYSTEMS INC,303075105,COMMON_STOCK,2713.0,266.0,721658.0,0.0100463331,direxion,https://www.direxion.com/holdings/SPXL.csv,,,,,
2026-10-05,SPXL,LVS,LAS VEGAS SANDS CORP,517834107,COMMON_STOCK,19761.0,36.23,715941.03,0.0099667461,direxion,https://www.direxion.com/holdings/SPXL.csv,,,,,
2026-10-05,SPXL,PODD,INSULET CORP,45784P101,COMMON_STOCK,5292.0,131.69,696903.48,0.0097017208,direxion,https://www.direxion.com/holdings/SPXL.csv,,,,,
2026-10-05,SPXL,UHS,UNIVERSAL HEALTH SERVICES-B,913903100,COMMON_STOCK,3945.0,175.72,693215.4,0.0096503784,direxion,https://www.direxion.com/holdings/SPXL.csv,,,,,
2026-10-05,SPXL,APTV,APTIV PLC,G3265R107,COMMON_STOCK,15844.0,43.54,689847.76,0.0096034969,direxion,https://www.direxion.com/holdings/SPXL.csv,,,,,
2026-10-05,SPXL,ROL,ROLLINS INC,775711104,COMMON_STOCK,22765.0,30.16,686592.4,0.0095581784,direxion,https://www.direxion.com/holdings/SPXL.csv,,,,,
2026-10-05,SPXL,FRT,FEDERAL REALTY INVS TRUST,313745101,COMMON_STOCK,6100.0,106.69,650809.0,0.0090600312,direxion,https://www.direxion.com/holdings/SPXL.csv,,,,,
2026-10-05,SPXL,PNR,PENTAIR PLC,G7S00T104,COMMON_STOCK,12182.0,53.03,646011.46,0.0089932437,direxion,https://www.direxion.com/holdings/SPXL.csv,,,,,
2026-10-05,SPXL,HSIC,HENRY SCHEIN INC,806407102,COMMON_STOCK,7314.0,84.88,620812.32,0.0086424419,direxion,https://www.direxion.com/holdings/SPXL.csv,,,,,
2026-10-05,SPXL,CTVA,CORTEVA INC,22052L104,COMMON_STOCK,50914.0,11.92,606894.88,0.0084486947,direxion,https://www.direxion.com/holdings/SPXL.csv,,,,,
2026-10-05,SPXL,FOX,FOX CORP - CLASS B,35137L204,COMMON_STOCK,10251.0,55.89,572928.39,0.0079758409,direxion,https://www.direxion.com/holdings/SPXL.csv,,,,,
2026-10-05,SPXL,ARE,ALEXANDRIA REAL ESTATE EQUIT,015271109,COMMON_STOCK,11966.0,47.37,566829.42,0.0078909361,direxion,https://www.direxion.com/holdings/SPXL.csv,,,,,
2026-10-05,SPXL,NCLH,NORWEGIAN CRUISE LINE HOLDIN,G66721104,COMMON_STOCK,35041.0,15.14,530520.74,0.0073854763,direxion,https://www.direxion.com/holdings/SPXL.csv,,,,,
2026-10-05,SPXL,MOS,MOSAIC CO/THE,61945C103,COMMON_STOCK,24259.0,21.07,511137.13,0.0071156335,direxion,https://www.direxion.com/holdings/SPXL.csv,,,,,
2026-10-05,SPXL,AOS,SMITH (A.O.) CORP,831865209,COMMON_STOCK,8396.0,56.75,476473.0,0.0066330678,direxion,https://www.direxion.com/holdings/SPXL.csv,,,,,
2026-10-05,SPXL,DVA,DAVITA INC,23918K108,COMMON_STOCK,2581.0,178.69,461198.89,0.0064204341,direxion,https://www.direxion.com/holdings/SPXL.csv,,,,,
2026-10-05,SPXL,HRL,HORMEL FOODS CORP,440452100,COMMON_STOCK,22258.0,20.25,450724.5,0.0062746182,direxion,https://www.direxion.com/holdings/SPXL.csv,,,,,
2026-10-05,SPXL,ERIE,ERIE INDEMNITY COMPANY-CL A,29530P102,COMMON_STOCK,1973.0,221.09,436210.57,0.0060725672,direxion,https://www.direxion.com/holdings/SPXL.csv,,,,,
2026-10-05,SPXL,WYNN,WYNN RESORTS LTD,983134107,COMMON_STOCK,5572.0,75.88,422803.36,0.0058859229,direxion,https://www.direxion.com/holdings/SPXL.csv,,,,,
2026-10-05,SPXL,MGM,MGM RESORTS INTERNATIONAL,552953101,COMMON_STOCK,13436.0,30.48,409529.28,0.005701132,direxion,https://www.direxion.com/holdings/SPXL.csv,,,,,
2026-10-05,SPXL,PSKY,PARAMOUNT SKYDANCE CL B,69932A204,COMMON_STOCK,41655.0,9.5,395722.5,0.0055089253,direxion,https://www.direxion.com/holdings/SPXL.csv,,,,,
2026-10-05,SPXL,BF/B,BROWN-FORMAN CORP-CLASS B,115637209,OTHER,13519.0,26.16,353657.04,0.0049233244,direxion,https://www.direxion.com/holdings/SPXL.csv,,,,,
2026-10-05,SPXL,NWS,NEWS CORP - CLASS B,65249B208,COMMON_STOCK,9093.0,31.65,287793.45,0.0040064253,direxion,https://www.direxion.com/holdings/SPXL.csv,,,,,
2026-10-05,SPXL,,HOLOGIC INC- CVR,436CVR021,OTHER,13192.0,0.0,0.0,0.0,direxion,https://www.direxion.com/holdings/SPXL.csv,,,,,
2026-10-05,SPXS,,DREYFUS GOVT CASH MAN INS,X9USDDGCM,MONEY_MARKET,159020099.64,1.0,159020099.64,50.5841835681,direxion,https://www.direxion.com/holdings/SPXS.csv,,,,,
2026-10-05,SPXS,,GOLDMAN SACHS FIN GOV 465 INSTITUT,X9USDGLDS,OTHER,73216300.87,1.0,73216300.87,23.2900546017,direxion,https://www.direxion.com/holdings/SPXS.csv,,,,,
2026-10-05,SPXS,,GOLDMAN FINL SQ TRSRY INST 506,X9USDGSFC,OTHER,62587041.17,1.0,62587041.17,19.9088944523,direxion,https://www.direxion.com/holdings/SPXS.csv,,,,,
2026-10-05,SPXS,,DREYFUS TRSRY SECURITIES CASH MGMT,X9USDDTP3,CASH,50507553.73,1.0,50507553.73,16.0664178631,direxion,https://www.direxion.com/holdings/SPXS.csv,,,,,
2026-10-05,SPXS,,SPX SWAP ASSET LEG,SPXMLS,SWAP,-6601.0,7722.72,-50977674.72,-16.2159630245,direxion,https://www.direxion.com/holdings/SPXS.csv,,,,,
2026-10-05,SPXS,,SPX SWAP ASSET LEG,SPXBPS,SWAP,-6748.0,7722.72,-52112914.56,-16.5770820314,direxion,https://www.direxion.com/holdings/SPXS.csv,,,,,
2026-10-05,SPXS,,SPX SWAP ASSET LEG,SPXUBS,SWAP,-8522.0,7722.72,-65813019.84,-20.9350760331,direxion,https://www.direxion.com/holdings/SPXS.csv,,,,,
2026-10-05,SPXS,,SPX SWAP ASSET LEG,SPXJPS,SWAP,-12547.0,7722.72,-96896967.84,-30.8228583651,direxion,https://www.direxion.com/holdings/SPXS.csv,,,,,
2026-10-05,SPXS,,SPX SWAP ASSET LEG,SPXCTS,SWAP,-12636.0,7722.72,-97584289.92,-31.0414950428,direxion,https://www.direxion.com/holdings/SPXS.csv,,,,,
2026-10-05,SPXS,,SPX SWAP ASSET LEG,SPXGSS,SWAP,-30404.0,7722.72,-234801578.88,-74.6902196328,direxion,https://www.direxion.com/holdings/SPXS.csv,,,,,
2026-10-05,SPXS,,SPX SWAP ASSET LEG,SPXBCS,SWAP,-44664.0,7722.72,-344927566.08,-109.7212198947,direxion,https://www.direxion.com/holdings/SPXS.csv,,,,,
2026-04-21,SRPU,AXSB8DPDT7CLS,CFD SAREPTA THERAPEUTICS INC,,SWAP,320507.0,20.68,6628084.76,200.0,tradr_axs,https://axsetf.filepoint.live/assets/data/BBH_AXS_ETF_PVAL_WEB.20260421.csv,,,,,
2026-04-21,SRPU,USD,CASHUSD,CASHUSD,CASH,4079972.15,,4079972.15,123.11,tradr_axs,https://axsetf.filepoint.live/assets/data/BBH_AXS_ETF_PVAL_WEB.20260421.csv,,,,,
2026-04-21,SRPU,,NET OTHER ASSETS,,OTHER,-1277772.77,,-1277772.77,-38.56,tradr_axs,https://axsetf.filepoint.live/assets/data/BBH_AXS_ETF_PVAL_WEB.20260421.csv,,,,,
2026-04-21,SRPU,AXSB8DPDT7CLS,CFD SAREPTA THERAPEUTICS INC,,SWAP,-6116231.93,100.0,-6116231.93,-184.55,tradr_axs,https://axsetf.filepoint.live/assets/data/BBH_AXS_ETF_PVAL_WEB.20260421.csv,,,,,
2026-10-05,STSM,Cash&Other,Cash & Other,Cash&Other,CASH,3092128.0,,,294.71,defiance,https://www.defianceetfs.com/stsm-full-holdings/,,,,,
2026-10-05,STSM,FGXXX,First American Government Obligations Fund 12/01/2031,31846V336,COMMON_STOCK,53794.0,,,5.13,defiance,https://www.defianceetfs.com/stsm-full-holdings/,,,,,
2026-10-05,STSM,874039100-TRS-11/01/28-S-STSM,Taiwan Semiconductor Swap Cantor-s,874039100-TRS-11/01/28-S-STSM,SWAP,-922.0,,,-41.55,defiance,https://www.defianceetfs.com/stsm-full-holdings/,,,,,
2026-10-05,STSM,874039100-TRS-03/31/33-S-STSM,Taiwan Semiconductor Corp Swap Nm,874039100-TRS-03/31/33-S-STSM,SWAP,-1062.0,,,-47.85,defiance,https://www.defianceetfs.com/stsm-full-holdings/,,,,,
2026-10-05,STSM,874039100-TRS-01/11/28-S-STSM,Taiwan Semiconductor Swap Cs,874039100-TRS-01/11/28-S-STSM,SWAP,-1151.0,,,-51.86,defiance,https://www.defianceetfs.com/stsm-full-holdings/,,,,,
2026-10-05,STSM,874039100-TRS-11/18/28-S-STSM,Taiwan Semiconductor Swap Marex,874039100-TRS-11/18/28-S-STSM,SWAP,-1300.0,,,-58.58,defiance,https://www.defianceetfs.com/stsm-full-holdings/,,,,,
2026-10-05,STXL,G7997R103-TRS-12/01/28-L-STXL,Seagate Technology Holdings Plc-swap-cant-l,G7997R103-TRS-12/01/28-L-STXL,SWAP,18233.0,,,51.89,defiance,https://www.defianceetfs.com/stxl-full-holdings/,,,,,
2026-10-05,STXL,G7997R103-TRS-05/09/28-L-STXL,Seagate Technology Holdings Plc-swap-clst-l,G7997R103-TRS-05/09/28-L-STXL,SWAP,14754.0,,,41.99,defiance,https://www.defianceetfs.com/stxl-full-holdings/,,,,,
2026-10-05,STXL,G7997R103-TRS-04/23/33-L-STXL,Seagate Technology Holdings Plc-swap-mrex-l,G7997R103-TRS-04/23/33-L-STXL,SWAP,13802.0,,,39.28,defiance,https://www.defianceetfs.com/stxl-full-holdings/,,,,,
2026-10-05,STXL,G7997R103-TRS-03/31/33-L-STXL,Seagate Technology Holdings Plc-swap-nmra-l,G7997R103-TRS-03/31/33-L-STXL,SWAP,12547.0,,,35.71,defiance,https://www.defianceetfs.com/stxl-full-holdings/,,,,,
2026-10-05,STXL,G7997R103-TRS-01/31/33-L-STXL,Seagate Technology Holdings Plc-swap-nbcb-l,G7997R103-TRS-01/31/33-L-STXL,SWAP,10900.0,,,31.02,defiance,https://www.defianceetfs.com/stxl-full-holdings/,,,,,
2026-10-05,STXL,912797UZ8,United States Treasury Bill 11/19/2026,912797UZ8,TREASURY,5000000.0,,,16.68,defiance,https://www.defianceetfs.com/stxl-full-holdings/,,,,,
2026-10-05,STXL,FGXXX,First American Government Obligations Fund 12/01/2031,31846V336,COMMON_STOCK,2574067.0,,,8.63,defiance,https://www.defianceetfs.com/stxl-full-holdings/,,,,,
2026-10-05,STXL,Cash&Other,Cash & Other,Cash&Other,CASH,-37362665.0,,,-125.25,defiance,https://www.defianceetfs.com/stxl-full-holdings/,,,,,
2026-04-21,TARK,AXSBSBNFV9TDS,CFD ARK INNOVATION ETF,,SWAP,288089.0,77.38,22292326.82,93.49,tradr_axs,https://axsetf.filepoint.live/assets/data/BBH_AXS_ETF_PVAL_WEB.20260421.csv,,,,,
2026-04-21,TARK,AXSBSBNFV9WFB,CFD ARK INNOVATION ETF,,SWAP,172098.0,77.38,13316943.24,55.85,tradr_axs,https://axsetf.filepoint.live/assets/data/BBH_AXS_ETF_PVAL_WEB.20260421.csv,,,,,
2026-04-21,TARK,USD,CASHUSD,CASHUSD,CASH,10567913.04,,10567913.04,44.32,tradr_axs,https://axsetf.filepoint.live/assets/data/BBH_AXS_ETF_PVAL_WEB.20260421.csv,,,,,
2026-04-21,TARK,AXSBSBNFV9CLS,CFD ARK INNOVATION ETF,,SWAP,117390.0,77.38,9083638.2,38.1,tradr_axs,https://axsetf.filepoint.live/assets/data/BBH_AXS_ETF_PVAL_WEB.20260421.csv,,,,,
2026-04-21,TARK,AXSBSBNFV9GS,CFD ARK INNOVATION ETF,,SWAP,38684.0,77.38,2993367.92,12.55,tradr_axs,https://axsetf.filepoint.live/assets/data/BBH_AXS_ETF_PVAL_WEB.20260421.csv,,,,,
2026-04-21,TARK,,NET OTHER ASSETS,,OTHER,-464393.47,,-464393.47,-1.95,tradr_axs,https://axsetf.filepoint.live/assets/data/BBH_AXS_ETF_PVAL_WEB.20260421.csv,,,,,
2026-04-21,TARK,AXSBSBNFV9GS,CFD ARK INNOVATION ETF,,SWAP,-2614651.56,100.0,-2614651.56,-10.97,tradr_axs,https://axsetf.filepoint.live/assets/data/BBH_AXS_ETF_PVAL_WEB.20260421.csv,,,,,
2026-04-21,TARK,AXSBSBNFV9CLS,CFD ARK INNOVATION ETF,,SWAP,-8198517.6,100.0,-8198517.6,-34.38,tradr_axs,https://axsetf.filepoint.live/assets/data/BBH_AXS_ETF_PVAL_WEB.20260421.csv,,,,,
2026-04-21,TARK,AXSBSBNFV9TDS,CFD ARK INNOVATION ETF,,SWAP,-10529850.67,100.0,-10529850.67,-44.16,tradr_axs,https://axsetf.filepoint.live/assets/data/BBH_AXS_ETF_PVAL_WEB.20260421.csv,,,,,
2026-04-21,TARK,AXSBSBNFV9WFB,CFD ARK INNOVATION ETF,,SWAP,-12603340.87,100.0,-12603340.87,-52.86,tradr_axs,https://axsetf.filepoint.live/assets/data/BBH_AXS_ETF_PVAL_WEB.20260421.csv,,,,,
2026-10-05,TDCL,,US Dollars,,CASH,164461.785054,1.0,164461.785054,100.0,granite_shares,https://graniteshares.com/media/jkjcskr0/tdcl_holdings_file_20261004.xls,,,,,
2026-10-05,TDCL,TDC,TDC,TDC,OTHER,10905.0,30.14,328676.7,1.998498,granite_shares,https://graniteshares.com/media/jkjcskr0/tdcl_holdings_file_20261004.xls,,,,,
2026-10-05,TECS,,DREYFUS GOVT CASH MAN INS,X9USDDGCM,MONEY_MARKET,37619632.48,1.0,37619632.48,58.2284454707,direxion,https://www.direxion.com/holdings/TECS.csv,,,,,
2026-10-05,TECS,,GOLDMAN FINL SQ TRSRY INST 506,X9USDGSFC,OTHER,31893599.1,1.0,31893599.1,49.3655725384,direxion,https://www.direxion.com/holdings/TECS.csv,,,,,
2026-10-05,TECS,,DREYFUS TRSRY SECURITIES CASH MGMT,X9USDDTP3,CASH,21687289.76,1.0,21687289.76,33.5680357821,direxion,https://www.direxion.com/holdings/TECS.csv,,,,,
2026-10-05,TECS,,GOLDMAN SACHS FIN GOV 465 INSTITUT,X9USDGLDS,OTHER,4613436.69,1.0,4613436.69,7.1407727569,direxion,https://www.direxion.com/holdings/TECS.csv,,,,,
2026-10-05,TECS,,IXT SWAP ASSET LEG,IXTUBS,SWAP,-2396.0,4025.28,-9644570.88,-14.928066346,direxion,https://www.direxion.com/holdings/TECS.csv,,,,,
2026-10-05,TECS,,IXT SWAP ASSET LEG,IXTBPS,SWAP,-4263.0,4025.28,-17159768.64,-26.560244922,direxion,https://www.direxion.com/holdings/TECS.csv,,,,,
2026-10-05,TECS,,IXT SWAP ASSET LEG,IXTJPS,SWAP,-4397.0,4025.28,-17699156.16,-27.3951200849,direxion,https://www.direxion.com/holdings/TECS.csv,,,,,
2026-10-05,TECS,,IXT SWAP ASSET LEG,IXTBCS,SWAP,-4763.0,4025.28,-19172408.64,-29.6754507538,direxion,https://www.direxion.com/holdings/TECS.csv,,,,,
2026-10-05,TECS,,IXT SWAP ASSET LEG,IXTSGS,SWAP,-5000.0,4025.28,-20126400.0,-31.1520583181,direxion,https://www.direxion.com/holdings/TECS.csv,,,,,
2026-10-05,TECS,,IXT SWAP ASSET LEG,IXTCTS,SWAP,-8058.0,4025.28,-32435706.24,-50.2046571854,direxion,https://www.direxion.com/holdings/TECS.csv,,,,,
2026-10-05,TECS,,IXT SWAP ASSET LEG,IXTMLS,SWAP,-8558.0,4025.28,-34448346.24,-53.3198630172,direxion,https://www.direxion.com/holdings/TECS.csv,,,,,
2026-10-05,TECS,,IXT SWAP ASSET LEG,IXTGSS,SWAP,-10716.0,4025.28,-43134900.48,-66.7650913873,direxion,https://www.direxion.com/holdings/TECS.csv,,,,,
2026-10-05,TECY,,US Dollars,,CASH,872799.0264627254,1.0,872799.0264627254,68.70289173083151,granite_shares,https://graniteshares.com/media/zqgf4rlf/tecy_holdings_file_20261002.xls,,,,,
2026-10-05,TECY,912797UL9,US TBill 10/22/2026,912797UL9,TREASURY,400000.0,0.99819965,399279.86,31.429550400687905,granite_shares,https://graniteshares.com/media/zqgf4rlf/tecy_holdings_file_20261002.xls,,,,,
2026-10-05,TECY,TECL261007P00209520,2TECL 10/07/2026 P209.52,2TECL 10/07/2026 P209.52,OPTION_PUT,10.0,0.36038,360.38,0.028367524906966028,granite_shares,https://graniteshares.com/media/zqgf4rlf/tecy_holdings_file_20261002.xls,2TECL,2026-10-07,209.52,P,long
2026-10-05,TECY,TECL261005P00205400,2TECL 10/05/2026 P205.40,2TECL 10/05/2026 P205.40,OPTION_PUT,50.0,0.037128,185.64000000000001,0.014612762427796144,granite_shares,https://graniteshares.com/media/zqgf4rlf/tecy_holdings_file_20261002.xls,2TECL,2026-10-05,205.4,P,long
2026-10-05,TECY,TECL261005P00216810,2TECL 10/05/2026 P216.81,2TECL 10/05/2026 P216.81,OPTION_PUT,-50.0,0.21913400000000002,-1095.67,-0.08624631226709437,granite_shares,https://graniteshares.com/media/zqgf4rlf/tecy_holdings_file_20261002.xls,2TECL,2026-10-05,216.81,P,short
2026-10-05,TECY,TECL261007P00221160,2TECL 10/07/2026 P221.16,2TECL 10/07/2026 P221.16,OPTION_PUT,-10.0,1.13289,-1132.8899999999999,-0.08917610658708236,granite_shares,https://graniteshares.com/media/zqgf4rlf/tecy_holdings_file_20261002.xls,2TECL,2026-10-07,221.16,P,short
2026-04-21,TEMT,AXSBSLSJJ0CLS,CFD TEMPUS AI INC,,SWAP,1198138.0,55.15,66077310.7,124.04,tradr_axs,https://axsetf.filepoint.live/assets/data/BBH_AXS_ETF_PVAL_WEB.20260421.csv,,,,,
2026-04-21,TEMT,USD,CASHUSD,CASHUSD,CASH,45730428.02,,45730428.02,85.84,tradr_axs,https://axsetf.filepoint.live/assets/data/BBH_AXS_ETF_PVAL_WEB.20260421.csv,,,,,
2026-04-21,TEMT,AXSBSLSJJ0MAR,CFD TEMPUS AI INC,,SWAP,733779.0,55.15,40467911.85,75.96,tradr_axs,https://axsetf.filepoint.live/assets/data/BBH_AXS_ETF_PVAL_WEB.20260421.csv,,,,,
2026-04-21,TEMT,,NET OTHER ASSETS,,OTHER,-3170885.94,,-3170885.94,-5.95,tradr_axs,https://axsetf.filepoint.live/assets/data/BBH_AXS_ETF_PVAL_WEB.20260421.csv,,,,,
2026-04-21,TEMT,AXSBSLSJJ0MAR,CFD TEMPUS AI INC,,SWAP,-34314521.79,100.0,-34314521.79,-64.41,tradr_axs,https://axsetf.filepoint.live/assets/data/BBH_AXS_ETF_PVAL_WEB.20260421.csv,,,,,
2026-04-21,TEMT,AXSBSLSJJ0CLS,CFD TEMPUS AI INC,,SWAP,-61517656.44,100.0,-61517656.44,-115.48,tradr_axs,https://axsetf.filepoint.live/assets/data/BBH_AXS_ETF_PVAL_WEB.20260421.csv,,,,,
2026-10-05,TLA,,US Dollars,,CASH,6055316.593296189,1.0,,,granite_shares,https://graniteshares.com/media/4hqc2acr/tla_holdings_file_20261002.xls,,,,,
2026-10-05,TLA,,Nomura1 TLA,114653352,OTHER,1197000.0,,,,granite_shares,https://graniteshares.com/media/4hqc2acr/tla_holdings_file_20261002.xls,,,,,
2026-10-05,TLA,,Nomura2 TLA,114653353,OTHER,1197000.0,,,,granite_shares,https://graniteshares.com/media/4hqc2acr/tla_holdings_file_20261002.xls,,,,,
2026-10-05,TLA,,Nomura3 TLA,114653354,OTHER,1197000.0,,,,granite_shares,https://graniteshares.com/media/4hqc2acr/tla_holdings_file_20261002.xls,,,,,
2026-10-05,TLA,,Nomura4 TLA,114653355,OTHER,1197000.0,,,,granite_shares,https://graniteshares.com/media/4hqc2acr/tla_holdings_file_20261002.xls,,,,,
2026-10-05,TLA,,Nomura5 TLA,114653356,OTHER,1197000.0,,,,granite_shares,https://graniteshares.com/media/4hqc2acr/tla_holdings_file_20261002.xls,,,,,
2026-10-05,TMV,,DREYFUS GOVT CASH MAN INS,X9USDDGCM,MONEY_MARKET,153525486.98,1.0,153525486.98,63.8674433776,direxion,https://www.direxion.com/holdings/TMV.csv,,,,,
2026-10-05,TMV,,GOLDMAN FINL SQ TRSRY INST 506,X9USDGSFC,OTHER,56856395.85,1.0,56856395.85,23.652572052,direxion,https://www.direxion.com/holdings/TMV.csv,,,,,
2026-10-05,TMV,,DREYFUS TRSRY SECURITIES CASH MGMT,X9USDDTP3,CASH,32996837.61,1.0,32996837.61,13.7268651554,direxion,https://www.direxion.com/holdings/TMV.csv,,,,,
2026-10-05,TMV,,TLT SWAP ASSET LEG,TLTJPS,SWAP,-944553.0,77.48,-73183966.44,-30.4449308366,direxion,https://www.direxion.com/holdings/TMV.csv,,,,,
2026-10-05,TMV,,TLT SWAP ASSET LEG,TLTMLS,SWAP,-1149145.0,77.48,-89035754.6,-37.0393615246,direxion,https://www.direxion.com/holdings/TMV.csv,,,,,
2026-10-05,TMV,,TLT SWAP ASSET LEG,TLTUBS,SWAP,-1199463.0,77.48,-92934393.24,-38.6612165501,direxion,https://www.direxion.com/holdings/TMV.csv,,,,,
2026-10-05,TMV,,TLT SWAP ASSET LEG,TLTCTS,SWAP,-1244334.0,77.48,-96410998.32,-40.1075033032,direxion,https://www.direxion.com/holdings/TMV.csv,,,,,
2026-10-05,TMV,,TLT SWAP ASSET LEG,TLTGSS,SWAP,-2048416.0,77.48,-158711271.68,-66.0247582132,direxion,https://www.direxion.com/holdings/TMV.csv,,,,,
2026-10-05,TMV,,TLT SWAP ASSET LEG,TLTBPS,SWAP,-2721510.0,77.48,-210862594.8,-87.7199942418,direxion,https://www.direxion.com/holdings/TMV.csv,,,,,
2026-10-05,TMYY,912797UL9,US TBill 10/22/2026,912797UL9,TREASURY,500000.0,0.9981996599999999,499099.82999999996,56.60129546463182,granite_shares,https://graniteshares.com/media/jy4lf4zb/tmyy_holdings_file_20261002.xls,,,,,
2026-10-05,TMYY,,US Dollars,,CASH,288291.25751016993,1.0,288291.25751016993,32.69417792869893,granite_shares,https://graniteshares.com/media/jy4lf4zb/tmyy_holdings_file_20261002.xls,,,,,
2026-10-05,TMYY,912797VV6,US TBill 02/04/2027,912797VV6,TREASURY,100000.0,0.9863021000000001,98630.21,11.185332717802538,granite_shares,https://graniteshares.com/media/jy4lf4zb/tmyy_holdings_file_20261002.xls,,,,,
2026-10-05,TMYY,TSMU261009P00075660,2TSMU 10/09/2026 P75.66,2TSMU 10/09/2026 P75.66,OPTION_PUT,60.0,0.33,1980.0,0.22454538808392502,granite_shares,https://graniteshares.com/media/jy4lf4zb/tmyy_holdings_file_20261002.xls,2TSMU,2026-10-09,75.66,P,long
2026-10-05,TMYY,TSMU261005P00069340,2TSMU 10/05/2026 P69.34,2TSMU 10/05/2026 P69.34,OPTION_PUT,60.0,0.004685000000000001,28.110000000000003,0.0031878640702217844,granite_shares,https://graniteshares.com/media/jy4lf4zb/tmyy_holdings_file_20261002.xls,2TSMU,2026-10-05,69.34,P,long
2026-10-05,TMYY,TSMU261005P00073200,2TSMU 10/05/2026 P73.20,2TSMU 10/05/2026 P73.20,OPTION_PUT,-60.0,0.041295,-247.77,-0.02809879333613844,granite_shares,https://graniteshares.com/media/jy4lf4zb/tmyy_holdings_file_20261002.xls,2TSMU,2026-10-05,73.2,P,short
2026-10-05,TMYY,TSMU261009P00079860,2TSMU 10/09/2026 P79.86,2TSMU 10/09/2026 P79.86,OPTION_PUT,-60.0,1.0,-6000.0,-0.680440569951288,granite_shares,https://graniteshares.com/media/jy4lf4zb/tmyy_holdings_file_20261002.xls,2TSMU,2026-10-09,79.86,P,short
2026-10-05,TQQY,,US Dollars,,CASH,2882982.0802212674,1.0,2882982.0802212674,52.02594928398331,granite_shares,https://graniteshares.com/media/yj1jcpjk/tqqy_holdings_file_20261002.xls,,,,,
2026-10-05,TQQY,912797VV6,US TBill 02/04/2027,912797VV6,TREASURY,1800000.0,0.9863021100000001,1775343.7980000002,32.03764152057908,granite_shares,https://graniteshares.com/media/yj1jcpjk/tqqy_holdings_file_20261002.xls,,,,,
2026-10-05,TQQY,912797UL9,US TBill 10/22/2026,912797UL9,TREASURY,900000.0,0.99819966,898379.694,16.212052346234927,granite_shares,https://graniteshares.com/media/yj1jcpjk/tqqy_holdings_file_20261002.xls,,,,,
2026-10-05,TQQY,TQQQ261009P00072910,2TQQQ 10/09/2026 P72.91,2TQQQ 10/09/2026 P72.91,OPTION_PUT,210.0,0.27,5670.0,0.1023201408236104,granite_shares,https://graniteshares.com/media/yj1jcpjk/tqqy_holdings_file_20261002.xls,2TQQQ,2026-10-09,72.91,P,long
2026-10-05,TQQY,TQQQ261007P00070230,2TQQQ 10/07/2026 P70.23,2TQQQ 10/07/2026 P70.23,OPTION_PUT,440.0,0.05309199999999999,2336.048,0.04215604238636921,granite_shares,https://graniteshares.com/media/yj1jcpjk/tqqy_holdings_file_20261002.xls,2TQQQ,2026-10-07,70.23,P,long
2026-10-05,TQQY,TQQQ261005P00069340,2TQQQ 10/05/2026 P69.34,2TQQQ 10/05/2026 P69.34,OPTION_PUT,90.0,0.0024739999999999996,22.266,0.00040180956888509863,granite_shares,https://graniteshares.com/media/yj1jcpjk/tqqy_holdings_file_20261002.xls,2TQQQ,2026-10-05,69.34,P,long
2026-10-05,TQQY,TQQQ261005P00073190,2TQQQ 10/05/2026 P73.19,2TQQQ 10/05/2026 P73.19,OPTION_PUT,-90.0,0.010436999999999998,-93.93299999999999,-0.001695103666311146,granite_shares,https://graniteshares.com/media/yj1jcpjk/tqqy_holdings_file_20261002.xls,2TQQQ,2026-10-05,73.19,P,short
2026-10-05,TQQY,TQQQ261007P00074130,2TQQQ 10/07/2026 P74.13,2TQQQ 10/07/2026 P74.13,OPTION_PUT,-440.0,0.164749,-7248.956,-0.13081379166563592,granite_shares,https://graniteshares.com/media/yj1jcpjk/tqqy_holdings_file_20261002.xls,2TQQQ,2026-10-07,74.13,P,short
2026-10-05,TQQY,TQQQ261009P00076960,2TQQQ 10/09/2026 P76.96,2TQQQ 10/09/2026 P76.96,OPTION_PUT,-210.0,0.76,-15960.0,-0.2880122482442367,granite_shares,https://graniteshares.com/media/yj1jcpjk/tqqy_holdings_file_20261002.xls,2TQQQ,2026-10-09,76.96,P,short
2026-10-05,TSDD,,US Dollars,,CASH,25212839.194868,1.0,25212839.194868,100.0,granite_shares,https://graniteshares.com/media/5qzixknt/tsdd_holdings_file_20261004.xls,,,,,
2026-10-05,TSDD,TSLA,TSLA,TSLA,OTHER,-136089.0,370.59,-50433222.51,-2.000299,granite_shares,https://graniteshares.com/media/5qzixknt/tsdd_holdings_file_20261004.xls,,,,,
2026-10-05,TSLL,,TSLA SWAP ASSET LEG,TSLABCL,SWAP,4322546.0,370.59,1601892322.14,39.8091739379,direxion,https://www.direxion.com/holdings/TSLL.csv,,,,,
2026-10-05,TSLL,,TSLA SWAP ASSET LEG,TSLACTL,SWAP,3884093.0,370.59,1439406024.87,35.7711713948,direxion,https://www.direxion.com/holdings/TSLL.csv,,,,,
2026-10-05,TSLL,,TSLA SWAP ASSET LEG,TSLAGSL,SWAP,3491261.0,370.59,1293826413.99,32.1533226972,direxion,https://www.direxion.com/holdings/TSLL.csv,,,,,
2026-10-05,TSLL,,DREYFUS TRSRY SECURITIES CASH MGMT,X9USDDTP3,CASH,1195849381.16,1.0,1195849381.16,29.7184619466,direxion,https://www.direxion.com/holdings/TSLL.csv,,,,,
2026-10-05,TSLL,,TSLA SWAP ASSET LEG,TSLABPL,SWAP,2922208.0,370.59,1082941062.72,26.9125387109,direxion,https://www.direxion.com/holdings/TSLL.csv,,,,,
2026-10-05,TSLL,,JP MORGAN 100 US TRSY CAPITAL 3163,X9USDJPMN,OTHER,899732200.0,1.0,899732200.0,22.3595526068,direxion,https://www.direxion.com/holdings/TSLL.csv,,,,,
2026-10-05,TSLL,,DREYFUS GOVT CASH MAN INS,X9USDDGCM,MONEY_MARKET,847529127.96,1.0,847529127.96,21.0622362103,direxion,https://www.direxion.com/holdings/TSLL.csv,,,,,
2026-10-05,TSLL,,TSLA SWAP ASSET LEG,TSLAJPL,SWAP,2198652.0,370.59,814798444.68,20.2488348064,direxion,https://www.direxion.com/holdings/TSLL.csv,,,,,
2026-10-05,TSLL,,GOLDMAN FINL SQ TRSRY INST 506,X9USDGSFC,OTHER,808718251.64,1.0,808718251.64,20.0977338497,direxion,https://www.direxion.com/holdings/TSLL.csv,,,,,
2026-10-05,TSLL,,TSLA SWAP ASSET LEG,TSLANML,SWAP,2069189.0,370.59,766820751.51,19.0565247452,direxion,https://www.direxion.com/holdings/TSLL.csv,,,,,
2026-10-05,TSLL,TSLA,TESLA INC,88160R101,COMMON_STOCK,1715853.0,370.59,635877963.27,15.8024207328,direxion,https://www.direxion.com/holdings/TSLL.csv,,,,,
2026-10-05,TSLL,,TSLA SWAP ASSET LEG,TSLAMLL,SWAP,1112267.0,370.59,412195027.53,10.2435995981,direxion,https://www.direxion.com/holdings/TSLL.csv,,,,,
2026-10-05,TSLL,,GOLDMAN SACHS FIN GOV 465 INSTITUT,X9USDGLDS,OTHER,35272155.9,1.0,35272155.9,0.8765604092,direxion,https://www.direxion.com/holdings/TSLL.csv,,,,,
2026-04-21,TSLQ,AXSB616C79TDS,TRS TESLA INC,,SWAP,180444351.86,100.0,180444351.86,100.27,tradr_axs,https://axsetf.filepoint.live/assets/data/BBH_AXS_ETF_PVAL_WEB.20260421.csv,,,,,
2026-04-21,TSLQ,USD,CASHUSD,CASHUSD,CASH,175195747.54,,175195747.54,97.36,tradr_axs,https://axsetf.filepoint.live/assets/data/BBH_AXS_ETF_PVAL_WEB.20260421.csv,,,,,
2026-04-21,TSLQ,AXSB616C79CF,CFD TESLA INC,,SWAP,126016040.12,100.0,126016040.12,70.03,tradr_axs,https://axsetf.filepoint.live/assets/data/BBH_AXS_ETF_PVAL_WEB.20260421.csv,,,,,
2026-04-21,TSLQ,AXSB616C79CLS,CFD TESLA INC,,SWAP,54292679.96,100.0,54292679.96,30.17,tradr_axs,https://axsetf.filepoint.live/assets/data/BBH_AXS_ETF_PVAL_WEB.20260421.csv,,,,,
2026-04-21,TSLQ,AXSB616C79GS,CFD TESLA INC,,SWAP,18325823.62,100.0,18325823.62,10.18,tradr_axs,https://axsetf.filepoint.live/assets/data/BBH_AXS_ETF_PVAL_WEB.20260421.csv,,,,,
2026-04-21,TSLQ,AXSB616C79MAR,CFD TESLA INC,,SWAP,4700245.4,100.0,4700245.4,2.61,tradr_axs,https://axsetf.filepoint.live/assets/data/BBH_AXS_ETF_PVAL_WEB.20260421.csv,,,,,
2026-04-21,TSLQ,AXSB616C79MAR,CFD TESLA INC,,SWAP,-12086.0,386.42,-4670272.12,-2.6,tradr_axs,https://axsetf.filepoint.live/assets/data/BBH_AXS_ETF_PVAL_WEB.20260421.csv,,,,,
2026-04-21,TSLQ,,NET OTHER ASSETS,,OTHER,-19121804.79,,-19121804.79,-10.63,tradr_axs,https://axsetf.filepoint.live/assets/data/BBH_AXS_ETF_PVAL_WEB.20260421.csv,,,,,
2026-04-21,TSLQ,AXSB616C79GS,CFD TESLA INC,,SWAP,-51941.0,386.42,-20071041.22,-11.15,tradr_axs,https://axsetf.filepoint.live/assets/data/BBH_AXS_ETF_PVAL_WEB.20260421.csv,,,,,
2026-04-21,TSLQ,AXSB616C79CLS,CFD TESLA INC,,SWAP,-127542.0,386.42,-49284779.64,-27.39,tradr_axs,https://axsetf.filepoint.live/assets/data/BBH_AXS_ETF_PVAL_WEB.20260421.csv,,,,,
2026-04-21,TSLQ,AXSB616C79CF,CFD TESLA INC,,SWAP,-317368.0,386.42,-122637342.56,-68.15,tradr_axs,https://axsetf.filepoint.live/assets/data/BBH_AXS_ETF_PVAL_WEB.20260421.csv,,,,,
2026-04-21,TSLQ,AXSB616C79TDS,TRS TESLA INC,,SWAP,-422438.0,386.42,-163238491.96,-90.71,tradr_axs,https://axsetf.filepoint.live/assets/data/BBH_AXS_ETF_PVAL_WEB.20260421.csv,,,,,
2026-10-05,TSLR,,US Dollars,,CASH,76411624.306167,1.0,76411624.306167,100.0,granite_shares,https://graniteshares.com/media/fi0eh0o4/tslr_holdings_file_20261004.xls,,,,,
2026-10-05,TSLR,TSLA,TSLA,TSLA,OTHER,412038.0,370.59,152697162.42,1.998349,granite_shares,https://graniteshares.com/media/fi0eh0o4/tslr_holdings_file_20261004.xls,,,,,
2026-10-02,TSLT,,CASH AND CASH EQUIVALENTS,,CASH,158076344.0,,158076343.74,97.3,rex_shares,https://www.rexshares.com/TSLT/,,,,,
2026-10-02,TSLT,,RECV TSLT TRS TSLA.OQ EQ,,SWAP,300528.0,,111372671.52,68.55,rex_shares,https://www.rexshares.com/TSLT/,,,,,
2026-10-02,TSLT,,RECV TSLT TRS TSLA EQ,,SWAP,158220.0,,58634749.8,36.09,rex_shares,https://www.rexshares.com/TSLT/,,,,,
2026-10-02,TSLT,,RECV TSLT TRS TSLA US EQ,881TSLTX2,SWAP,143966.0,,53352359.94,32.84,rex_shares,https://www.rexshares.com/TSLT/,,,,,
2026-10-02,TSLT,,RECV TSLT TRS TSLA EQ,,SWAP,116659.0,,43232658.81,26.61,rex_shares,https://www.rexshares.com/TSLT/,,,,,
2026-10-02,TSLT,,RECV TSLT TRS TSLA EQ,,SWAP,92511.0,,34283651.49,21.1,rex_shares,https://www.rexshares.com/TSLT/,,,,,
2026-10-02,TSLT,,PAYB TSLT TRS TSLA EQ,,SWAP,-31988600.0,,-31988600.02,-19.69,rex_shares,https://www.rexshares.com/TSLT/,,,,,
2026-10-02,TSLT,,PAYB TSLT TRS TSLA EQ,,SWAP,-42890036.0,,-42890035.81,-26.4,rex_shares,https://www.rexshares.com/TSLT/,,,,,
2026-10-02,TSLT,,RECV TSLT TRS TSLA US EQ,881TSLTX2,SWAP,-50736498.0,,-50736497.72,-31.23,rex_shares,https://www.rexshares.com/TSLT/,,,,,
2026-10-02,TSLT,,PAYB TSLT TRS TSLA EQ,,SWAP,-53980872.0,,-53980872.05,-33.22,rex_shares,https://www.rexshares.com/TSLT/,,,,,
2026-05-01,TSLY,912797RG4,United States Treasury Bill 08/06/2026,912797RG4,TREASURY,200601000.0,99.035389,198665980.69,23.73,yieldmax,https://yieldmaxetfs.com/?fund_csv_ticker=TSLY,,,,,
2026-05-01,TSLY,912797RF6,United States Treasury Bill 07/09/2026,912797RF6,TREASURY,197990000.0,99.309521,196622920.63,23.49,yieldmax,https://yieldmaxetfs.com/?fund_csv_ticker=TSLY,,,,,
2026-05-01,TSLY,912797QX8,United States Treasury Bill 06/11/2026,912797QX8,TREASURY,194374000.0,99.590569,193578172.59,23.12,yieldmax,https://yieldmaxetfs.com/?fund_csv_ticker=TSLY,,,,,
2026-05-01,TSLY,912797RS8,United States Treasury Bill 09/03/2026,912797RS8,TREASURY,183223000.0,98.758681,180948618.09,21.61,yieldmax,https://yieldmaxetfs.com/?fund_csv_ticker=TSLY,,,,,
2026-05-01,TSLY,912797TR8,United States Treasury Bill 05/12/2026,912797TR8,TREASURY,108563000.0,99.890894,108444551.25,12.95,yieldmax,https://yieldmaxetfs.com/?fund_csv_ticker=TSLY,,,,,
2026-05-01,TSLY,FGXXX,First American Government Obligations Fund 12/01/2031,31846V336,COMMON_STOCK,14934985.0,100.0,14934984.65,1.78,yieldmax,https://yieldmaxetfs.com/?fund_csv_ticker=TSLY,,,,,
2026-05-01,TSLY,TSLA  260515C00405000,TSLA US 05/15/26 C405,TSLA  260515C00405000,OPTION_CALL,10811.0,4.85,5243335.0,0.63,yieldmax,https://yieldmaxetfs.com/?fund_csv_ticker=TSLY,,,,,
2026-05-01,TSLY,TSLA  260515C00410000,TSLA US 05/15/26 C410,TSLA  260515C00410000,OPTION_CALL,11008.0,3.9,4293120.0,0.51,yieldmax,https://yieldmaxetfs.com/?fund_csv_ticker=TSLY,,,,,
2026-05-01,TSLY,Cash&Other,Cash & Other,Cash&Other,CASH,3806662.0,1.0,3806661.87,0.45,yieldmax,https://yieldmaxetfs.com/?fund_csv_ticker=TSLY,,,,,
2026-05-01,TSLY,TSLA  260501C00400000,TSLA US 05/01/26 C400,TSLA  260501C00400000,OPTION_CALL,7000.0,0.245,171500.0,0.02,yieldmax,https://yieldmaxetfs.com/?fund_csv_ticker=TSLY,,,,,
2026-05-01,TSLY,TSLA  260501C00397500,TSLA US 05/01/26 C397.5,TSLA  260501C00397500,OPTION_CALL,1819.0,0.34,61846.0,0.01,yieldmax,https://yieldmaxetfs.com/?fund_csv_ticker=TSLY,,,,,
2026-05-01,TSLY,TSLA  260501C00402500,TSLA US 05/01/26 C402.5,TSLA  260501C00402500,OPTION_CALL,5000.0,0.18,90000.0,0.01,yieldmax,https://yieldmaxetfs.com/?fund_csv_ticker=TSLY,,,,,
2026-05-01,TSLY,TSLA  260501C00405000,TSLA US 05/01/26 C405,TSLA  260501C00405000,OPTION_CALL,6000.0,0.14,84000.0,0.01,yieldmax,https://yieldmaxetfs.com/?fund_csv_ticker=TSLY,,,,,
2026-05-01,TSLY,TSLA  260501C00407500,TSLA US 05/01/26 C407.5,TSLA  260501C00407500,OPTION_CALL,2000.0,0.115,23000.0,0.0,yieldmax,https://yieldmaxetfs.com/?fund_csv_ticker=TSLY,,,,,
2026-05-01,TSLY,TSLA  260501C00390000,TSLA US 05/01/26 C390,TSLA  260501C00390000,OPTION_CALL,-2000.0,1.07,-214000.0,-0.03,yieldmax,https://yieldmaxetfs.com/?fund_csv_ticker=TSLY,,,,,
2026-05-01,TSLY,TSLA  260501C00380000,TSLA US 05/01/26 C380,TSLA  260501C00380000,OPTION_CALL,-1819.0,4.475,-814002.5,-0.1,yieldmax,https://yieldmaxetfs.com/?fund_csv_ticker=TSLY,,,,,
2026-05-01,TSLY,TSLA  260501C00387500,TSLA US 05/01/26 C387.5,TSLA  260501C00387500,OPTION_CALL,-6000.0,1.56,-936000.0,-0.11,yieldmax,https://yieldmaxetfs.com/?fund_csv_ticker=TSLY,,,,,
2026-05-01,TSLY,TSLA  260501C00385000,TSLA US 05/01/26 C385,TSLA  260501C00385000,OPTION_CALL,-5000.0,2.255,-1127500.0,-0.13,yieldmax,https://yieldmaxetfs.com/?fund_csv_ticker=TSLY,,,,,
2026-05-01,TSLY,TSLA  260501C00382500,TSLA US 05/01/26 C382.5,TSLA  260501C00382500,OPTION_CALL,-7000.0,3.2,-2240000.0,-0.27,yieldmax,https://yieldmaxetfs.com/?fund_csv_ticker=TSLY,,,,,
2026-05-01,TSLY,2TSLA 260515P00405010,TSLA 05/15/2026 405.01 P,2TSLA 260515P00405010,OPTION_PUT,-10811.0,27.5095,-29740520.45,-3.55,yieldmax,https://yieldmaxetfs.com/?fund_csv_ticker=TSLY,,,,,
2026-05-01,TSLY,2TSLA 260515P00410010,TSLA 05/15/2026 410.01 P,2TSLA 260515P00410010,OPTION_PUT,-11008.0,31.5565,-34737395.2,-4.15,yieldmax,https://yieldmaxetfs.com/?fund_csv_ticker=TSLY,,,,,
2026-10-05,TSMU,,US Dollars,,CASH,49410898.660835,1.0,49410898.660835,100.0,granite_shares,https://graniteshares.com/media/yx0fmnao/tsmu_holdings_file_20261004.xls,,,,,
2026-10-05,TSMU,TSM,TSM,TSM,OTHER,209064.0,472.78000000000003,98841277.92,2.000394,granite_shares,https://graniteshares.com/media/yx0fmnao/tsmu_holdings_file_20261004.xls,,,,,
2026-05-01,TSMY,912797RG4,United States Treasury Bill 08/06/2026,912797RG4,TREASURY,24312000.0,99.035389,24077483.77,23.51,yieldmax,https://yieldmaxetfs.com/?fund_csv_ticker=TSMY,,,,,
2026-05-01,TSMY,912797RS8,United States Treasury Bill 09/03/2026,912797RS8,TREASURY,19531000.0,98.758681,19288557.99,18.83,yieldmax,https://yieldmaxetfs.com/?fund_csv_ticker=TSMY,,,,,
2026-05-01,TSMY,912797QX8,United States Treasury Bill 06/11/2026,912797QX8,TREASURY,18434000.0,99.590569,18358525.49,17.93,yieldmax,https://yieldmaxetfs.com/?fund_csv_ticker=TSMY,,,,,
2026-05-01,TSMY,912797RF6,United States Treasury Bill 07/09/2026,912797RF6,TREASURY,16519000.0,99.309521,16404939.77,16.02,yieldmax,https://yieldmaxetfs.com/?fund_csv_ticker=TSMY,,,,,
2026-05-01,TSMY,912797TR8,United States Treasury Bill 05/12/2026,912797TR8,TREASURY,11627000.0,99.890894,11614314.25,11.34,yieldmax,https://yieldmaxetfs.com/?fund_csv_ticker=TSMY,,,,,
2026-05-01,TSMY,TSM   260515C00360000,TSM US 05/15/26 C360,TSM   260515C00360000,OPTION_CALL,2081.0,39.15,8147115.0,7.95,yieldmax,https://yieldmaxetfs.com/?fund_csv_ticker=TSMY,,,,,
2026-05-01,TSMY,FGXXX,First American Government Obligations Fund 12/01/2031,31846V336,COMMON_STOCK,4640772.0,100.0,4640771.85,4.53,yieldmax,https://yieldmaxetfs.com/?fund_csv_ticker=TSMY,,,,,
2026-05-01,TSMY,2TSM  260515C00360010,TSM 05/15/2026 360.01 C,2TSM  260515C00360010,OPTION_CALL,500.0,39.4658,1973290.0,1.93,yieldmax,https://yieldmaxetfs.com/?fund_csv_ticker=TSMY,,,,,
2026-05-01,TSMY,TSM   260508C00412500,TAIWAN S CLL OPT 05/26 412.500,TSM   260508C00412500,OPTION_CALL,983.0,4.6,452180.0,0.44,yieldmax,https://yieldmaxetfs.com/?fund_csv_ticker=TSMY,,,,,
2026-05-01,TSMY,TSM   260508C00405000,TAIWAN S CLL OPT 05/26 405,TSM   260508C00405000,OPTION_CALL,479.0,6.3,301770.0,0.29,yieldmax,https://yieldmaxetfs.com/?fund_csv_ticker=TSMY,,,,,
2026-05-01,TSMY,TSM   260501C00397500,TSM US 05/01/26 C397.5,TSM   260501C00397500,OPTION_CALL,400.0,3.085,123400.0,0.12,yieldmax,https://yieldmaxetfs.com/?fund_csv_ticker=TSMY,,,,,
2026-05-01,TSMY,TSM   260501C00405000,TSM US 05/01/26 C405,TSM   260501C00405000,OPTION_CALL,619.0,0.82,50758.0,0.05,yieldmax,https://yieldmaxetfs.com/?fund_csv_ticker=TSMY,,,,,
2026-05-01,TSMY,TSM   260508C00410000,TSM US 05/08/26 C410,TSM   260508C00410000,OPTION_CALL,100.0,4.95,49500.0,0.05,yieldmax,https://yieldmaxetfs.com/?fund_csv_ticker=TSMY,,,,,
2026-05-01,TSMY,TSM   260508C00400000,TAIWAN S CLL OPT 05/26 400,TSM   260508C00400000,OPTION_CALL,-100.0,8.525,-85250.0,-0.08,yieldmax,https://yieldmaxetfs.com/?fund_csv_ticker=TSMY,,,,,
2026-05-01,TSMY,TSM   260501C00395000,TSM US 05/01/26 C395,TSM   260501C00395000,OPTION_CALL,-619.0,4.375,-270812.5,-0.26,yieldmax,https://yieldmaxetfs.com/?fund_csv_ticker=TSMY,,,,,
2026-05-01,TSMY,TSM   260501C00390000,TSM US 05/01/26 C390,TSM   260501C00390000,OPTION_CALL,-400.0,7.7,-308000.0,-0.3,yieldmax,https://yieldmaxetfs.com/?fund_csv_ticker=TSMY,,,,,
2026-05-01,TSMY,Cash&Other,Cash & Other,Cash&Other,CASH,-496301.0,1.0,-496301.34,-0.48,yieldmax,https://yieldmaxetfs.com/?fund_csv_ticker=TSMY,,,,,
2026-05-01,TSMY,TSM   260508C00395000,TAIWAN S CLL OPT 05/26 395,TSM   260508C00395000,OPTION_CALL,-479.0,11.05,-529295.0,-0.52,yieldmax,https://yieldmaxetfs.com/?fund_csv_ticker=TSMY,,,,,
2026-05-01,TSMY,2TSM  260515P00360010,TSM 05/15/2026 360.01 P,2TSM  260515P00360010,OPTION_PUT,-2581.0,2.688,-693772.8,-0.68,yieldmax,https://yieldmaxetfs.com/?fund_csv_ticker=TSMY,,,,,
2026-05-01,TSMY,TSM   260508C00402500,TAIWAN S CLL OPT 05/26 402.500,TSM   260508C00402500,OPTION_CALL,-983.0,7.45,-732335.0,-0.72,yieldmax,https://yieldmaxetfs.com/?fund_csv_ticker=TSMY,,,,,
2026-10-05,TSYY,,US Dollars,,CASH,23028912.190320138,1.0,23028912.190320138,39.61935826528226,granite_shares,https://graniteshares.com/media/kg1biwbo/tsyy_holdings_file_20261002.xls,,,,,
2026-10-05,TSYY,912797UL9,US TBill 10/22/2026,912797UL9,TREASURY,20500000.0,0.99819965,20463092.825,35.20507608649366,granite_shares,https://graniteshares.com/media/kg1biwbo/tsyy_holdings_file_20261002.xls,,,,,
2026-10-05,TSYY,912797VV6,US TBill 02/04/2027,912797VV6,TREASURY,15000000.0,0.98630211,14794531.65,25.452780616132927,granite_shares,https://graniteshares.com/media/kg1biwbo/tsyy_holdings_file_20261002.xls,,,,,
2026-10-05,TSYY,TSLR261009P00015340,2TSLR 10/09/2026 P15.34,2TSLR 10/09/2026 P15.34,OPTION_PUT,6470.0,0.08999999999999998,58229.99999999999,0.10017994826334498,granite_shares,https://graniteshares.com/media/kg1biwbo/tsyy_holdings_file_20261002.xls,2TSLR,2026-10-09,15.34,P,long
2026-10-05,TSYY,TSLL261007P00008110,2TSLL 10/07/2026 P8.11,2TSLL 10/07/2026 P8.11,OPTION_PUT,9380.0,0.008117,7613.745999999999,0.013098826727979561,granite_shares,https://graniteshares.com/media/kg1biwbo/tsyy_holdings_file_20261002.xls,2TSLL,2026-10-07,8.11,P,long
2026-10-05,TSYY,TSLR261005P00014290,2TSLR 10/05/2026 P14.29,2TSLR 10/05/2026 P14.29,OPTION_PUT,26230.0,0.00152,3986.9600000000005,0.006859238305478722,granite_shares,https://graniteshares.com/media/kg1biwbo/tsyy_holdings_file_20261002.xls,2TSLR,2026-10-05,14.29,P,long
2026-10-05,TSYY,TSLL261007P00008560,2TSLL 10/07/2026 P8.56,2TSLL 10/07/2026 P8.56,OPTION_PUT,-9380.0,0.024321,-22813.097999999998,-0.039248067617493027,granite_shares,https://graniteshares.com/media/kg1biwbo/tsyy_holdings_file_20261002.xls,2TSLL,2026-10-07,8.56,P,short
2026-10-05,TSYY,TSLR261005P00015090,2TSLR 10/05/2026 P15.09,2TSLR 10/05/2026 P15.09,OPTION_PUT,-26230.0,0.015222999999999999,-39929.929,-0.06869617416072538,granite_shares,https://graniteshares.com/media/kg1biwbo/tsyy_holdings_file_20261002.xls,2TSLR,2026-10-05,15.09,P,short
2026-10-05,TSYY,TSLR261009P00016190,2TSLR 10/09/2026 P16.19,2TSLR 10/09/2026 P16.19,OPTION_PUT,-6470.0,0.26,-168220.0,-0.2894087394274411,granite_shares,https://graniteshares.com/media/kg1biwbo/tsyy_holdings_file_20261002.xls,2TSLR,2026-10-09,16.19,P,short
2026-10-02,TTDU,88339J105-TRS-09/21/27-L,THE TRADE DESK INC SWAP CLEARSTREET,,SWAP,1942409.0,,23211787.55,199.85,rex_shares,https://www.rexshares.com/TTDU/,,,,,
2026-10-02,TTDU,FGXXX,FIRST AMERICAN GOVERNMENT OBLI FIRST AM GOV OBLIG X,31846V336,COMMON_STOCK,230400.0,,230399.59,1.98,rex_shares,https://www.rexshares.com/TTDU/,,,,,
2026-10-02,TTDU,Cash&Other,Cash & Other,,CASH,-11835502.0,,-11835501.68,-101.9,rex_shares,https://www.rexshares.com/TTDU/,,,,,
2026-10-05,TZA,,DREYFUS GOVT CASH MAN INS,X9USDDGCM,MONEY_MARKET,134720174.03,1.0,134720174.03,58.4911083696,direxion,https://www.direxion.com/holdings/TZA.csv,,,,,
2026-10-05,TZA,,GOLDMAN FINL SQ TRSRY INST 506,X9USDGSFC,OTHER,56897055.7,1.0,56897055.7,24.7028470296,direxion,https://www.direxion.com/holdings/TZA.csv,,,,,
2026-10-05,TZA,,DREYFUS TRSRY SECURITIES CASH MGMT,X9USDDTP3,CASH,29824097.58,1.0,29824097.58,12.948651055,direxion,https://www.direxion.com/holdings/TZA.csv,,,,,
2026-10-05,TZA,,GOLDMAN SACHS FIN GOV 465 INSTITUT,X9USDGLDS,OTHER,25858453.91,1.0,25858453.91,11.2268978333,direxion,https://www.direxion.com/holdings/TZA.csv,,,,,
2026-10-05,TZA,,RTY SWAP ASSET LEG,RTYMLS,SWAP,-22137.0,2832.896,-62711818.75,-27.2274276141,direxion,https://www.direxion.com/holdings/TZA.csv,,,,,
2026-10-05,TZA,,RTY SWAP ASSET LEG,RTYBPS,SWAP,-22607.0,2832.896,-64043279.87,-27.8055046335,direxion,https://www.direxion.com/holdings/TZA.csv,,,,,
2026-10-05,TZA,,RTY SWAP ASSET LEG,RTYUBS,SWAP,-29167.0,2832.896,-82627077.63,-35.8739838834,direxion,https://www.direxion.com/holdings/TZA.csv,,,,,
2026-10-05,TZA,,RTY SWAP ASSET LEG,RTYJPS,SWAP,-29283.0,2832.896,-82955693.57,-36.0166582133,direxion,https://www.direxion.com/holdings/TZA.csv,,,,,
2026-10-05,TZA,,RTY SWAP ASSET LEG,RTYCTS,SWAP,-43804.0,2832.896,-124092176.38,-53.8767782088,direxion,https://www.direxion.com/holdings/TZA.csv,,,,,
2026-10-05,TZA,,RTY SWAP ASSET LEG,RTYBCS,SWAP,-45913.0,2832.896,-130066754.05,-56.4707450922,direxion,https://www.direxion.com/holdings/TZA.csv,,,,,
2026-10-05,TZA,,RTY SWAP ASSET LEG,RTYSGS,SWAP,-51000.0,2832.896,-144477696.0,-62.7275063633,direxion,https://www.direxion.com/holdings/TZA.csv,,,,,
2026-10-05,UBRL,,US Dollars,,CASH,28461235.837238,1.0,28461235.837238,100.0,granite_shares,https://graniteshares.com/media/b3bbo1up/ubrl_holdings_file_20261004.xls,,,,,
2026-10-05,UBRL,UBER,UBER,UBER,OTHER,836033.0,68.11,56942207.63,2.000693,granite_shares,https://graniteshares.com/media/b3bbo1up/ubrl_holdings_file_20261004.xls,,,,,
2026-10-05,UMAL,91532F102-TRS-06/17/33-L-UMAL,"Unusual Machines, Inc.-swap-jnst-l",91532F102-TRS-06/17/33-L-UMAL,SWAP,54011.0,,,39.8,defiance,https://www.defianceetfs.com/umal-full-holdings/,,,,,
2026-10-05,UMAL,91532F102-TRS-06/18/33-L-UMAL,"Unusual Machines, Inc.-swap-mrex-l",91532F102-TRS-06/18/33-L-UMAL,SWAP,49587.0,,,36.54,defiance,https://www.defianceetfs.com/umal-full-holdings/,,,,,
2026-10-05,UMAL,91532F102-TRS-01/31/33-L-UMAL,"Unusual Machines, Inc.-swap-nbcb-l",91532F102-TRS-01/31/33-L-UMAL,SWAP,48247.0,,,35.55,defiance,https://www.defianceetfs.com/umal-full-holdings/,,,,,
2026-10-05,UMAL,91532F102-TRS-07/25/28-L-UMAL,"Unusual Machines, Inc.-swap-clst-l",91532F102-TRS-07/25/28-L-UMAL,SWAP,47734.0,,,35.18,defiance,https://www.defianceetfs.com/umal-full-holdings/,,,,,
2026-10-05,UMAL,91532F102-TRS-12/03/29-L-UMAL,"Unusual Machines, Inc.-swap-cant-l",91532F102-TRS-12/03/29-L-UMAL,SWAP,42040.0,,,30.98,defiance,https://www.defianceetfs.com/umal-full-holdings/,,,,,
2026-10-05,UMAL,91532F102-TRS-03/31/33-L-UMAL,"Unusual Machines, Inc.-swap-nmra-l",91532F102-TRS-03/31/33-L-UMAL,SWAP,29712.0,,,21.9,defiance,https://www.defianceetfs.com/umal-full-holdings/,,,,,
2026-10-05,UMAL,FGXXX,First American Government Obligations Fund 12/01/2031,31846V336,COMMON_STOCK,175648.0,,,5.79,defiance,https://www.defianceetfs.com/umal-full-holdings/,,,,,
2026-10-05,UMAL,Cash&Other,Cash & Other,Cash&Other,CASH,-3213784.0,,,-105.87,defiance,https://www.defianceetfs.com/umal-full-holdings/,,,,,
2026-10-05,UNHU,,UNH SWAP ASSET LEG,UNHCTL,SWAP,7311.0,371.9,2718960.9,84.7526335849,direxion,https://www.direxion.com/holdings/UNHU.csv,,,,,
2026-10-05,UNHU,,UNH SWAP ASSET LEG,UNHMLL,SWAP,7298.0,371.9,2714126.2,84.601931323,direxion,https://www.direxion.com/holdings/UNHU.csv,,,,,
2026-10-05,UNHU,,GOLDMAN FINL SQ TRSRY INST 506,X9USDGSFC,OTHER,2315407.73,1.0,2315407.73,72.1734920647,direxion,https://www.direxion.com/holdings/UNHU.csv,,,,,
2026-10-05,UNHU,,DREYFUS GOVT CASH MAN INS,X9USDDGCM,MONEY_MARKET,1986700.33,1.0,1986700.33,61.9273653812,direxion,https://www.direxion.com/holdings/UNHU.csv,,,,,
2026-10-05,UNHU,UNH,UNITEDHEALTH GROUP INC,91324P102,COMMON_STOCK,1420.0,371.9,528098.0,16.46132399,direxion,https://www.direxion.com/holdings/UNHU.csv,,,,,
2026-10-05,UNHU,,UNH SWAP ASSET LEG,UNHBPL,SWAP,1217.0,371.9,452602.3,14.1080502083,direxion,https://www.direxion.com/holdings/UNHU.csv,,,,,
2026-10-05,UNHU,,UNH SWAP ASSET LEG,UNHGSL,SWAP,5.0,371.9,1859.5,0.0579624084,direxion,https://www.direxion.com/holdings/UNHU.csv,,,,,
2026-10-05,UNHU,,DREYFUS TRSRY SECURITIES CASH MGMT,X9USDDTP3,CASH,369.75,1.0,369.75,0.0115254641,direxion,https://www.direxion.com/holdings/UNHU.csv,,,,,
2026-04-21,UNX,AXSBLFDXH8CLS,CFD UNITY SOFTWARE INC,,SWAP,345550.0,25.41,8780425.5,200.0,tradr_axs,https://axsetf.filepoint.live/assets/data/BBH_AXS_ETF_PVAL_WEB.20260421.csv,,,,,
2026-04-21,UNX,USD,CASHUSD,CASHUSD,CASH,5598995.3,,5598995.3,127.53,tradr_axs,https://axsetf.filepoint.live/assets/data/BBH_AXS_ETF_PVAL_WEB.20260421.csv,,,,,
2026-04-21,UNX,,NET OTHER ASSETS,,OTHER,-3238597.6,,-3238597.6,-73.77,tradr_axs,https://axsetf.filepoint.live/assets/data/BBH_AXS_ETF_PVAL_WEB.20260421.csv,,,,,
2026-04-21,UNX,AXSBLFDXH8CLS,CFD UNITY SOFTWARE INC,,SWAP,-6750606.06,100.0,-6750606.06,-153.76,tradr_axs,https://axsetf.filepoint.live/assets/data/BBH_AXS_ETF_PVAL_WEB.20260421.csv,,,,,
2026-04-21,UPSX,USD,CASHUSD,CASHUSD,CASH,76562603.68,,76562603.68,222.13,tradr_axs,https://axsetf.filepoint.live/assets/data/BBH_AXS_ETF_PVAL_WEB.20260421.csv,,,,,
2026-04-21,UPSX,AXSBL53QN5CLS,CFD UPSTART HOLDINGS INC,,SWAP,1995144.0,33.2,66238780.8,192.17,tradr_axs,https://axsetf.filepoint.live/assets/data/BBH_AXS_ETF_PVAL_WEB.20260421.csv,,,,,
2026-04-21,UPSX,AXSBL53QN5MAR,CFD UPSTART HOLDINGS INC,,SWAP,81242.0,33.2,2697234.4,7.83,tradr_axs,https://axsetf.filepoint.live/assets/data/BBH_AXS_ETF_PVAL_WEB.20260421.csv,,,,,
2026-04-21,UPSX,AXSBL53QN5MAR,CFD UPSTART HOLDINGS INC,,SWAP,-2237079.97,100.0,-2237079.97,-6.49,tradr_axs,https://axsetf.filepoint.live/assets/data/BBH_AXS_ETF_PVAL_WEB.20260421.csv,,,,,
2026-04-21,UPSX,,NET OTHER ASSETS,,OTHER,-41656485.12,,-41656485.12,-120.86,tradr_axs,https://axsetf.filepoint.live/assets/data/BBH_AXS_ETF_PVAL_WEB.20260421.csv,,,,,
2026-04-21,UPSX,AXSBL53QN5CLS,CFD UPSTART HOLDINGS INC,,SWAP,-67137033.83,100.0,-67137033.83,-194.78,tradr_axs,https://axsetf.filepoint.live/assets/data/BBH_AXS_ETF_PVAL_WEB.20260421.csv,,,,,
2026-10-05,VELL,92259N302-TRS-12/30/27-L-VELL,"Velo3d, Inc.-swap-cant-l",92259N302-TRS-12/30/27-L-VELL,SWAP,58684.0,,,46.39,defiance,https://www.defianceetfs.com/vell-full-holdings/,,,,,
2026-10-05,VELL,92259N302-TRS-06/05/33-L-VELL,"Velo3d, Inc.-swap-mrex-l",92259N302-TRS-06/05/33-L-VELL,SWAP,51756.0,,,40.92,defiance,https://www.defianceetfs.com/vell-full-holdings/,,,,,
2026-10-05,VELL,92259N302-TRS-07/25/28-L-VELL,"Velo3d, Inc.-swap-clst-l",92259N302-TRS-07/25/28-L-VELL,SWAP,47946.0,,,37.91,defiance,https://www.defianceetfs.com/vell-full-holdings/,,,,,
2026-10-05,VELL,92259N302-TRS-03/31/33-L-VELL,"Velo3d, Inc.-swap-nmra-l",92259N302-TRS-03/31/33-L-VELL,SWAP,47447.0,,,37.51,defiance,https://www.defianceetfs.com/vell-full-holdings/,,,,,
2026-10-05,VELL,92259N302-TRS-01/31/33-L-VELL,"Velo3d, Inc.-swap-nbcb-l",92259N302-TRS-01/31/33-L-VELL,SWAP,47084.0,,,37.22,defiance,https://www.defianceetfs.com/vell-full-holdings/,,,,,
2026-10-05,VELL,FGXXX,First American Government Obligations Fund 12/01/2031,31846V336,COMMON_STOCK,168393.0,,,11.89,defiance,https://www.defianceetfs.com/vell-full-holdings/,,,,,
2026-10-05,VELL,Cash&Other,Cash & Other,Cash&Other,CASH,-1586677.0,,,-112.0,defiance,https://www.defianceetfs.com/vell-full-holdings/,,,,,
2026-10-05,VRTL,,US Dollars,,CASH,43114578.199596,1.0,43114578.199596,100.0,granite_shares,https://graniteshares.com/media/hieka2ys/vrtl_holdings_file_20261004.xls,,,,,
2026-10-05,VRTL,VRT,VRT,VRT,OTHER,341389.0,252.17999999999998,86091478.02,1.996806,granite_shares,https://graniteshares.com/media/hieka2ys/vrtl_holdings_file_20261004.xls,,,,,
2026-10-05,VSTL,912797UZ8,United States Treasury Bill 11/19/2026,912797UZ8,TREASURY,7500000.0,,,44.52,defiance,https://www.defianceetfs.com/vstl-full-holdings/,,,,,
2026-10-05,VSTL,92840M102-TRS-09/08/28-L-VSTL,Vistra Corp Swap Cant-l,92840M102-TRS-09/08/28-L-VSTL,SWAP,52107.0,,,43.52,defiance,https://www.defianceetfs.com/vstl-full-holdings/,,,,,
2026-10-05,VSTL,92840M102-TRS-01/11/28-L-VSTL,Vistra Corp Com Cs,92840M102-TRS-01/11/28-L-VSTL,SWAP,40228.0,,,33.6,defiance,https://www.defianceetfs.com/vstl-full-holdings/,,,,,
2026-10-05,VSTL,92840M102-TRS-09/30/33-L-VSTL,Vistra Corp Swap Marex,92840M102-TRS-09/30/33-L-VSTL,SWAP,37047.0,,,30.94,defiance,https://www.defianceetfs.com/vstl-full-holdings/,,,,,
2026-10-05,VSTL,92840M102-TRS-03/31/33-L-VSTL,Vistra Corp Swap Nomura,92840M102-TRS-03/31/33-L-VSTL,SWAP,28583.0,,,23.87,defiance,https://www.defianceetfs.com/vstl-full-holdings/,,,,,
2026-10-05,VSTL,92840M102-TRS-01/31/33-L-VSTL,Vistra Corp.-swap-nbcb-l,92840M102-TRS-01/31/33-L-VSTL,SWAP,25215.0,,,21.06,defiance,https://www.defianceetfs.com/vstl-full-holdings/,,,,,
2026-10-05,VSTL,92840M102-TRS-01/23/29-L-VSTL,Vistra Corp Inc Swap Ms-l,92840M102-TRS-01/23/29-L-VSTL,SWAP,22300.0,,,18.62,defiance,https://www.defianceetfs.com/vstl-full-holdings/,,,,,
2026-10-05,VSTL,92840M102-TRS-03/17/33-L-VSTL,Vistra Corp Swap Jnst-l,92840M102-TRS-03/17/33-L-VSTL,SWAP,21583.0,,,18.03,defiance,https://www.defianceetfs.com/vstl-full-holdings/,,,,,
2026-10-05,VSTL,FGXXX,First American Government Obligations Fund 12/01/2031,31846V336,COMMON_STOCK,2240561.0,,,13.36,defiance,https://www.defianceetfs.com/vstl-full-holdings/,,,,,
2026-10-05,VSTL,92840M102-TRS-01/29/27-L-VSTL,Vistra Corp Swap Bmo-l,92840M102-TRS-01/29/27-L-VSTL,SWAP,12300.0,,,10.27,defiance,https://www.defianceetfs.com/vstl-full-holdings/,,,,,
2026-10-05,VSTL,Cash&Other,Cash & Other,Cash&Other,CASH,-26463770.0,,,-157.85,defiance,https://www.defianceetfs.com/vstl-full-holdings/,,,,,
2026-04-21,WDCX,AXS2954699CLS,CFD WESTERN DIGITAL CORP,,SWAP,232785.0,383.81,89345210.85,200.0,tradr_axs,https://axsetf.filepoint.live/assets/data/BBH_AXS_ETF_PVAL_WEB.20260421.csv,,,,,
2026-04-21,WDCX,USD,CASHUSD,CASHUSD,CASH,24495316.07,,24495316.07,54.83,tradr_axs,https://axsetf.filepoint.live/assets/data/BBH_AXS_ETF_PVAL_WEB.20260421.csv,,,,,
2026-04-21,WDCX,,NET OTHER ASSETS,,OTHER,-4931691.34,,-4931691.34,-11.04,tradr_axs,https://axsetf.filepoint.live/assets/data/BBH_AXS_ETF_PVAL_WEB.20260421.csv,,,,,
2026-04-21,WDCX,AXS2954699CLS,CFD WESTERN DIGITAL CORP,,SWAP,-64236200.33,100.0,-64236200.33,-143.79,tradr_axs,https://axsetf.filepoint.live/assets/data/BBH_AXS_ETF_PVAL_WEB.20260421.csv,,,,,
2026-10-05,WEBS,,GOLDMAN FINL SQ TRSRY INST 506,X9USDGSFC,OTHER,5175584.38,1.0,5175584.38,75.2410246706,direxion,https://www.direxion.com/holdings/WEBS.csv,,,,,
2026-10-05,WEBS,,DREYFUS GOVT CASH MAN INS,X9USDDGCM,MONEY_MARKET,2926456.69,1.0,2926456.69,42.5439107631,direxion,https://www.direxion.com/holdings/WEBS.csv,,,,,
2026-10-05,WEBS,,DJINET SWAP ASSET LEG,DJINETUBS,SWAP,-821.0,1337.0,-1097677.0,-15.9576844224,direxion,https://www.direxion.com/holdings/WEBS.csv,,,,,
2026-10-05,WEBS,,DJINET SWAP ASSET LEG,DJINETJPS,SWAP,-3067.0,1337.0,-4100579.0,-59.6129331588,direxion,https://www.direxion.com/holdings/WEBS.csv,,,,,
2026-10-05,WEBS,,DJINET SWAP ASSET LEG,DJINETMLS,SWAP,-3517.0,1337.0,-4702229.0,-68.3595324159,direxion,https://www.direxion.com/holdings/WEBS.csv,,,,,
2026-10-05,WEBS,,DJINET SWAP ASSET LEG,DJINETCTS,SWAP,-8030.0,1337.0,-10736110.0,-156.0782045208,direxion,https://www.direxion.com/holdings/WEBS.csv,,,,,
2026-04-21,WULX,AXSBNBRMS2MAR,CFD TERAWULF INC,,SWAP,1300094.0,19.77,25702858.38,200.0,tradr_axs,https://axsetf.filepoint.live/assets/data/BBH_AXS_ETF_PVAL_WEB.20260421.csv,,,,,
2026-04-21,WULX,USD,CASHUSD,CASHUSD,CASH,6197709.18,,6197709.18,48.23,tradr_axs,https://axsetf.filepoint.live/assets/data/BBH_AXS_ETF_PVAL_WEB.20260421.csv,,,,,
2026-04-21,WULX,,NET OTHER ASSETS,,OTHER,-1923538.55,,-1923538.55,-14.97,tradr_axs,https://axsetf.filepoint.live/assets/data/BBH_AXS_ETF_PVAL_WEB.20260421.csv,,,,,
2026-04-21,WULX,AXSBNBRMS2MAR,CFD TERAWULF INC,,SWAP,-17125598.28,100.0,-17125598.28,-133.26,tradr_axs,https://axsetf.filepoint.live/assets/data/BBH_AXS_ETF_PVAL_WEB.20260421.csv,,,,,
2026-10-05,XBTY,912797UL9,US TBill 10/22/2026,912797UL9,TREASURY,5900000.0,0.9981996499999999,5889377.935,59.01092326402423,granite_shares,https://graniteshares.com/media/nmyoip5y/xbty_holdings_file_20261002.xls,,,,,
2026-10-05,XBTY,,US Dollars,,CASH,3245420.982575155,1.0,3245420.982575155,32.518763556340964,granite_shares,https://graniteshares.com/media/nmyoip5y/xbty_holdings_file_20261002.xls,,,,,
2026-10-05,XBTY,912797VV6,US TBill 02/04/2027,912797VV6,TREASURY,900000.0,0.9863021100000001,887671.8990000001,8.89437541513791,granite_shares,https://graniteshares.com/media/nmyoip5y/xbty_holdings_file_20261002.xls,,,,,
2026-10-05,XBTY,BITX261007P00017630,2BITX 10/07/2026 P17.63,2BITX 10/07/2026 P17.63,OPTION_PUT,3560.0,0.029655999999999995,10557.535999999998,0.10578535689664027,granite_shares,https://graniteshares.com/media/nmyoip5y/xbty_holdings_file_20261002.xls,2BITX,2026-10-07,17.63,P,long
2026-10-05,XBTY,BITX261009P00017930,2BITX 10/09/2026 P17.93,2BITX 10/09/2026 P17.93,OPTION_PUT,290.0,0.1,2900.0,0.029057683061678104,granite_shares,https://graniteshares.com/media/nmyoip5y/xbty_holdings_file_20261002.xls,2BITX,2026-10-09,17.93,P,long
2026-10-05,XBTY,BITX261005P00017570,2BITX 10/05/2026 P17.57,2BITX 10/05/2026 P17.57,OPTION_PUT,1510.0,0.00532,803.32,0.008049178605899055,granite_shares,https://graniteshares.com/media/nmyoip5y/xbty_holdings_file_20261002.xls,2BITX,2026-10-05,17.57,P,long
2026-10-05,XBTY,BITX261005P00018540,2BITX 10/05/2026 P18.54,2BITX 10/05/2026 P18.54,OPTION_PUT,-1510.0,0.043314,-6540.414,-0.06553423348419392,granite_shares,https://graniteshares.com/media/nmyoip5y/xbty_holdings_file_20261002.xls,2BITX,2026-10-05,18.54,P,short
2026-10-05,XBTY,BITX261009P00018920,2BITX 10/09/2026 P18.92,2BITX 10/09/2026 P18.92,OPTION_PUT,-290.0,0.26,-7540.000000000001,-0.07554997596036309,granite_shares,https://graniteshares.com/media/nmyoip5y/xbty_holdings_file_20261002.xls,2BITX,2026-10-09,18.92,P,short
2026-10-05,XBTY,BITX261007P00018610,2BITX 10/07/2026 P18.61,2BITX 10/07/2026 P18.61,OPTION_PUT,-3560.0,0.119389,-42502.484,-0.425870244622774,granite_shares,https://graniteshares.com/media/nmyoip5y/xbty_holdings_file_20261002.xls,2BITX,2026-10-07,18.61,P,short
2026-10-05,XEY,912797UL9,US TBill 10/22/2026,912797UL9,TREASURY,400000.0,0.99819965,399279.86,66.23969449727647,granite_shares,https://graniteshares.com/media/t2edajp5/xey_holdings_file_20261002.xls,,,,,
2026-10-05,XEY,,US Dollars,,CASH,208237.68748305467,1.0,208237.68748305467,34.54619725046205,granite_shares,https://graniteshares.com/media/t2edajp5/xey_holdings_file_20261002.xls,,,,,
2026-10-05,XEY,ETHU261005P00027050,2ETHU 10/05/2026 P27.05,2ETHU 10/05/2026 P27.05,OPTION_PUT,210.0,0.079615,1671.9150000000002,0.277367205111257,granite_shares,https://graniteshares.com/media/t2edajp5/xey_holdings_file_20261002.xls,2ETHU,2026-10-05,27.05,P,long
2026-10-05,XEY,ETHU261005P00028560,2ETHU 10/05/2026 P28.56,2ETHU 10/05/2026 P28.56,OPTION_PUT,-210.0,0.305196,-6409.116,-1.0632589528497796,granite_shares,https://graniteshares.com/media/t2edajp5/xey_holdings_file_20261002.xls,2ETHU,2026-10-05,28.56,P,short
2026-05-01,XOMO,912797RS8,United States Treasury Bill 09/03/2026,912797RS8,TREASURY,16223000.0,98.758681,16021620.82,53.6,yieldmax,https://yieldmaxetfs.com/?fund_csv_ticker=XOMO,,,,,
2026-05-01,XOMO,912797RF6,United States Treasury Bill 07/09/2026,912797RF6,TREASURY,6320000.0,99.309521,6276361.73,21.0,yieldmax,https://yieldmaxetfs.com/?fund_csv_ticker=XOMO,,,,,
2026-05-01,XOMO,912797RG4,United States Treasury Bill 08/06/2026,912797RG4,TREASURY,6207000.0,99.035389,6147126.6,20.56,yieldmax,https://yieldmaxetfs.com/?fund_csv_ticker=XOMO,,,,,
2026-05-01,XOMO,2XOM  260618C00150010,XOM 06/18/2026 150.01 C,2XOM  260618C00150010,OPTION_CALL,2000.0,9.1269,1825380.0,6.11,yieldmax,https://yieldmaxetfs.com/?fund_csv_ticker=XOMO,,,,,
2026-05-01,XOMO,FGXXX,First American Government Obligations Fund 12/01/2031,31846V336,COMMON_STOCK,1180945.0,100.0,1180944.54,3.95,yieldmax,https://yieldmaxetfs.com/?fund_csv_ticker=XOMO,,,,,
2026-05-01,XOMO,XOM   260501C00155000,XOM US 05/01/26 C155,XOM   260501C00155000,OPTION_CALL,900.0,1.745,157050.0,0.53,yieldmax,https://yieldmaxetfs.com/?fund_csv_ticker=XOMO,,,,,
2026-05-01,XOMO,XOM   260501C00160000,XOM US 05/01/26 C160,XOM   260501C00160000,OPTION_CALL,900.0,0.475,42750.0,0.14,yieldmax,https://yieldmaxetfs.com/?fund_csv_ticker=XOMO,,,,,
2026-05-01,XOMO,Cash&Other,Cash & Other,Cash&Other,CASH,35166.0,1.0,35165.61,0.12,yieldmax,https://yieldmaxetfs.com/?fund_csv_ticker=XOMO,,,,,
2026-05-01,XOMO,XOM   260501C00157500,XOM US 05/01/26 C157.5,XOM   260501C00157500,OPTION_CALL,200.0,0.945,18900.0,0.06,yieldmax,https://yieldmaxetfs.com/?fund_csv_ticker=XOMO,,,,,
2026-05-01,XOMO,XOM   260501C00152500,XOM US 05/01/26 C152.5,XOM   260501C00152500,OPTION_CALL,-1100.0,3.275,-360250.0,-1.21,yieldmax,https://yieldmaxetfs.com/?fund_csv_ticker=XOMO,,,,,
2026-05-01,XOMO,XOM   260501C00150000,XOM US 05/01/26 C150,XOM   260501C00150000,OPTION_CALL,-900.0,5.15,-463500.0,-1.55,yieldmax,https://yieldmaxetfs.com/?fund_csv_ticker=XOMO,,,,,
2026-05-01,XOMO,2XOM  260618P00150010,XOM 06/18/2026 150.01 P,2XOM  260618P00150010,OPTION_PUT,-2000.0,4.9498,-989960.0,-3.31,yieldmax,https://yieldmaxetfs.com/?fund_csv_ticker=XOMO,,,,,
2026-05-05,XRPK,FGXXX,FIRST AMERICAN GOVERNMENT OBLI FIRST AM GOV OBLIG X,31846V336,COMMON_STOCK,316440.0,,316439.8,100.14,rex_shares,https://www.rexshares.com/XRPK/,,,,,
2026-05-05,XRPK,,XRPKCFC,,OTHER,44.0,,307760.07,97.39,rex_shares,https://www.rexshares.com/XRPK/,,,,,
2026-05-01,XYZY,912797RS8,United States Treasury Bill 09/03/2026,912797RS8,TREASURY,12685000.0,98.758681,12527538.68,32.47,yieldmax,https://yieldmaxetfs.com/?fund_csv_ticker=XYZY,,,,,
2026-05-01,XYZY,912797RG4,United States Treasury Bill 08/06/2026,912797RG4,TREASURY,11398000.0,99.035389,11288053.64,29.26,yieldmax,https://yieldmaxetfs.com/?fund_csv_ticker=XYZY,,,,,
2026-05-01,XYZY,912797RF6,United States Treasury Bill 07/09/2026,912797RF6,TREASURY,10549000.0,99.309521,10476161.37,27.16,yieldmax,https://yieldmaxetfs.com/?fund_csv_ticker=XYZY,,,,,
2026-05-01,XYZY,XYZ   260515C00070000,XYZ US 05/15/26 C70,XYZ   260515C00070000,OPTION_CALL,5445.0,4.875,2654437.5,6.88,yieldmax,https://yieldmaxetfs.com/?fund_csv_ticker=XYZY,,,,,
2026-05-01,XYZY,912797QX8,United States Treasury Bill 06/11/2026,912797QX8,TREASURY,2468000.0,99.590569,2457895.24,6.37,yieldmax,https://yieldmaxetfs.com/?fund_csv_ticker=XYZY,,,,,
2026-05-01,XYZY,912797TR8,United States Treasury Bill 05/12/2026,912797TR8,TREASURY,1112000.0,99.890894,1110786.74,2.88,yieldmax,https://yieldmaxetfs.com/?fund_csv_ticker=XYZY,,,,,
2026-05-01,XYZY,FGXXX,First American Government Obligations Fund 12/01/2031,31846V336,COMMON_STOCK,798464.0,100.0,798464.31,2.07,yieldmax,https://yieldmaxetfs.com/?fund_csv_ticker=XYZY,,,,,
2026-05-01,XYZY,XYZ   260508C00073000,BLOCK  I CLL OPT 05/26 73,XYZ   260508C00073000,OPTION_CALL,1200.0,2.905,348600.0,0.9,yieldmax,https://yieldmaxetfs.com/?fund_csv_ticker=XYZY,,,,,
2026-05-01,XYZY,XYZ   260501C00074000,XYZ US 05/01/26 C74,XYZ   260501C00074000,OPTION_CALL,2875.0,0.06,17250.0,0.04,yieldmax,https://yieldmaxetfs.com/?fund_csv_ticker=XYZY,,,,,
2026-05-01,XYZY,XYZ   260501C00075000,XYZ US 05/01/26 C75,XYZ   260501C00075000,OPTION_CALL,1370.0,0.04,5480.0,0.01,yieldmax,https://yieldmaxetfs.com/?fund_csv_ticker=XYZY,,,,,
2026-05-01,XYZY,XYZ   260501C00072000,XYZ US 05/01/26 C72,XYZ   260501C00072000,OPTION_CALL,-4245.0,0.25,-106125.0,-0.28,yieldmax,https://yieldmaxetfs.com/?fund_csv_ticker=XYZY,,,,,
2026-05-01,XYZY,Cash&Other,Cash & Other,Cash&Other,CASH,-273601.0,1.0,-273601.45,-0.71,yieldmax,https://yieldmaxetfs.com/?fund_csv_ticker=XYZY,,,,,
2026-05-01,XYZY,XYZ   260508C00070000,BLOCK  I CLL OPT 05/26 70,XYZ   260508C00070000,OPTION_CALL,-1200.0,4.3,-516000.0,-1.34,yieldmax,https://yieldmaxetfs.com/?fund_csv_ticker=XYZY,,,,,
2026-05-01,XYZY,2XYZ  260515P00070010,XYZ 05/15/2026 70.01 P,2XYZ  260515P00070010,OPTION_PUT,-5445.0,4.1194,-2243013.3,-5.81,yieldmax,https://yieldmaxetfs.com/?fund_csv_ticker=XYZY,,,,,
2026-10-05,YBST,AZYY,GRANITESHARES YIELDBOOST AMZN ETF,AZYY,ETF,3278.0,14.32,46940.96,4.973208447601415,granite_shares,https://graniteshares.com/media/bqqloej3/ybst_holdings_file_20261002.xls,,,,,
2026-10-05,YBST,FBYY,GRANITESHARES YIELDBOOST META ETF,FBYY,ETF,4412.0,10.6334,46914.5608,4.970411557114941,granite_shares,https://graniteshares.com/media/bqqloej3/ybst_holdings_file_20261002.xls,,,,,
2026-10-05,YBST,AMYY,GRANITESHARES YIELDBOOST AMD ETF,AMYY,ETF,3394.0,13.66,46362.04,4.911874170788895,granite_shares,https://graniteshares.com/media/bqqloej3/ybst_holdings_file_20261002.xls,,,,,
2026-10-05,YBST,TMYY,GRANITESHARES YIELDBOOST TMS ETF,TMYY,ETF,2081.0,22.03,45844.43,4.85703544519481,granite_shares,https://graniteshares.com/media/bqqloej3/ybst_holdings_file_20261002.xls,,,,,
2026-10-05,YBST,SMYY,GRANITESHARES YIELDBOOST SMCI ETF,SMYY,ETF,7665.0,5.95,45606.75,4.831854192322565,granite_shares,https://graniteshares.com/media/bqqloej3/ybst_holdings_file_20261002.xls,,,,,
2026-10-05,YBST,MTYY,GRANITESHARES YIELDBOOST MSTR ETF,MTYY,ETF,2589.0,17.43,45126.27,4.780949242894527,granite_shares,https://graniteshares.com/media/bqqloej3/ybst_holdings_file_20261002.xls,,,,,
2026-10-05,YBST,TSYY,GRANITESHARES YIELDBOOST TSLA ETF,TSYY,ETF,2293.0,19.67,45103.310000000005,4.778516722001114,granite_shares,https://graniteshares.com/media/bqqloej3/ybst_holdings_file_20261002.xls,,,,,
2026-10-05,YBST,CWY,GRANITESHARES YIELDBOOST CRWV ETF,CWY,ETF,2933.0,15.335,44977.555,4.765193478754104,granite_shares,https://graniteshares.com/media/bqqloej3/ybst_holdings_file_20261002.xls,,,,,
2026-10-05,YBST,HMYY,GRANITESHARES YIELDBOOST HIMS ETF,HMYY,ETF,8320.0,5.3795,44757.44,4.741873167932941,granite_shares,https://graniteshares.com/media/bqqloej3/ybst_holdings_file_20261002.xls,,,,,
2026-10-05,YBST,NVYY,GRANITESHARES YIELDBOOST NVDA ETF,NVYY,ETF,3941.0,11.32,44612.12,4.726477090570965,granite_shares,https://graniteshares.com/media/bqqloej3/ybst_holdings_file_20261002.xls,,,,,
2026-10-05,YBST,MUYY,GRANITESHARES YIELDBOOST MU ETF,MUYY,ETF,2374.0,18.71,44417.54,4.7058621116754695,granite_shares,https://graniteshares.com/media/bqqloej3/ybst_holdings_file_20261002.xls,,,,,
2026-10-05,YBST,PLYY,GRANITESHARES YIELDBOOST PLTR ETF,PLYY,ETF,5438.0,8.12,44156.56,4.67821231625895,granite_shares,https://graniteshares.com/media/bqqloej3/ybst_holdings_file_20261002.xls,,,,,
2026-10-05,YBST,BBYY,GRANITESHARES YIELDBOOST BABA ETF,BBYY,ETF,5103.0,8.6297,44037.3591,4.6655834538999,granite_shares,https://graniteshares.com/media/bqqloej3/ybst_holdings_file_20261002.xls,,,,,
2026-10-05,YBST,RGYY,GRANITESHARES YIELDBOOST RGTI ETF,RGYY,ETF,7754.0,5.6,43422.399999999994,4.600430977447577,granite_shares,https://graniteshares.com/media/bqqloej3/ybst_holdings_file_20261002.xls,,,,,
2026-10-05,YBST,IOYY,GRANITESHARES YIELDBOOST IONQ ETF,IOYY,ETF,7511.0,5.7511,43196.5121,4.576499050778611,granite_shares,https://graniteshares.com/media/bqqloej3/ybst_holdings_file_20261002.xls,,,,,
2026-10-05,YBST,HOYY,GRANITESHARES YIELDBOOST HOOD ETF,HOYY,ETF,9334.0,4.605,42983.07000000001,4.553885707234002,granite_shares,https://graniteshares.com/media/bqqloej3/ybst_holdings_file_20261002.xls,,,,,
2026-10-05,YBST,QBY,GRANITESHARES YIELDBOOST QBTS ETF,QBY,ETF,7806.0,5.47,42698.82,4.5237705476541645,granite_shares,https://graniteshares.com/media/bqqloej3/ybst_holdings_file_20261002.xls,,,,,
2026-10-05,YBST,RTYY,GRANITESHARES YIELDBOOST RIOT ETF,RTYY,ETF,5401.0,7.695,41560.695,4.403190720048884,granite_shares,https://graniteshares.com/media/bqqloej3/ybst_holdings_file_20261002.xls,,,,,
2026-10-05,YBST,MAAY,GRANITESHARES YIELDBOOST MARA ETF,MAAY,ETF,8774.0,4.72,41413.28,4.387572685749987,granite_shares,https://graniteshares.com/media/bqqloej3/ybst_holdings_file_20261002.xls,,,,,
2026-10-05,YBST,CRY,GRANITESHARES YIELDBOOST CRCL ETF,CRY,OTHER,2662.0,15.431,41077.322,4.351979268750435,granite_shares,https://graniteshares.com/media/bqqloej3/ybst_holdings_file_20261002.xls,,,,,
2026-10-05,YBST,COYY,GRANITESHARES YIELDBOOST COIN ETF,COYY,ETF,2850.0,14.33,40840.5,4.326888917573599,granite_shares,https://graniteshares.com/media/bqqloej3/ybst_holdings_file_20261002.xls,,,,,
2026-10-05,YBST,,US Dollars,,CASH,17827.29086791929,1.0,17827.29086791929,1.888730727752133,granite_shares,https://graniteshares.com/media/bqqloej3/ybst_holdings_file_20261002.xls,,,,,
2026-10-05,YBTY,SMYY,GRANITESHARES YIELDBOOST SMCI ETF,SMYY,ETF,34836.0,5.95,207274.2,12.945509517087256,granite_shares,https://graniteshares.com/media/gjukh1wg/ybty_holdings_file_20261002.xls,,,,,
2026-10-05,YBTY,MUYY,GRANITESHARES YIELDBOOST MU ETF,MUYY,ETF,10792.0,18.71,201918.32,12.611002880408028,granite_shares,https://graniteshares.com/media/gjukh1wg/ybty_holdings_file_20261002.xls,,,,,
2026-10-05,YBTY,RGYY,GRANITESHARES YIELDBOOST RGTI ETF,RGYY,ETF,35241.0,5.6,197349.59999999998,12.325659078618385,granite_shares,https://graniteshares.com/media/gjukh1wg/ybty_holdings_file_20261002.xls,,,,,
2026-10-05,YBTY,IOYY,GRANITESHARES YIELDBOOST IONQ ETF,IOYY,ETF,34136.0,5.7511,196319.5496,12.261326290185096,granite_shares,https://graniteshares.com/media/gjukh1wg/ybty_holdings_file_20261002.xls,,,,,
2026-10-05,YBTY,HOYY,GRANITESHARES YIELDBOOST HOOD ETF,HOYY,ETF,42423.0,4.605,195357.915,12.201266476343044,granite_shares,https://graniteshares.com/media/gjukh1wg/ybty_holdings_file_20261002.xls,,,,,
2026-10-05,YBTY,QBY,GRANITESHARES YIELDBOOST QBTS ETF,QBY,ETF,35476.0,5.47,194053.72,12.119811723244792,granite_shares,https://graniteshares.com/media/gjukh1wg/ybty_holdings_file_20261002.xls,,,,,
2026-10-05,YBTY,RTYY,GRANITESHARES YIELDBOOST RIOT ETF,RTYY,ETF,24546.0,7.695,188881.47,11.796773874830688,granite_shares,https://graniteshares.com/media/gjukh1wg/ybty_holdings_file_20261002.xls,,,,,
2026-10-05,YBTY,COYY,GRANITESHARES YIELDBOOST COIN ETF,COYY,ETF,12951.0,14.329999999999998,185587.83,11.591066420811522,granite_shares,https://graniteshares.com/media/gjukh1wg/ybty_holdings_file_20261002.xls,,,,,
2026-10-05,YBTY,,US Dollars,,CASH,34385.56827269485,1.0,34385.56827269485,2.147583738471188,granite_shares,https://graniteshares.com/media/gjukh1wg/ybty_holdings_file_20261002.xls,,,,,
2026-10-05,YINN,,FXI SWAP ASSET LEG,FXICTL,SWAP,12001661.0,33.19,398335128.59,73.9664397249,direxion,https://www.direxion.com/holdings/YINN.csv,,,,,
2026-10-05,YINN,FXI,ISHARES CHINA LARGE-CAP ETF,464287184,COMMON_STOCK,10205631.0,33.19,338724892.89,62.897476459,direxion,https://www.direxion.com/holdings/YINN.csv,,,,,
2026-10-05,YINN,,FXI SWAP ASSET LEG,FXIUBL,SWAP,9286969.0,33.19,308234501.11,57.2357470158,direxion,https://www.direxion.com/holdings/YINN.csv,,,,,
2026-10-05,YINN,,FXI SWAP ASSET LEG,FXISGL,SWAP,5250000.0,33.19,174247500.0,32.3558387923,direxion,https://www.direxion.com/holdings/YINN.csv,,,,,
2026-10-05,YINN,,FXI SWAP ASSET LEG,FXIBCL,SWAP,5239860.0,33.19,173910953.4,32.2933458008,direxion,https://www.direxion.com/holdings/YINN.csv,,,,,
2026-10-05,YINN,,GOLDMAN FINL SQ TRSRY INST 506,X9USDGSFC,OTHER,148704408.44,1.0,148704408.44,27.612768431,direxion,https://www.direxion.com/holdings/YINN.csv,,,,,
2026-10-05,YINN,,FXI SWAP ASSET LEG,FXIMLL,SWAP,3794566.0,33.19,125941645.54,23.3859744348,direxion,https://www.direxion.com/holdings/YINN.csv,,,,,
2026-10-05,YINN,,DREYFUS GOVT CASH MAN INS,X9USDDGCM,MONEY_MARKET,110697885.54,1.0,110697885.54,20.5553763421,direxion,https://www.direxion.com/holdings/YINN.csv,,,,,
2026-10-05,YINN,,FXI SWAP ASSET LEG,FXIGSL,SWAP,2412416.0,33.19,80068087.04,14.8677606087,direxion,https://www.direxion.com/holdings/YINN.csv,,,,,
2026-10-05,YINN,,DREYFUS TRSRY SECURITIES CASH MGMT,X9USDDTP3,CASH,62353297.29,1.0,62353297.29,11.5783195471,direxion,https://www.direxion.com/holdings/YINN.csv,,,,,
2026-10-05,YINN,,GOLDMAN SACHS FIN GOV 465 INSTITUT,X9USDGLDS,OTHER,39060609.21,1.0,39060609.21,7.25312429,direxion,https://www.direxion.com/holdings/YINN.csv,,,,,
2026-10-05,YINN,,FXI SWAP ASSET LEG,FXIBPL,SWAP,386226.0,33.19,12818840.94,2.3803173702,direxion,https://www.direxion.com/holdings/YINN.csv,,,,,
2026-10-05,YINN,,FXI SWAP ASSET LEG,FXINML,SWAP,100000.0,33.19,3319000.0,0.6163016913,direxion,https://www.direxion.com/holdings/YINN.csv,,,,,
2026-10-05,YSPY,,US Dollars,,CASH,4288381.788544177,1.0,4288381.788544177,51.457994103884964,granite_shares,https://graniteshares.com/media/pthdtfgx/yspy_holdings_file_20261002.xls,,,,,
2026-10-05,YSPY,912797UL9,US TBill 10/22/2026,912797UL9,TREASURY,2300000.0,0.9981996499999999,2295859.195,27.548925152899322,granite_shares,https://graniteshares.com/media/pthdtfgx/yspy_holdings_file_20261002.xls,,,,,
2026-10-05,YSPY,912797VV6,US TBill 02/04/2027,912797VV6,TREASURY,1800000.0,0.9863021100000001,1775343.7980000002,21.303054437432962,granite_shares,https://graniteshares.com/media/pthdtfgx/yspy_holdings_file_20261002.xls,,,,,
2026-10-05,YSPY,SPXL261009P00259790,2SPXL 10/09/2026 P259.79,2SPXL 10/09/2026 P259.79,OPTION_PUT,260.0,0.35,9100.0,0.10919450959246821,granite_shares,https://graniteshares.com/media/pthdtfgx/yspy_holdings_file_20261002.xls,2SPXL,2026-10-09,259.79,P,long
2026-10-05,YSPY,SPXL261007P00252990,2SPXL 10/07/2026 P252.99,2SPXL 10/07/2026 P252.99,OPTION_PUT,50.0,0.070492,352.46,0.004229307346259488,granite_shares,https://graniteshares.com/media/pthdtfgx/yspy_holdings_file_20261002.xls,2SPXL,2026-10-07,252.99,P,long
2026-10-05,YSPY,SPXL261007P00267050,2SPXL 10/07/2026 P267.05,2SPXL 10/07/2026 P267.05,OPTION_PUT,-50.0,0.29698,-1484.9,-0.01781790409822594,granite_shares,https://graniteshares.com/media/pthdtfgx/yspy_holdings_file_20261002.xls,2SPXL,2026-10-07,267.05,P,short
2026-10-05,YSPY,SPXL261009P00274220,2SPXL 10/09/2026 P274.22,2SPXL 10/09/2026 P274.22,OPTION_PUT,-260.0,1.3,-33800.0,-0.40557960705773904,granite_shares,https://graniteshares.com/media/pthdtfgx/yspy_holdings_file_20261002.xls,2SPXL,2026-10-09,274.22,P,short
2026-08-27,ZETX,Cash&Other,Cash & Other,Cash&Other,CASH,5301356.0,,,96.22,defiance,https://www.defianceetfs.com/zetx-full-holdings/,,,,,
2026-08-27,ZETX,FGXXX,First American Government Obligations Fund 12/01/2031,31846V336,COMMON_STOCK,197740.0,,,3.59,defiance,https://www.defianceetfs.com/zetx-full-holdings/,,,,,
